銘柄コード,企業名,価格,利回り(%),年間配当,セクター,配当内訳
1301,極洋,4715.0,339,160.0,生活必需品,ex:2026-03-30|pay:2026-06:150.0
1305,ｉＦｒｅｅＥＴＦ　ＴＯＰＩＸ（年１回決算型）,4351.0,182,79.4,,ex:2026-07-10|pay:2026-10:79.4
1306,ＮＥＸＴ　ＦＵＮＤＳ　ＴＯＰＩＸ連動型上場投信,430.3,184,7.9,,ex:2026-07-10|pay:2026-10:7.9
1308,上場インデックスファンドＴＯＰＩＸ,4250.0,188,80.0,,ex:2026-07-08|pay:2026-10:80.0
1309,ＮＥＸＴ　ＦＵＮＤＳ　ＣｈｉｎａＡＭＣ・中国株式・上証５０連動型上場投信,54760.0,0,0.0,,
130A,Ｖｅｒｉｔａｓ　Ｉｎ　Ｓｉｌｉｃｏ,430.0,0,0.0,ヘルスケア,
1311,ＮＥＸＴ　ＦＵＮＤＳ　ＴＯＰＩＸ　Ｃｏｒｅ　３０連動型上場投信,2155.0,223,48.0,,ex:2026-07-15|pay:2026-10:48.0
1319,ＮＥＸＴ　ＦＵＮＤＳ　日経３００株価指数連動型上場投信,750.4,183,13.733,,ex:2026-07-10|pay:2026-10:13.733
131A,ＣＣＮグループ,1737.0,115,20.0,,ex:2026-03-30|pay:2026-06:20.0
1320,ｉＦｒｅｅＥＴＦ　日経２２５（年１回決算型）,68480.0,117,800.0,,ex:2026-07-10|pay:2026-10:800.0
1321,ＮＥＸＴ　ＦＵＮＤＳ　日経２２５連動型上場投信,68730.0,118,812.0,,ex:2026-07-08|pay:2026-10:812.0
1322,上場インデックスファンド中国Ａ株（パンダ）Ｅ　Ｆｕｎｄ　ＣＳＩ３００,11395.0,0,0.0,,
1325,ＮＥＸＴ　ＦＵＮＤＳ　ブラジル株式指数・ボベスパ連動型上場投信,293.7,412,12.1,,ex:2026-07-08|pay:2026-10:12.1
1326,ＳＰＤＲゴールド・シェア,61960.0,0,0.0,,
1328,ＮＥＸＴ　ＦＵＮＤＳ　金価格連動型上場投信,15980.0,0,0.0,,
1329,ｉシェアーズ・コア　日経２２５　ＥＴＦ,6874.0,125,86.0,,"ex:2026-02-09|pay:2026-05:44.0, ex:2026-08-09|pay:2026-11:42.0"
132A,アイエヌホールディングス,220.0,0,0.0,,
1330,上場インデックスファンド２２５,68890.0,120,829.0,,ex:2026-07-08|pay:2026-10:829.0
1332,ニッスイ,1158.0,276,32.0,生活必需品,"ex:2025-09-29|pay:2025-12:14.0, ex:2026-03-30|pay:2026-06:18.0"
1333,マルハニチロ,1291.0,349,45.0,生活必需品,"ex:2025-09-29|pay:2025-12:16.6667, ex:2026-03-30|pay:2026-06:28.0"
133A,グローバルＸ　超短期米国債　ＥＴＦ,1064.0,357,38.0,,"ex:2025-11-24|pay:2026-02:7.0, ex:2026-01-24|pay:2026-04:3.0, ex:2026-03-24|pay:2026-06:7.0, ex:2026-05-24|pay:2026-08:4.0, ex:2026-07-24|pay:2026-10:7.0, ex:2026-09-24|pay:2026-12:10.0"
1343,ＮＥＸＴ　ＦＵＮＤＳ　東証ＲＥＩＴ　指数連動型上場投信,1877.0,495,92.9,,"ex:2025-11-10|pay:2026-02:23.1, ex:2026-02-10|pay:2026-05:25.5, ex:2026-05-10|pay:2026-08:23.7, ex:2026-08-10|pay:2026-11:20.6"
1345,上場インデックスファンドＪリート（東証ＲＥＩＴ指数）隔月分配型,1757.0,485,85.23,,"ex:2025-11-08|pay:2026-02:7.34, ex:2026-01-08|pay:2026-04:15.27, ex:2026-03-08|pay:2026-06:21.62, ex:2026-05-08|pay:2026-08:7.0, ex:2026-07-08|pay:2026-10:13.0, ex:2026-09-08|pay:2026-12:21.0"
1346,ＭＡＸＩＳ　日経２２５上場投信,68710.0,115,791.0,,"ex:2026-01-16|pay:2026-04:368.0, ex:2026-07-16|pay:2026-10:423.0"
1348,ＭＡＸＩＳ　トピックス上場投信,4285.0,182,78.0,,"ex:2026-01-16|pay:2026-04:35.0, ex:2026-07-16|pay:2026-10:43.0"
1349,ＡＢＦ汎アジア債券インデックス・ファンド,17485.0,268,468.0765,,"ex:2026-01-22|pay:2026-04:221.788, ex:2026-07-22|pay:2026-10:246.2885"
134A,アプライズ,1500.0,0,0.0,,
1356,ＴＯＰＩＸベア２倍上場投信,103.1,0,0.0,,
1357,ＮＥＸＴ　ＦＵＮＤＳ　日経平均ダブルインバース・インデックス連動型上場投信,2705.0,0,0.0,,
1358,上場インデックスファンド日経レバレッジ指数,132750.0,47,621.0,,ex:2026-07-10|pay:2026-10:621.0
135A,ＶＲＡＩＮ　Ｓｏｌｕｔｉｏｎ,4865.0,0,0.0,情報技術,
1360,日経平均ベア２倍上場投信,66.3,0,0.0,,
1364,ｉシェアーズ　ＪＰＸ日経４００　ＥＴＦ,3789.0,179,68.0,,"ex:2026-02-09|pay:2026-05:33.0, ex:2026-08-09|pay:2026-11:35.0"
1365,ｉＦｒｅｅＥＴＦ　日経平均レバレッジ・インデックス,4288.0,0,0.0,,
1366,ｉＦｒｅｅＥＴＦ　日経平均ダブルインバース・インデックス,68.0,0,0.0,,
1367,ｉＦｒｅｅＥＴＦ　ＴＯＰＩＸレバレッジ（２倍）指数,3138.0,0,0.0,,
1368,ｉＦｒｅｅＥＴＦ　ＴＯＰＩＸダブルインバース（－２倍）指数,149.0,0,0.0,,
1369,Ｏｎｅ　ＥＴＦ　日経２２５,66800.0,122,815.0,,"ex:2026-01-08|pay:2026-04:355.0, ex:2026-07-08|pay:2026-10:460.0"
136A,三興商事,4330.0,0,0.0,,
1375,ユキグニファクトリー,1177.0,170,20.0,生活必需品,"ex:2025-09-29|pay:2025-12:4.0, ex:2026-03-30|pay:2026-06:19.0"
1376,カネコ種苗,1602.0,300,48.0,素材,"ex:2025-11-27|pay:2026-02:11.0, ex:2026-05-28|pay:2026-08:37.0"
1377,サカタのタネ,4390.0,228,100.0,生活必需品,"ex:2025-11-27|pay:2026-02:35.0, ex:2026-05-28|pay:2026-08:50.0"
1379,ホクト,2125.0,292,62.0,生活必需品,"ex:2025-09-29|pay:2025-12:10.0, ex:2026-03-30|pay:2026-06:45.0"
137A,Ｃｏｃｏｌｉｖｅ,709.0,0,0.0,,
1380,秋川牧園,998.0,100,10.0,生活必需品,ex:2026-03-30|pay:2026-06:10.0
1381,アクシーズ,3595.0,334,120.0,生活必需品,ex:2026-06-29|pay:2026-09:120.0
1382,ホーブ,883.0,566,50.0,生活必需品,ex:2026-06-29|pay:2026-09:50.0
1383,ベルグアース,3045.0,33,10.0,生活必需品,ex:2025-10-30|pay:2026-01:10.0
1384,ホクリヨウ,2144.0,373,80.0,生活必需品,ex:2026-03-30|pay:2026-06:130.0
138A,光フードサービス,3125.0,154,48.0,一般消費財,ex:2025-11-27|pay:2026-02:40.0
1397,ＳＭＤＡＭ　日経２２５上場投信,67200.0,115,770.0,,"ex:2025-10-08|pay:2026-01:360.0, ex:2026-04-08|pay:2026-07:410.0"
1398,ＳＭＤＡＭ　東証ＲＥＩＴ指数上場投信,1773.0,492,87.3,,"ex:2025-12-08|pay:2026-03:12.9, ex:2026-03-08|pay:2026-06:32.2, ex:2026-06-08|pay:2026-09:13.7, ex:2026-09-08|pay:2026-12:28.5"
1399,上場インデックスファンドＭＳＣＩ日本株高配当低ボラティリティ,3229.0,229,74.0,,"ex:2025-10-08|pay:2026-01:30.0, ex:2026-01-08|pay:2026-04:4.0, ex:2026-04-08|pay:2026-07:34.0, ex:2026-07-08|pay:2026-10:6.0"
139A,東日本地所,3350.0,0,0.0,,
1401,エムビーエス,1449.0,104,15.0,資本財,ex:2026-05-28|pay:2026-08:15.0
1407,ウエストホールディングス,2167.0,323,70.0,公益事業,"ex:2026-02-26|pay:2026-05:35.0, ex:2026-08-28|pay:2026-11:35.0"
140A,ｉＦｒｅｅＥＴＦ　米国１０年国債先物インバース,2084.0,0,0.0,,
1414,ショーボンドホールディングス,1265.5,367,46.5,資本財,"ex:2025-12-29|pay:2026-03:20.5, ex:2026-06-29|pay:2026-09:25.25"
1417,ミライト・ワン,3580.0,265,95.0,資本財,"ex:2025-09-29|pay:2025-12:40.0, ex:2026-03-30|pay:2026-06:45.0"
1418,インターライフホールディングス,592.0,507,30.0,資本財,"ex:2026-02-26|pay:2026-05:20.0, ex:2026-08-28|pay:2026-11:15.0"
1419,タマホーム,2915.0,446,130.0,一般消費財,ex:2026-05-28|pay:2026-08:125.0
141A,トライアルホールディングス,3640.0,47,17.0,生活必需品,ex:2026-06-29|pay:2026-09:17.0
1420,サンヨーホームズ,632.0,396,25.0,一般消費財,ex:2026-03-30|pay:2026-06:25.0
1429,日本アクア,808.0,433,35.0,資本財,ex:2025-12-29|pay:2026-03:35.0
142A,ジンジブ,925.0,0,0.0,資本財,
1430,ファーストコーポレーション,1067.0,478,51.0,一般消費財,ex:2026-05-28|pay:2026-08:48.0
1431,Ｌｉｂ　Ｗｏｒｋ,648.0,99,6.4,不動産,"ex:2025-09-29|pay:2025-12:1.6, ex:2025-12-29|pay:2026-03:1.6, ex:2026-03-30|pay:2026-06:1.6, ex:2026-06-29|pay:2026-09:1.6"
1432,動力,174.0,0,0.0,,
1433,ベステラ,1207.0,331,40.0,資本財,"ex:2026-01-29|pay:2026-04:25.0, ex:2026-07-30|pay:2026-10:15.0"
1434,ＪＥＳＣＯホールディングス,1633.0,294,48.0,資本財,ex:2026-08-28|pay:2026-11:48.0
1435,ｒｏｂｏｔ　ｈｏｍｅ,179.0,112,2.0,不動産,"ex:2025-12-29|pay:2026-03:1.0, ex:2026-06-29|pay:2026-09:1.0"
1436,グリーンエナジー＆カンパニー,1722.0,64,11.0,資本財,ex:2026-04-28|pay:2026-07:5.0
1438,岐阜造園,2298.0,174,40.0,資本財,"ex:2025-09-29|pay:2025-12:18.0, ex:2026-03-30|pay:2026-06:20.0"
143A,イシン,707.0,0,0.0,コミュニケーション・サービス,
1443,技研ホールディングス,274.0,40,1.1,資本財,ex:2026-03-30|pay:2026-06:1.1
1444,ニッソウ,2796.0,0,0.0,一般消費財,
1445,ひかりホールディングス,2900.0,0,0.0,,
1446,キャンディル,538.0,186,10.0,資本財,ex:2025-09-29|pay:2025-12:8.0
1447,ＳＡＡＦホールディングス,327.0,147,4.8,情報技術,ex:2026-03-30|pay:2026-06:4.5
144A,エネルギーパワー,450.0,0,0.0,,
1450,ＴＡＮＡＫＥＮ,1474.0,373,55.0,資本財,ex:2026-03-30|pay:2026-06:55.0
1452,横浜ライト工業,18530.0,0,0.0,,
1456,ｉＦｒｅｅＥＴＦ　日経平均インバース・インデックス,1251.0,0,0.0,,
1457,ｉＦｒｅｅＥＴＦ　ＴＯＰＩＸインバース（－１倍）指数,1746.0,0,0.0,,
1458,楽天ＥＴＦ‐日経レバレッジ指数連動型,83070.0,0,0.0,,
1459,楽天ＥＴＦ‐日経ダブルインバース指数連動型,110.0,0,0.0,,
145A,Ｌ　ｉｓ　Ｂ,884.0,0,0.0,情報技術,
1466,ｉＦｒｅｅＥＴＦ　ＪＰＸ日経４００ダブルインバース・インデックス,196.0,0,0.0,,
1469,ＪＰＸ日経４００ベア２倍上場投信（ダブルインバース）,181.5,0,0.0,,
146A,コロンビア・ワークス,3695.0,254,94.0,不動産,ex:2025-12-29|pay:2026-03:78.0
1472,ＮＥＸＴ　ＦＵＮＤＳ　ＪＰＸ日経４００ダブルインバース・インデックス連動型上場投信,76.0,0,0.0,,
1473,Ｏｎｅ　ＥＴＦ　トピックス,4201.0,175,73.5,,"ex:2026-01-08|pay:2026-04:32.3, ex:2026-07-08|pay:2026-10:41.2"
1474,Ｏｎｅ　ＥＴＦ　ＪＰＸ日経４００,37430.0,165,619.0,,"ex:2026-01-08|pay:2026-04:291.0, ex:2026-07-08|pay:2026-10:328.0"
1475,ｉシェアーズ・コア　ＴＯＰＩＸ　ＥＴＦ,424.5,184,7.8,,"ex:2026-02-09|pay:2026-05:3.4, ex:2026-08-09|pay:2026-11:4.4"
1476,ｉシェアーズ・コア　Ｊリート　ＥＴＦ,1798.0,501,90.0,,"ex:2025-11-09|pay:2026-02:23.0, ex:2026-02-09|pay:2026-05:24.0, ex:2026-05-09|pay:2026-08:23.0, ex:2026-08-09|pay:2026-11:20.0"
1477,ｉシェアーズ　ＭＳＣＩ　日本株最小分散　ＥＴＦ,3373.0,225,76.0,,"ex:2026-02-09|pay:2026-05:36.0, ex:2026-08-09|pay:2026-11:40.0"
1478,ｉシェアーズ　ＭＳＣＩ　ジャパン高配当利回り　ＥＴＦ,5387.0,271,146.0,,"ex:2026-02-09|pay:2026-05:58.0, ex:2026-08-09|pay:2026-11:88.0"
1479,ｉＦｒｅｅＥＴＦ　ＭＳＣＩ日本株人材設備投資指数,52400.0,160,837.0,,"ex:2026-01-10|pay:2026-04:380.0, ex:2026-07-10|pay:2026-10:457.0"
147A,ソラコム,985.0,0,0.0,情報技術,
1480,ＮＥＸＴ　ＦＵＮＤＳ　野村企業価値分配指数連動型上場投信,40850.0,156,637.0,,"ex:2025-10-20|pay:2026-01:307.0, ex:2026-04-20|pay:2026-07:330.0"
1481,上場インデックスファンド日本経済貢献株,3913.0,202,79.0,,"ex:2026-01-08|pay:2026-04:39.0, ex:2026-07-08|pay:2026-10:40.0"
1482,ｉシェアーズ・コア　米国債７－１０年　ＥＴＦ（為替ヘッジあり）,1490.0,456,68.0,,"ex:2025-10-11|pay:2026-01:17.0, ex:2026-01-11|pay:2026-04:16.0, ex:2026-04-11|pay:2026-07:18.0, ex:2026-07-11|pay:2026-10:17.0"
1483,ｉシェアーズ　ＪＰＸ／Ｓ＆Ｐ設備・人材投資　ＥＴＦ,3856.0,195,75.0,,"ex:2026-02-09|pay:2026-05:34.0, ex:2026-08-09|pay:2026-11:41.0"
1484,Ｏｎｅ　ＥＴＦ　ＪＰＸ／Ｓ＆Ｐ　設備・人材投資指数,3890.0,195,75.8,,"ex:2026-01-08|pay:2026-04:35.1, ex:2026-07-08|pay:2026-10:40.7"
1485,ＭＡＸＩＳ　ＪＡＰＡＮ　設備・人材積極投資企業２００上場投信,54400.0,148,803.0,,"ex:2026-01-16|pay:2026-04:346.0, ex:2026-07-16|pay:2026-10:457.0"
1486,上場インデックスファンド米国債券（為替ヘッジなし）,22695.0,571,1295.0,,"ex:2026-01-10|pay:2026-04:600.0, ex:2026-07-10|pay:2026-10:695.0"
1487,上場インデックスファンド米国債券（為替ヘッジあり）,11395.0,488,556.0,,"ex:2026-01-10|pay:2026-04:278.0, ex:2026-07-10|pay:2026-10:278.0"
1488,ｉＦｒｅｅＥＴＦ　東証ＲＥＩＴ指数,1790.0,492,88.0,,"ex:2025-12-04|pay:2026-03:13.0, ex:2026-03-04|pay:2026-06:32.0, ex:2026-06-04|pay:2026-09:14.0, ex:2026-09-04|pay:2026-12:29.0"
1489,ＮＥＸＴ　ＦＵＮＤＳ　日経平均高配当株５０指数連動型上場投信,3585.0,262,94.0,,"ex:2025-10-07|pay:2026-01:39.0, ex:2026-01-07|pay:2026-04:8.0, ex:2026-04-07|pay:2026-07:38.0, ex:2026-07-07|pay:2026-10:9.0"
148A,ハッチ・ワーク,1810.0,0,0.0,資本財,
1490,上場インデックスファンドＭＳＣＩ日本株高配当低ボラティリティ（βヘッジ）,7990.0,208,166.0,,"ex:2025-10-08|pay:2026-01:75.0, ex:2026-01-08|pay:2026-04:5.0, ex:2026-04-08|pay:2026-07:75.0, ex:2026-07-08|pay:2026-10:11.0"
1491,中外鉱業,739.0,460,34.0,素材,ex:2026-03-30|pay:2026-06:34.0
1493,Ｏｎｅ　ＥＴＦ　ＪＰＸ日経中小型,25945.0,169,439.0,,"ex:2026-01-08|pay:2026-04:332.0, ex:2026-07-08|pay:2026-10:107.0"
1494,Ｏｎｅ　ＥＴＦ　高配当日本株,44290.0,283,1255.0,,"ex:2025-10-08|pay:2026-01:567.0, ex:2026-04-08|pay:2026-07:688.0"
1495,上場インデックスファンドアジアリート,11000.0,565,622.0,,"ex:2025-10-20|pay:2026-01:116.0, ex:2026-01-20|pay:2026-04:134.0, ex:2026-04-20|pay:2026-07:90.0, ex:2026-07-20|pay:2026-10:141.0, ex:2026-07-21|pay:2026-10:141.0"
1496,ｉシェアーズ　米ドル建て投資適格社債　ＥＴＦ（為替ヘッジあり）,1595.0,476,76.0,,"ex:2025-10-11|pay:2026-01:19.0, ex:2026-01-11|pay:2026-04:19.0, ex:2026-04-11|pay:2026-07:20.0, ex:2026-07-11|pay:2026-10:18.0"
1497,ｉシェアーズ　米ドル建てハイイールド社債　ＥＴＦ（為替ヘッジあり）,1710.0,608,104.0,,"ex:2025-10-11|pay:2026-01:26.0, ex:2026-01-11|pay:2026-04:26.0, ex:2026-04-11|pay:2026-07:26.0, ex:2026-07-11|pay:2026-10:26.0"
1498,Ｏｎｅ　ＥＴＦ　ＥＳＧ,33040.0,169,560.0,,"ex:2026-01-08|pay:2026-04:273.0, ex:2026-07-08|pay:2026-10:287.0"
1499,ＭＡＸＩＳ日本株高配当７０マーケットニュートラル上場投信,9418.0,289,272.0,,"ex:2025-10-10|pay:2026-01:120.0, ex:2026-01-10|pay:2026-04:18.0, ex:2026-04-10|pay:2026-07:116.0, ex:2026-07-10|pay:2026-10:18.0"
149A,シンカ,805.0,0,0.0,情報技術,
150A,ＪＳＨ,794.0,76,6.0,資本財,
1514,住石ホールディングス,643.0,233,15.0,エネルギー,ex:2026-03-30|pay:2026-06:20.0
1515,日鉄鉱業,3245.0,191,62.0,素材,"ex:2025-09-29|pay:2025-12:23.4, ex:2026-03-30|pay:2026-06:48.0"
1518,三井松島ホールディングス,2300.0,565,130.0,エネルギー,"ex:2025-09-29|pay:2025-12:23.0, ex:2026-03-30|pay:2026-06:41.0"
151A,ダイブ,632.0,0,0.0,資本財,
152A,オプティ,1186.0,0,0.0,,
153A,カウリス,1649.0,33,5.5,情報技術,ex:2025-12-29|pay:2026-03:4.8
1540,純金上場信託（現物国内保管型）,20335.0,0,0.0,,
1541,純プラチナ上場信託（現物国内保管型）,8071.0,0,0.0,,
1542,純銀上場信託（現物国内保管型）,29255.0,0,0.0,,
1543,純パラジウム上場信託（現物国内保管型）,57400.0,0,0.0,,
1545,ＮＥＸＴ　ＦＵＮＤＳ　ＮＡＳＤＡＱ－１００（為替ヘッジなし）連動型上場投信,243.9,25,0.6,,ex:2026-08-10|pay:2026-11:0.6
1546,ＮＥＸＴ　ＦＵＮＤＳ　ダウ・ジョーンズ工業株３０種平均株価（為替ヘッジなし）連動型上場投信,79000.0,96,756.0,,ex:2026-08-10|pay:2026-11:756.0
1547,上場インデックスファンド米国株式（Ｓ＆Ｐ５００）,13285.0,82,109.0,,ex:2026-01-20|pay:2026-04:109.0
154A,ＧＡＩＡ,6610.0,26,17.0,,ex:2025-12-29|pay:2026-03:17.0
1550,ＭＡＸＩＳ　海外株式（ＭＳＣＩコクサイ）上場投信,8083.0,105,85.0,,"ex:2025-12-08|pay:2026-03:34.0, ex:2026-06-08|pay:2026-09:51.0"
1551,東証スタンダードＴＯＰ２０ＥＴＦ,7183.0,125,90.0,,ex:2026-07-08|pay:2026-10:90.0
1554,上場インデックスファンド世界株式（ＭＳＣＩ　ＡＣＷＩ）除く日本,6834.0,102,70.0,,ex:2026-01-20|pay:2026-04:70.0
1555,上場インデックスファンド豪州リート（Ｓ＆Ｐ／ＡＳＸ２００　Ａ－ＲＥＩＴ）,2234.0,228,51.0,,"ex:2025-11-10|pay:2026-02:9.0, ex:2026-01-10|pay:2026-04:8.0, ex:2026-03-10|pay:2026-06:9.0, ex:2026-05-10|pay:2026-08:8.0, ex:2026-07-10|pay:2026-10:9.0, ex:2026-09-10|pay:2026-12:8.0"
1557,Ｓｔａｔｅ　Ｓｔｒｅｅｔ　ＳＰＤＲ　Ｓ＆Ｐ　５００　ＥＴＦ,121600.0,99,1203.636,,"ex:2025-12-19|pay:2026-03:313.9056, ex:2026-03-20|pay:2026-06:286.1811, ex:2026-06-18|pay:2026-09:306.1996, ex:2026-09-18|pay:2026-12:297.3497"
1559,ＮＥＸＴ　ＦＵＮＤＳ　タイ株式ＳＥＴ５０指数連動型上場投信,4749.0,333,158.0,,ex:2026-08-10|pay:2026-11:158.0
155A,情報戦略テクノロジー,800.0,0,0.0,情報技術,
1560,ＮＥＸＴ　ＦＵＮＤＳ　ＦＴＳＥブルサ・マレーシアＫＬＣＩ連動型上場投信,6279.0,338,212.0,,ex:2026-08-10|pay:2026-11:212.0
1563,東証グロース・コアＥＴＦ,2456.0,0,0.0,,
1566,上場インデックスファンド新興国債券,52490.0,540,2835.0,,"ex:2025-11-10|pay:2026-02:422.0, ex:2026-01-10|pay:2026-04:474.0, ex:2026-03-10|pay:2026-06:470.0, ex:2026-05-10|pay:2026-08:485.0, ex:2026-07-10|pay:2026-10:485.0, ex:2026-09-10|pay:2026-12:499.0"
1568,ＴＯＰＩＸブル２倍上場投信,1016.0,0,0.0,,
1569,ＴＯＰＩＸベア上場投信,729.0,0,0.0,,
156A,マテリアルグループ,874.0,299,26.1,コミュニケーション・サービス,ex:2026-08-28|pay:2026-11:26.1
1570,ＮＥＸＴ　ＦＵＮＤＳ　日経平均レバレッジ・インデックス連動型上場投信,69540.0,0,0.0,,
1571,ＮＥＸＴ　ＦＵＮＤＳ　日経平均インバース・インデックス連動型上場投信,294.0,0,0.0,,
1572,中国Ｈ株ブル２倍上場投信,6555.0,0,0.0,,
1573,中国Ｈ株ベア上場投信,8530.0,0,0.0,,
1577,ＮＥＸＴ　ＦＵＮＤＳ　野村日本株高配当７０連動型上場投信,60900.0,251,1529.0,,"ex:2025-10-07|pay:2026-01:626.0, ex:2026-01-07|pay:2026-04:83.0, ex:2026-04-07|pay:2026-07:720.0, ex:2026-07-07|pay:2026-10:100.0"
1578,上場インデックスファンド日経２２５（ミニ）,5305.0,113,60.0,,"ex:2026-01-08|pay:2026-04:29.0, ex:2026-07-08|pay:2026-10:31.0"
1579,日経平均ブル２倍上場投信,751.0,0,0.0,,
157A,グリーンモンスター,769.0,130,10.0,情報技術,ex:2026-06-29|pay:2026-09:10.0
1580,日経平均ベア上場投信,780.0,0,0.0,,
1585,ｉＦｒｅｅＥＴＦ　ＴＯＰＩＸ　Ｅｘ－Ｆｉｎａｎｃｉａｌｓ,2672.0,131,35.1,,"ex:2026-01-10|pay:2026-04:11.9, ex:2026-07-10|pay:2026-10:23.2"
1586,上場インデックスファンドＴＯＰＩＸ　Ｅｘ－Ｆｉｎａｎｃｉａｌｓ,3107.0,187,58.0,,"ex:2026-01-08|pay:2026-04:35.0, ex:2026-07-08|pay:2026-10:23.0"
158A,エクセリ,2227.0,112,25.0,,ex:2025-12-29|pay:2026-03:25.0
1591,ＮＥＸＴ　ＦＵＮＤＳ　ＪＰＸ日経インデックス４００連動型上場投信,37180.0,172,639.0,,"ex:2025-10-07|pay:2026-01:308.0, ex:2026-04-07|pay:2026-07:331.0"
1592,上場インデックスファンドＪＰＸ日経インデックス４００,3403.0,173,59.0,,"ex:2026-01-08|pay:2026-04:28.0, ex:2026-07-08|pay:2026-10:31.0"
1593,ＭＡＸＩＳ　ＪＰＸ日経インデックス４００上場投信,38000.0,177,673.0,,"ex:2026-01-16|pay:2026-04:312.0, ex:2026-07-16|pay:2026-10:361.0"
1595,ＮＺＡＭ　上場投信　東証ＲＥＩＴ指数,1785.0,496,88.5,,"ex:2025-10-15|pay:2026-01:24.8, ex:2026-01-15|pay:2026-04:20.4, ex:2026-04-15|pay:2026-07:25.7, ex:2026-07-15|pay:2026-10:17.6"
1596,ＮＺＡＭ　上場投信　ＴＯＰＩＸ　Ｅｘ－Ｆｉｎａｎｃｉａｌｓ,3110.0,134,41.7,,"ex:2026-01-15|pay:2026-04:24.3, ex:2026-07-15|pay:2026-10:17.4"
1597,ＭＡＸＩＳ　Ｊリート上場投信,1776.0,501,89.0,,"ex:2025-12-08|pay:2026-03:14.0, ex:2026-03-08|pay:2026-06:33.0, ex:2026-06-08|pay:2026-09:13.0, ex:2026-09-08|pay:2026-12:29.0"
1599,ｉＦｒｅｅＥＴＦ　ＪＰＸ日経４００,37670.0,166,624.0,,"ex:2026-01-10|pay:2026-04:292.0, ex:2026-07-10|pay:2026-10:332.0"
159A,ＮＥＸＴ　ＦＵＮＤＳ　ＪＰＸプライム１５０指数連動型上場投信,742.0,144,10.7,,"ex:2025-10-07|pay:2026-01:5.3, ex:2026-04-07|pay:2026-07:5.4"
1605,ＩＮＰＥＸ,3857.0,290,112.0,エネルギー,"ex:2025-12-29|pay:2026-03:50.0, ex:2026-06-29|pay:2026-09:56.0"
160A,アズパートナーズ,2001.0,400,80.0,資本財,ex:2026-03-30|pay:2026-06:70.0
1615,ＮＥＸＴ　ＦＵＮＤＳ　東証銀行業株価指数連動型上場投信,780.7,268,20.9,,ex:2026-07-15|pay:2026-10:20.9
1617,ＮＥＸＴ　ＦＵＮＤＳ　食品（ＴＯＰＩＸ－１７）上場投信,47790.0,217,1036.0,,ex:2026-07-15|pay:2026-10:1036.0
1618,ＮＥＸＴ　ＦＵＮＤＳ　エネルギー資源（ＴＯＰＩＸ－１７）上場投信,37060.0,200,742.0,,ex:2026-07-15|pay:2026-10:742.0
1619,ＮＥＸＴ　ＦＵＮＤＳ　建設・資材（ＴＯＰＩＸ－１７）上場投信,44840.0,180,809.0,,ex:2026-07-15|pay:2026-10:809.0
161A,三葉,1125.0,0,0.0,,
1620,ＮＥＸＴ　ＦＵＮＤＳ　素材・化学（ＴＯＰＩＸ－１７）上場投信,36880.0,151,558.0,,ex:2026-07-15|pay:2026-10:558.0
1621,ＮＥＸＴ　ＦＵＮＤＳ　医薬品（ＴＯＰＩＸ－１７）上場投信,30620.0,228,697.0,,ex:2026-07-15|pay:2026-10:697.0
1622,ＮＥＸＴ　ＦＵＮＤＳ　自動車・輸送機（ＴＯＰＩＸ－１７）上場投信,34370.0,166,572.0,,ex:2026-07-15|pay:2026-10:572.0
1623,ＮＥＸＴ　ＦＵＮＤＳ　鉄鋼・非鉄（ＴＯＰＩＸ－１７）上場投信,63290.0,88,557.0,,ex:2026-07-15|pay:2026-10:557.0
1624,ＮＥＸＴ　ＦＵＮＤＳ　機械（ＴＯＰＩＸ－１７）上場投信,83800.0,91,760.0,,ex:2026-07-15|pay:2026-10:760.0
1625,ＮＥＸＴ　ＦＵＮＤＳ　電機・精密（ＴＯＰＩＸ－１７）上場投信,65350.0,45,296.0,,ex:2026-07-15|pay:2026-10:296.0
1626,ＮＥＸＴ　ＦＵＮＤＳ　情報通信・サービスその他（ＴＯＰＩＸ－１７）上場投信,49060.0,106,518.0,,ex:2026-07-15|pay:2026-10:518.0
1627,ＮＥＸＴ　ＦＵＮＤＳ　電力・ガス（ＴＯＰＩＸ－１７）上場投信,12360.0,136,168.0,,ex:2026-07-15|pay:2026-10:168.0
1628,ＮＥＸＴ　ＦＵＮＤＳ　運輸・物流（ＴＯＰＩＸ－１７）上場投信,22335.0,292,653.0,,ex:2026-07-15|pay:2026-10:653.0
1629,ＮＥＸＴ　ＦＵＮＤＳ　商社・卸売（ＴＯＰＩＸ－１７）上場投信,276.1,87,2.4,,ex:2026-07-15|pay:2026-10:2.4
162A,ＡＩセレクトメガトレンド　日本株（ネットリターン）ＥＴＮ,17105.0,0,0.0,,
1630,ＮＥＸＴ　ＦＵＮＤＳ　小売（ＴＯＰＩＸ－１７）上場投信,36350.0,151,548.0,,ex:2026-07-15|pay:2026-10:548.0
1631,ＮＥＸＴ　ＦＵＮＤＳ　銀行（ＴＯＰＩＸ－１７）上場投信,42100.0,182,768.0,,ex:2026-07-15|pay:2026-10:768.0
1632,ＮＥＸＴ　ＦＵＮＤＳ　金融（除く銀行）（ＴＯＰＩＸ－１７）上場投信,42770.0,260,1112.0,,ex:2026-07-15|pay:2026-10:1112.0
1633,ＮＥＸＴ　ＦＵＮＤＳ　不動産（ＴＯＰＩＸ－１７）上場投信,48670.0,156,758.0,,ex:2026-07-15|pay:2026-10:758.0
163A,半導体フォーカス　日本株（ネットリターン）ＥＴＮ,19610.0,0,0.0,,
164A,アップルパーク,1980.0,189,37.48,,ex:2026-03-30|pay:2026-06:37.48
1651,ｉＦｒｅｅＥＴＦ　ＴＯＰＩＸ高配当４０指数,3325.0,229,76.0,,"ex:2025-11-10|pay:2026-02:33.0, ex:2026-02-10|pay:2026-05:2.0, ex:2026-05-10|pay:2026-08:36.0, ex:2026-08-10|pay:2026-11:5.0"
1652,ｉＦｒｅｅＥＴＦ　ＭＳＣＩ日本株女性活躍指数（ＷＩＮ）,5077.0,183,93.1,,"ex:2026-01-10|pay:2026-04:48.6, ex:2026-07-10|pay:2026-10:44.5"
1653,ｉＦｒｅｅＥＴＦ　ＭＳＣＩジャパンＥＳＧセレクト・リーダーズ指数,5198.0,161,83.7,,"ex:2026-01-10|pay:2026-04:38.2, ex:2026-07-10|pay:2026-10:45.5"
1654,ｉＦｒｅｅＥＴＦ　ＦＴＳＥ　ＪＰＸ　Ｂｌｏｓｓｏｍ　Ｊａｐａｎ　Ｉｎｄｅｘ,3340.0,213,71.0,,"ex:2026-01-10|pay:2026-04:31.4, ex:2026-07-10|pay:2026-10:39.6"
1655,ｉシェアーズ　Ｓ＆Ｐ　５００　米国株　ＥＴＦ,878.0,84,7.4,,"ex:2026-02-09|pay:2026-05:4.0, ex:2026-08-09|pay:2026-11:3.4"
1656,ｉシェアーズ・コア　米国債７－１０年　ＥＴＦ,299.2,391,11.7,,"ex:2025-10-11|pay:2026-01:2.5, ex:2026-01-11|pay:2026-04:2.8, ex:2026-04-11|pay:2026-07:3.4, ex:2026-07-11|pay:2026-10:3.0"
1657,ｉシェアーズ・コア　ＭＳＣＩ　先進国株（除く日本）ＥＴＦ,7245.0,106,77.0,,"ex:2026-02-09|pay:2026-05:38.0, ex:2026-08-09|pay:2026-11:39.0"
1658,ｉシェアーズ・コア　ＭＳＣＩ　新興国株　ＥＴＦ,4382.0,171,75.0,,"ex:2026-02-09|pay:2026-05:49.0, ex:2026-08-09|pay:2026-11:26.0"
1659,ｉシェアーズ　米国リート　ＥＴＦ,3689.0,220,81.0,,"ex:2025-11-09|pay:2026-02:20.0, ex:2026-02-09|pay:2026-05:34.0, ex:2026-05-09|pay:2026-08:9.0, ex:2026-08-09|pay:2026-11:18.0"
1660,ＭＡＸＩＳ高利回りＪリート上場投信,10260.0,478,490.0,,"ex:2025-10-10|pay:2026-01:115.0, ex:2026-01-10|pay:2026-04:127.0, ex:2026-04-10|pay:2026-07:142.0, ex:2026-07-10|pay:2026-10:106.0"
1662,石油資源開発,1883.0,239,45.0,エネルギー,"ex:2025-09-29|pay:2025-12:20.0, ex:2026-03-30|pay:2026-06:45.0"
1663,Ｋ＆Ｏエナジーグループ,1918.0,302,58.0,公益事業,"ex:2025-12-29|pay:2026-03:15.0, ex:2026-06-29|pay:2026-09:15.0"
166A,タスキホールディングス,1096.0,365,40.0,情報技術,"ex:2025-09-29|pay:2025-12:36.0, ex:2026-03-30|pay:2026-06:16.0"
1671,ＷＴＩ原油価格連動型上場投信,6050.0,0,0.0,,
1672,ＷｉｓｄｏｍＴｒｅｅ　金上場投資信託,62570.0,0,0.0,,
1673,ＷｉｓｄｏｍＴｒｅｅ　銀上場投資信託,9131.0,0,0.0,,
1674,ＷｉｓｄｏｍＴｒｅｅ　白金上場投資信託,25100.0,0,0.0,,
1675,ＷｉｓｄｏｍＴｒｅｅ　パラジウム上場投資信託,18135.0,0,0.0,,
1676,ＷｉｓｄｏｍＴｒｅｅ　貴金属バスケット上場投資信託,41250.0,0,0.0,,
1677,上場インデックスファンド海外債券（ＦＴＳＥ　ＷＧＢＩ）毎月分配型,58240.0,285,1658.0,,"ex:2025-10-10|pay:2026-01:128.0, ex:2025-11-10|pay:2026-02:130.0, ex:2025-12-10|pay:2026-03:133.0, ex:2026-01-10|pay:2026-04:132.0, ex:2026-02-10|pay:2026-05:131.0, ex:2026-03-10|pay:2026-06:132.0, ex:2026-04-10|pay:2026-07:137.0, ex:2026-05-10|pay:2026-08:140.0, ex:2026-06-10|pay:2026-09:148.0, ex:2026-07-10|pay:2026-10:148.0, ex:2026-08-10|pay:2026-11:149.0, ex:2026-09-10|pay:2026-12:150.0"
1678,ＮＥＸＴ　ＦＵＮＤＳ　インド株式指数・Ｎｉｆｔｙ　５０　連動型上場投信,294.0,320,9.4,,ex:2026-08-10|pay:2026-11:9.4
1679,Ｓｉｍｐｌｅ－Ｘ　ＮＹ　ダウ・ジョーンズ・インデックス上場投信,65120.0,147,960.0,,ex:2025-12-06|pay:2026-03:960.0
167A,リョーサン菱洋ホールディングス,3395.0,412,140.0,情報技術,"ex:2025-09-29|pay:2025-12:70.0, ex:2026-03-30|pay:2026-06:70.0"
1680,上場インデックスファンド海外先進国株式（ＭＳＣＩ－ＫＯＫＵＳＡＩ）,8291.0,99,82.0,,ex:2026-01-20|pay:2026-04:82.0
1681,上場インデックスファンド海外新興国株式（ＭＳＣＩ　エマージング）,3408.0,156,53.0,,ex:2026-01-20|pay:2026-04:53.0
1684,ＷｉｓｄｏｍＴｒｅｅ　ブロード上場投資信託,2849.5,0,0.0,,
1685,ＷｉｓｄｏｍＴｒｅｅ　エネルギー上場投資信託,969.0,0,0.0,,
1686,ＷｉｓｄｏｍＴｒｅｅ　産業用金属上場投資信託,3065.0,0,0.0,,
1687,ＷｉｓｄｏｍＴｒｅｅ　農産物上場投資信託,1092.0,0,0.0,,
1688,ＷｉｓｄｏｍＴｒｅｅ　穀物上場投資信託,618.0,0,0.0,,
1689,ＷｉｓｄｏｍＴｒｅｅ　天然ガス上場投資信託,782.0,0,0.0,,
168A,イタミアート,1055.0,190,20.0,コミュニケーション・サービス,ex:2026-01-29|pay:2026-04:20.0
1690,ＷｉｓｄｏｍＴｒｅｅ　ＷＴＩ　原油上場投資信託,2657.0,0,0.0,,
1691,ＷｉｓｄｏｍＴｒｅｅ　ガソリン上場投資信託,16895.0,0,0.0,,
1692,ＷｉｓｄｏｍＴｒｅｅ　アルミニウム上場投資信託,693.3,0,0.0,,
1693,ＷｉｓｄｏｍＴｒｅｅ　銅上場投資信託,9057.0,0,0.0,,
1694,ＷｉｓｄｏｍＴｒｅｅ　ニッケル上場投資信託,2254.0,0,0.0,,
1695,ＷｉｓｄｏｍＴｒｅｅ　小麦上場投資信託,3440.0,0,0.0,,
1696,ＷｉｓｄｏｍＴｒｅｅ　とうもろこし上場投資信託,3182.0,0,0.0,,
1697,ＷｉｓｄｏｍＴｒｅｅ　大豆上場投資信託,4966.0,0,0.0,,
1698,上場インデックスファンド日本高配当（東証配当フォーカス１００）,4375.0,277,121.0,,"ex:2025-10-08|pay:2026-01:27.0, ex:2026-01-08|pay:2026-04:31.0, ex:2026-04-08|pay:2026-07:31.0, ex:2026-07-08|pay:2026-10:32.0"
1699,ＮＥＸＴ　ＦＵＮＤＳ　ＮＯＭＵＲＡ　原油インデックス連動型上場投信,698.3,0,0.0,,
170A,ＳＭＴ　ＥＴＦ日本好配当株アクティブ,3140.0,194,61.0,,"ex:2025-10-11|pay:2026-01:27.0, ex:2026-04-11|pay:2026-07:31.0, ex:2026-07-11|pay:2026-10:3.0"
1711,ＳＤＳホールディングス,246.0,0,0.0,公益事業,
1716,第一カッター興業,1371.0,656,90.0,資本財,ex:2026-06-29|pay:2026-09:45.0
1717,明豊ファシリティワークス,936.0,470,44.0,資本財,ex:2026-03-30|pay:2026-06:44.0
1718,美樹工業,7140.0,140,100.0,資本財,"ex:2025-12-29|pay:2026-03:200.0, ex:2026-06-29|pay:2026-09:150.0"
1719,安藤・間,1896.5,443,84.0,資本財,"ex:2025-09-29|pay:2025-12:40.0, ex:2026-03-30|pay:2026-06:40.0"
171A,ゼロジャパン,2167.0,0,0.0,資本財,
1720,東急建設,1221.0,360,44.0,資本財,"ex:2025-09-29|pay:2025-12:19.0, ex:2026-03-30|pay:2026-06:21.0"
1721,コムシスホールディングス,5593.0,241,135.0,資本財,"ex:2025-09-29|pay:2025-12:60.0, ex:2026-03-30|pay:2026-06:70.0"
1723,日本電技,2559.0,281,72.0,情報技術,"ex:2025-09-29|pay:2025-12:15.25, ex:2026-03-30|pay:2026-06:24.75"
1724,シンクレイヤ,727.0,413,30.0,情報技術,"ex:2025-12-29|pay:2026-03:18.0, ex:2026-06-29|pay:2026-09:10.0"
1726,ビーアールホールディングス,526.0,304,16.0,資本財,ex:2025-09-29|pay:2025-12:8.0
172A,ネオホーム,2234.0,0,0.0,,
1736,オーテック,2510.0,390,98.0,資本財,"ex:2025-09-29|pay:2025-12:29.0, ex:2026-03-30|pay:2026-06:53.0"
173A,ハンモック,1600.0,281,45.0,情報技術,ex:2026-03-30|pay:2026-06:40.0
1758,太洋基礎工業,2458.0,264,65.0,資本財,ex:2026-01-29|pay:2026-04:60.0
175A,Ｗｉｌｌ　Ｓｍａｒｔ,645.0,0,0.0,情報技術,
1762,高松コンストラクショングループ,4220.0,341,144.0,資本財,"ex:2025-09-29|pay:2025-12:45.0, ex:2026-03-30|pay:2026-06:85.0"
1764,工藤建設,2693.0,472,127.0,資本財,ex:2026-06-29|pay:2026-09:127.0
1766,東建コーポレーション,13280.0,301,400.0,不動産,ex:2026-04-28|pay:2026-07:360.0
1768,ソネック,1037.0,482,50.0,資本財,ex:2026-03-30|pay:2026-06:50.0
1770,藤田エンジニアリング,2363.0,288,68.0,資本財,"ex:2025-09-29|pay:2025-12:30.0, ex:2026-03-30|pay:2026-06:45.0"
1773,ワイ・ティー・エル・コーポレーション・バーハッド,88.0,268,2.36,公益事業,ex:2025-10-01|pay:2026-01:1.9292
1776,三井住建道路,1996.0,401,80.0,資本財,
177A,コージンバイオ,829.0,121,10.0,ヘルスケア,ex:2026-03-30|pay:2026-06:10.0
1780,ヤマウラ,1477.0,257,38.0,資本財,"ex:2025-09-29|pay:2025-12:13.0, ex:2026-03-30|pay:2026-06:17.0"
1783,ｆａｎｔａｓｉｓｔａ,74.0,0,0.0,不動産,
1786,オリエンタル白石,352.0,412,14.5,資本財,"ex:2025-09-29|pay:2025-12:7.0, ex:2026-03-30|pay:2026-06:7.5"
1787,ナカボーテック,5600.0,464,260.0,資本財,ex:2026-03-30|pay:2026-06:335.0
1788,三東工業社,4090.0,391,160.0,資本財,ex:2026-06-29|pay:2026-09:130.0
178A,グローバルＸ　革新的優良企業　ＥＴＦ,1673.0,30,5.0,,ex:2026-09-24|pay:2026-12:5.0
1793,大本組,2127.0,348,74.0,資本財,ex:2026-03-30|pay:2026-06:50.0
1795,マサル,5590.0,197,110.0,資本財,ex:2025-09-29|pay:2025-12:160.0
1798,守谷商会,1140.0,333,38.0,資本財,ex:2026-03-30|pay:2026-06:36.0
1799,第一建設工業,3375.0,474,160.0,資本財,ex:2026-03-30|pay:2026-06:160.0
179A,グローバルＸ　超長期米国債　ＥＴＦ（為替ヘッジあり）,232.6,473,11.0,,"ex:2025-11-24|pay:2026-02:2.9, ex:2026-02-24|pay:2026-05:2.7, ex:2026-05-24|pay:2026-08:2.7, ex:2026-08-24|pay:2026-11:2.7"
1801,大成建設,12435.0,306,380.0,資本財,"ex:2025-09-29|pay:2025-12:125.0, ex:2026-03-30|pay:2026-06:185.0"
1802,大林組,3067.0,306,94.0,資本財,"ex:2025-09-29|pay:2025-12:41.0, ex:2026-03-30|pay:2026-06:47.0"
1803,清水建設,2210.0,348,77.0,資本財,"ex:2025-09-29|pay:2025-12:22.0, ex:2026-03-30|pay:2026-06:50.0"
1807,佐藤渡辺,1912.0,418,80.0,資本財,"ex:2025-09-29|pay:2025-12:40.0, ex:2026-03-30|pay:2026-06:40.0"
1808,長谷工コーポレーション,2731.5,366,100.0,一般消費財,"ex:2025-09-29|pay:2025-12:45.0, ex:2026-03-30|pay:2026-06:50.0"
180A,グローバルＸ　超長期米国債　ＥＴＦ,271.7,475,12.9,,"ex:2025-11-24|pay:2026-02:3.0, ex:2026-02-24|pay:2026-05:3.3, ex:2026-05-24|pay:2026-08:3.3, ex:2026-08-24|pay:2026-11:3.3"
1810,松井建設,1456.0,481,70.0,資本財,"ex:2025-09-29|pay:2025-12:26.0, ex:2026-03-30|pay:2026-06:52.0"
1811,錢高組,7510.0,160,120.0,資本財,ex:2026-03-30|pay:2026-06:120.0
1812,鹿島建設,4909.0,297,146.0,資本財,"ex:2025-09-29|pay:2025-12:56.0, ex:2026-03-30|pay:2026-06:90.0"
1813,不動テトラ,3020.0,281,85.0,資本財,ex:2026-03-30|pay:2026-06:115.0
1814,大末建設,3680.0,505,186.0,不動産,"ex:2025-09-29|pay:2025-12:87.0, ex:2026-03-30|pay:2026-06:96.0"
1815,鉄建建設,4565.0,252,115.0,資本財,ex:2026-03-30|pay:2026-06:170.0
181A,ＭＡＸＩＳ米国国債１－３年上場投信（為替ヘッジなし）,526.6,249,13.1,,"ex:2025-11-10|pay:2026-02:2.9, ex:2026-02-10|pay:2026-05:2.8, ex:2026-05-10|pay:2026-08:3.1, ex:2026-08-10|pay:2026-11:4.3"
1820,西松建設,5659.0,442,250.0,資本財,"ex:2025-09-29|pay:2025-12:100.0, ex:2026-03-30|pay:2026-06:130.0"
1822,大豊建設,851.0,447,38.0,資本財,ex:2026-03-30|pay:2026-06:34.0
1826,佐田建設,1079.0,556,60.0,資本財,ex:2026-03-30|pay:2026-06:60.0
1827,ナカノフドー建設,1449.0,173,25.0,資本財,ex:2026-03-30|pay:2026-06:38.0
1828,田辺工業,2426.0,412,100.0,資本財,ex:2026-03-30|pay:2026-06:100.0
182A,ＭＡＸＩＳ米国国債２０年超上場投信（為替ヘッジなし）,470.3,434,20.4,,"ex:2025-11-10|pay:2026-02:4.6, ex:2026-02-10|pay:2026-05:5.1, ex:2026-05-10|pay:2026-08:5.7, ex:2026-08-10|pay:2026-11:5.0"
1833,奥村組,5750.0,522,300.0,資本財,"ex:2025-09-29|pay:2025-12:110.0, ex:2026-03-30|pay:2026-06:187.0"
1835,東鉄工業,3925.0,387,152.0,資本財,"ex:2025-09-29|pay:2025-12:70.0, ex:2026-03-30|pay:2026-06:80.0"
183A,ＭＡＸＩＳ米国国債２０年超上場投信（為替ヘッジあり）,414.3,466,19.3,,"ex:2025-11-10|pay:2026-02:5.0, ex:2026-02-10|pay:2026-05:4.9, ex:2026-05-10|pay:2026-08:4.8, ex:2026-08-10|pay:2026-11:4.6"
1840,土屋ホールディングス,252.0,397,10.0,一般消費財,ex:2025-10-30|pay:2026-01:10.0
1841,サンユー建設,0.0,0,0.0,資本財,
1844,大盛工業,449.0,267,12.0,資本財,ex:2026-07-30|pay:2026-10:12.0
1847,イチケン,3465.0,447,155.0,不動産,"ex:2025-09-29|pay:2025-12:32.5, ex:2026-03-30|pay:2026-06:82.5"
1848,富士ピー・エス,872.0,287,25.0,資本財,ex:2026-03-30|pay:2026-06:22.0
184A,学びエイド,324.0,0,0.0,,
1850,南海辰村建設,441.0,181,8.0,資本財,ex:2026-03-30|pay:2026-06:8.0
1852,淺沼組,901.0,622,56.0,資本財,"ex:2025-09-29|pay:2025-12:16.0, ex:2026-03-30|pay:2026-06:29.0"
1853,森組,326.0,429,14.0,資本財,ex:2026-03-30|pay:2026-06:14.0
185A,リサイクルテック・ジャパン,886.0,0,0.0,,
1860,戸田建設,1491.0,402,60.0,資本財,"ex:2025-09-29|pay:2025-12:20.0, ex:2026-03-30|pay:2026-06:38.0"
1861,熊谷組,1309.0,382,50.0,資本財,"ex:2025-09-29|pay:2025-12:20.0, ex:2026-03-30|pay:2026-06:27.0"
1866,北野建設,1141.0,263,30.0,資本財,ex:2026-03-30|pay:2026-06:30.0
1867,植木組,2732.0,403,110.0,資本財,ex:2026-03-30|pay:2026-06:120.0
186A,アストロスケールホールディングス,1234.0,0,0.0,資本財,
1870,矢作建設工業,2188.0,503,110.0,資本財,"ex:2025-09-29|pay:2025-12:45.0, ex:2026-03-30|pay:2026-06:55.0"
1871,ピーエス・コンストラクション,2206.0,458,101.0,資本財,"ex:2025-09-29|pay:2025-12:40.0, ex:2026-03-30|pay:2026-06:80.0"
1873,日本ハウスホールディングス,312.0,385,12.0,一般消費財,"ex:2025-10-30|pay:2026-01:5.0, ex:2026-04-28|pay:2026-07:7.0"
1878,大東建託,3300.0,494,163.0,不動産,"ex:2025-09-29|pay:2025-12:68.4, ex:2026-03-30|pay:2026-06:82.0"
1879,新日本建設,2338.0,334,78.0,資本財,"ex:2025-09-29|pay:2025-12:30.0, ex:2026-03-30|pay:2026-06:37.0"
1882,東亜道路工業,1620.0,556,90.0,資本財,"ex:2025-09-29|pay:2025-12:45.0, ex:2026-03-30|pay:2026-06:45.0"
1885,東亜建設工業,2158.0,357,77.0,資本財,"ex:2025-09-29|pay:2025-12:38.0, ex:2026-03-30|pay:2026-06:62.0"
1887,日本国土開発,545.0,550,30.0,資本財,"ex:2025-11-27|pay:2026-02:10.0, ex:2026-05-28|pay:2026-08:15.0"
1888,若築建設,3765.0,385,145.0,資本財,ex:2026-03-30|pay:2026-06:135.0
188A,グローバルＸ　インド・トップ１０＋　ＥＴＦ,821.0,97,8.0,,"ex:2025-12-10|pay:2026-03:5.0, ex:2026-06-10|pay:2026-09:3.0"
1893,五洋建設,1518.5,342,52.0,資本財,"ex:2025-09-29|pay:2025-12:17.0, ex:2026-03-30|pay:2026-06:31.0"
1897,金下建設,3895.0,128,50.0,資本財,ex:2025-12-29|pay:2026-03:50.0
1898,世紀東急工業,1490.0,510,76.0,資本財,"ex:2025-09-29|pay:2025-12:35.0, ex:2026-03-30|pay:2026-06:36.0"
1899,福田組,4805.0,271,130.0,資本財,ex:2025-12-29|pay:2026-03:130.0
189A,Ｄ＆Ｍカンパニー,1079.0,185,20.0,ヘルスケア,ex:2026-05-28|pay:2026-08:20.0
1904,大成温調,5160.0,240,123.75,資本財,"ex:2025-09-29|pay:2025-12:87.0, ex:2026-03-30|pay:2026-06:92.0"
1905,テノックス,1451.0,427,62.0,資本財,"ex:2025-09-29|pay:2025-12:26.0, ex:2026-03-30|pay:2026-06:34.5"
1909,日本ドライケミカル,3700.0,267535459,98988120.0,資本財,"ex:2025-09-29|pay:2025-12:38495380.0, ex:2026-03-30|pay:2026-06:60492740.0"
190A,Ｃｈｏｒｄｉａ　Ｔｈｅｒａｐｅｕｔｉｃｓ,69.0,0,0.0,ヘルスケア,
1911,住友林業,1220.5,410,50.0,一般消費財,"ex:2025-12-29|pay:2026-03:28.0, ex:2026-06-29|pay:2026-09:25.0"
1914,日本基礎技術,823.0,365,30.0,資本財,ex:2026-03-30|pay:2026-06:30.0
191A,ミモザ,1897.0,163,31.0,ヘルスケア,ex:2026-03-30|pay:2026-06:31.0
1921,巴コーポレーション,1990.0,121,24.0,資本財,ex:2026-03-30|pay:2026-06:36.0
1925,大和ハウス工業,4551.0,202,92.0,不動産,"ex:2025-09-29|pay:2025-12:75.0, ex:2026-03-30|pay:2026-06:100.0"
1926,ライト工業,3910.0,136,53.0,資本財,"ex:2025-09-29|pay:2025-12:40.0, ex:2026-03-30|pay:2026-06:105.0"
1928,積水ハウス,3369.0,433,146.0,一般消費財,"ex:2026-01-29|pay:2026-04:72.0, ex:2026-07-30|pay:2026-10:72.0"
1929,日特建設,1238.0,404,50.0,資本財,"ex:2025-09-29|pay:2025-12:22.0, ex:2026-03-30|pay:2026-06:27.0"
192A,インテグループ,1305.0,383,50.0,金融,ex:2026-05-28|pay:2026-08:20.0
1930,北陸電気工事,1611.0,298,48.0,資本財,"ex:2025-09-29|pay:2025-12:22.0, ex:2026-03-30|pay:2026-06:26.0"
1934,ユアテック,2625.0,297,78.0,資本財,"ex:2025-09-29|pay:2025-12:36.0, ex:2026-03-30|pay:2026-06:36.0"
1938,日本リーテック,2637.0,368,97.0,資本財,ex:2026-03-30|pay:2026-06:82.0
1939,四電工,2348.0,358,84.0,資本財,"ex:2025-09-29|pay:2025-12:32.0, ex:2026-03-30|pay:2026-06:45.0"
1941,中電工,5220.0,268,140.0,資本財,"ex:2025-09-29|pay:2025-12:65.0, ex:2026-03-30|pay:2026-06:70.0"
1942,関電工,5652.0,230,130.0,資本財,"ex:2025-09-29|pay:2025-12:45.0, ex:2026-03-30|pay:2026-06:79.0"
1944,きんでん,6995.0,200,140.0,資本財,"ex:2025-09-29|pay:2025-12:60.0, ex:2026-03-30|pay:2026-06:70.0"
1945,東京エネシス,2145.0,364,78.0,資本財,"ex:2025-09-29|pay:2025-12:28.0, ex:2026-03-30|pay:2026-06:35.0"
1946,トーエネック,2247.0,338,76.0,資本財,"ex:2025-09-29|pay:2025-12:28.0, ex:2026-03-30|pay:2026-06:48.0"
1948,弘電社,11450.0,96,110.0,資本財,"ex:2025-09-29|pay:2025-12:45.0, ex:2026-03-30|pay:2026-06:55.0"
1949,住友電設,0.0,0,0.0,資本財,
194A,ＷＯＬＶＥＳ　ＨＡＮＤ,1672.0,311,52.0,ヘルスケア,
1950,日本電設工業,4100.0,310,127.0,資本財,ex:2026-03-30|pay:2026-06:124.0
1951,エクシオグループ,2616.0,306,80.0,資本財,"ex:2025-09-29|pay:2025-12:33.0, ex:2026-03-30|pay:2026-06:35.0"
1952,新日本空調,3230.0,372,120.0,資本財,"ex:2025-09-29|pay:2025-12:40.0, ex:2026-03-30|pay:2026-06:70.0"
1959,クラフティア,8113.0,271,220.0,資本財,"ex:2025-09-29|pay:2025-12:90.0, ex:2026-03-30|pay:2026-06:130.0"
195A,ＭＵＳＣＡＴ　ＧＲＯＵＰ,725.0,0,0.0,情報技術,
1960,サンテック,1715.0,321,55.0,資本財,ex:2026-03-30|pay:2026-06:65.0
1961,三機工業,2570.0,253,65.0,資本財,"ex:2025-09-29|pay:2025-12:27.5, ex:2026-03-30|pay:2026-06:37.5"
1963,日揮ホールディングス,2314.5,225,52.0,資本財,ex:2026-03-30|pay:2026-06:52.0
1964,中外炉工業,3935.0,457,180.0,資本財,ex:2026-03-30|pay:2026-06:166.0
1965,テクノ菱和,7280.0,82,60.0,資本財,"ex:2025-09-29|pay:2025-12:50.0, ex:2026-03-30|pay:2026-06:120.0"
1966,高田工業所,1754.0,399,70.0,資本財,ex:2026-03-30|pay:2026-06:70.0
1967,ヤマト,2144.0,359,77.0,資本財,ex:2026-03-18|pay:2026-06:60.0
1968,太平電業,2525.0,297,75.0,資本財,ex:2026-03-30|pay:2026-06:70.0
1969,高砂熱学工業,4723.0,260,123.0,資本財,"ex:2025-09-29|pay:2025-12:43.0, ex:2026-03-30|pay:2026-06:72.0"
196A,ＭＦＳ,325.0,0,0.0,金融,
1972,三晃金属工業,1318.0,486,64.0,資本財,"ex:2025-09-29|pay:2025-12:34.0, ex:2026-03-30|pay:2026-06:35.0"
1975,朝日工業社,4005.0,360,144.0,資本財,"ex:2025-09-29|pay:2025-12:50.0, ex:2026-03-30|pay:2026-06:94.0"
1976,明星工業,1720.0,465,80.0,資本財,"ex:2025-09-29|pay:2025-12:20.0, ex:2026-03-30|pay:2026-06:45.0"
1979,大氣社,3825.0,361,138.0,資本財,"ex:2025-09-29|pay:2025-12:40.0, ex:2026-03-30|pay:2026-06:70.0"
197A,タウンズ,528.0,549,29.0,ヘルスケア,"ex:2025-12-29|pay:2026-03:14.0, ex:2026-06-29|pay:2026-09:14.0"
1980,ダイダン,2945.0,292,86.0,資本財,"ex:2025-09-29|pay:2025-12:27.3333, ex:2026-03-30|pay:2026-06:56.0"
1981,協和日成,1349.0,385,52.0,資本財,ex:2026-03-30|pay:2026-06:50.0
1982,日比谷総合設備,3280.0,305,100.0,資本財,"ex:2025-09-29|pay:2025-12:25.0, ex:2026-03-30|pay:2026-06:50.0"
198A,ＰｏｓｔＰｒｉｍｅ,162.0,0,0.0,情報技術,
1992,神田通信機,2965.0,287,85.0,情報技術,ex:2026-03-30|pay:2026-06:82.0
1994,高橋カーテンウォール工業,618.0,324,20.0,資本財,"ex:2025-12-29|pay:2026-03:10.0, ex:2026-06-29|pay:2026-09:11.0"
1997,暁飯島工業,4090.0,232,95.0,資本財,ex:2026-08-28|pay:2026-11:135.0
199A,メディエア,1350.0,53,7.2,,ex:2025-09-29|pay:2025-12:7.2
2001,ニップン,2952.0,230,68.0,生活必需品,"ex:2025-09-29|pay:2025-12:33.0, ex:2026-03-30|pay:2026-06:35.0"
2002,日清製粉グループ本社,2028.0,321,65.0,生活必需品,"ex:2025-09-29|pay:2025-12:30.0, ex:2026-03-30|pay:2026-06:30.0"
2003,日東富士製粉,1912.0,366,70.0,生活必需品,"ex:2025-09-29|pay:2025-12:35.0, ex:2026-03-30|pay:2026-06:35.0"
2004,昭和産業,3965.0,353,140.0,生活必需品,"ex:2025-09-29|pay:2025-12:50.0, ex:2026-03-30|pay:2026-06:65.0"
2009,鳥越製粉,1113.0,440,49.0,生活必需品,ex:2025-12-29|pay:2026-03:49.0
200A,ＮＥＸＴ　ＦＵＮＤＳ　日経半導体株指数連動型上場投信,4456.0,56,25.0,,"ex:2025-10-07|pay:2026-01:11.0, ex:2026-04-07|pay:2026-07:14.0"
2011,ＳＭＤＡＭ　Ａｃｔｉｖｅ　ＥＴＦ　日本高配当株式,863.2,250,21.6,,"ex:2025-11-20|pay:2026-02:10.3, ex:2026-05-20|pay:2026-08:11.3"
2012,ｉシェアーズ　米国債０－３ヶ月　ＥＴＦ,241.3,0,0.0,,
2013,ｉシェアーズ　米国高配当株　ＥＴＦ,301.4,279,8.4,,"ex:2025-11-09|pay:2026-02:1.7, ex:2026-02-09|pay:2026-05:2.2, ex:2026-05-09|pay:2026-08:2.1, ex:2026-08-09|pay:2026-11:2.4"
2014,ｉシェアーズ　米国連続増配株　ＥＴＦ,308.4,159,4.9,,"ex:2025-11-09|pay:2026-02:1.3, ex:2026-02-09|pay:2026-05:1.4, ex:2026-05-09|pay:2026-08:1.1, ex:2026-08-09|pay:2026-11:1.1"
2015,ｉＦｒｅｅＥＴＦ　米国国債７－１０年（為替ヘッジなし）,2055.0,380,78.0,,"ex:2025-11-25|pay:2026-02:21.0, ex:2026-02-25|pay:2026-05:15.0, ex:2026-05-25|pay:2026-08:19.0, ex:2026-08-25|pay:2026-11:23.0"
2016,ｉＦｒｅｅＥＴＦ　米国国債７－１０年（為替ヘッジあり）,1695.0,419,71.0,,"ex:2025-11-25|pay:2026-02:19.0, ex:2026-02-25|pay:2026-05:18.0, ex:2026-05-25|pay:2026-08:16.0, ex:2026-08-25|pay:2026-11:18.0"
2017,ｉＦｒｅｅＥＴＦ　ＪＰＸプライム１５０,1536.0,143,22.0,,"ex:2025-10-10|pay:2026-01:11.0, ex:2026-04-10|pay:2026-07:11.0"
2018,グローバルＸ　ＵＳ　ＲＥＩＴ・トップ２０　ＥＴＦ,1219.0,254,31.0,,"ex:2025-10-24|pay:2026-01:6.0, ex:2025-12-24|pay:2026-03:6.0, ex:2026-02-24|pay:2026-05:2.0, ex:2026-04-24|pay:2026-07:6.0, ex:2026-06-24|pay:2026-09:8.0, ex:2026-08-24|pay:2026-11:3.0"
2019,グローバルＸ　米国優先証券　ＥＴＦ（隔月分配型）,980.0,571,56.0,,"ex:2025-11-24|pay:2026-02:9.0, ex:2026-01-24|pay:2026-04:9.0, ex:2026-03-24|pay:2026-06:10.0, ex:2026-05-24|pay:2026-08:9.0, ex:2026-07-24|pay:2026-10:10.0, ex:2026-09-24|pay:2026-12:9.0"
201A,ｉシェアーズ　Ｎｉｆｔｙ　５０　インド株　ＥＴＦ,172.1,70,1.2,,"ex:2026-02-09|pay:2026-05:0.6, ex:2026-08-09|pay:2026-11:0.6"
202A,豆蔵,3540.0,169,60.0,情報技術,ex:2025-09-29|pay:2025-12:30.0
2031,ＮＥＸＴ　ＮＯＴＥＳ　香港ハンセン・ダブル・ブル　ＥＴＮ,7269.0,0,0.0,,
2032,ＮＥＸＴ　ＮＯＴＥＳ　香港ハンセン・ベア　ＥＴＮ,6218.0,0,0.0,,
2033,ＮＥＸＴ　ＮＯＴＥＳ　韓国ＫＯＳＰＩ・ダブル・ブル　ＥＴＮ,79270.0,0,0.0,,
2034,ＮＥＸＴ　ＮＯＴＥＳ　韓国ＫＯＳＰＩ・ベア　ＥＴＮ,1868.0,0,0.0,,
2036,ＮＥＸＴ　ＮＯＴＥＳ　金先物　ダブル・ブル　ＥＴＮ,151800.0,0,0.0,,
2037,ＮＥＸＴ　ＮＯＴＥＳ　金先物　ベア　ＥＴＮ,1285.0,0,0.0,,
2038,ＮＥＸＴ　ＮＯＴＥＳ　ドバイ原油先物　ダブル・ブル　ＥＴＮ,2930.0,0,0.0,,
2039,ＮＥＸＴ　ＮＯＴＥＳ　ドバイ原油先物　ベア　ＥＴＮ,459.0,0,0.0,,
203A,シュンビン,160.0,31,0.5,資本財,ex:2026-03-30|pay:2026-06:0.5
2040,ＮＥＸＴ　ＮＯＴＥＳ　ＮＹダウ・ダブル・ブル・ドルヘッジ　ＥＴＮ,36830.0,0,0.0,,
2041,ＮＥＸＴ　ＮＯＴＥＳ　ＮＹダウ・ベア・ドルヘッジ　ＥＴＮ,2001.0,0,0.0,,
2042,ＮＥＸＴ　ＮＯＴＥＳ　東証グロース市場２５０　ＥＴＮ,8248.0,0,0.0,,
2043,ＮＥＸＴ　ＮＯＴＥＳ　ＳＴＯＸＸ　アセアン好配当５０（円、ネットリターン）ＥＴＮ,30350.0,0,0.0,,
2044,ＮＥＸＴ　ＮＯＴＥＳ　Ｓ＆Ｐ５００　配当貴族（ネットリターン）　ＥＴＮ,33170.0,0,0.0,,
2045,ＮＥＸＴ　ＮＯＴＥＳ　Ｓ＆Ｐ　シンガポール　リート（ネットリターン）　ＥＴＮ,19075.0,0,0.0,,
2046,ＮＥＸＴ　ＮＯＴＥＳ　インドＮｉｆｔｙ・ダブル・ブル　ＥＴＮ,22450.0,0,0.0,,
2047,ＮＥＸＴ　ＮＯＴＥＳ　インドＮｉｆｔｙ・ベア　ＥＴＮ,3497.0,0,0.0,,
2048,ＮＥＸＴ　ＮＯＴＥＳ　野村日本株高配当７０（ドルヘッジ、ネットリターン）ＥＴＮ,56380.0,0,0.0,,
204A,タイヨーパッケージ,1250.0,2000,250.0,一般消費財,"ex:2025-09-29|pay:2025-12:150.0, ex:2026-03-30|pay:2026-06:100.0"
2050,ＮＥＸＴ　ＮＯＴＥＳ　ニッチトップ　中小型日本株（ネットリターン）ＥＴＮ,32910.0,0,0.0,,
2053,中部飼料,2059.0,369,76.0,生活必需品,"ex:2025-09-29|pay:2025-12:30.0, ex:2026-03-30|pay:2026-06:35.0"
2055,日和産業,345.0,174,6.0,生活必需品,ex:2026-03-30|pay:2026-06:6.0
205A,ロゴスホールディングス,1670.0,531,88.75,一般消費財,ex:2026-05-28|pay:2026-08:63.39
2060,フィード・ワン,1489.0,349,52.0,生活必需品,"ex:2025-09-29|pay:2025-12:21.0, ex:2026-03-30|pay:2026-06:24.5"
2065,ＮＥＸＴ　ＮＯＴＥＳ　日本株配当貴族（ドルヘッジ、ネットリターン）ＥＴＮ,59460.0,0,0.0,,
2066,ＮＥＸＴ　ＮＯＴＥＳ　東証ＲＥＩＴ（ドルヘッジ、ネットリターン）ＥＴＮ,23500.0,0,0.0,,
2067,ＮＥＸＴ　ＮＯＴＥＳ　野村ＡＩビジネス７０（ネットリターン）ＥＴＮ,29300.0,0,0.0,,
2068,ＮＥＸＴ　ＮＯＴＥＳ　高ベータ３０（ネットリターン）ＥＴＮ,39100.0,0,0.0,,
2069,ＮＥＸＴ　ＮＯＴＥＳ　低ベータ５０（ネットリターン）ＥＴＮ,23085.0,0,0.0,,
206A,ＰＲＩＳＭ　ＢｉｏＬａｂ,172.0,0,0.0,ヘルスケア,
2070,スマートＥＳＧ３０女性活躍（ネットリターン）ＥＴＮ,16595.0,0,0.0,,
2071,スマートＥＳＧ３０総合（ネットリターン）ＥＴＮ,19920.0,0,0.0,,
2072,トップシェアインデックス（ネットリターン）ＥＴＮ,22135.0,0,0.0,,
2073,スマートＥＳＧ３０低カーボンリスク（ネットリターン）ＥＴＮ,15860.0,0,0.0,,
207A,ライジングコーポレーション,1400.0,349,48.85,,ex:2026-03-30|pay:2026-06:48.85
2080,ＰＢＲ１倍割れ解消推進ＥＴＦ,2083.0,177,36.87,,ex:2026-09-10|pay:2026-12:36.87
2081,政策保有解消推進ＥＴＦ,2184.0,107,23.26,,ex:2026-09-10|pay:2026-12:23.26
2082,投資家経営者一心同体ＥＴＦ,1252.0,0,0.0,,
2083,ＮＥＸＴ　ＦＵＮＤＳ　日本成長株アクティブ上場投信,3959.0,88,35.0,,"ex:2026-01-07|pay:2026-04:15.0, ex:2026-07-07|pay:2026-10:20.0"
2084,ＮＥＸＴ　ＦＵＮＤＳ　日本高配当株アクティブ上場投信,3909.0,217,85.0,,"ex:2025-10-07|pay:2026-01:35.0, ex:2026-01-07|pay:2026-04:2.0, ex:2026-04-07|pay:2026-07:45.0, ex:2026-07-07|pay:2026-10:3.0"
2085,ＭＡＸＩＳ高配当日本株アクティブ上場投信,787.9,297,23.4,,"ex:2025-10-10|pay:2026-01:10.0, ex:2026-01-10|pay:2026-04:1.4, ex:2026-04-10|pay:2026-07:12.0"
2086,ＮＺＡＭ　上場投信　Ｓ＆Ｐ５００（為替ヘッジあり）,3090.0,93,28.8,,"ex:2025-10-15|pay:2026-01:13.9, ex:2026-04-15|pay:2026-07:14.9"
2087,ＮＺＡＭ　上場投信　ＮＡＳＤＡＱ１００（為替ヘッジあり）,3572.0,33,11.8,,"ex:2025-10-15|pay:2026-01:5.9, ex:2026-04-15|pay:2026-07:5.9"
2088,ＮＺＡＭ　上場投信　ＮＹダウ３０（為替ヘッジあり）,2579.0,132,34.0,,"ex:2025-10-15|pay:2026-01:19.6, ex:2026-04-15|pay:2026-07:14.4"
2089,ＮＺＡＭ　上場投信　ＤＡＸ（為替ヘッジあり）,2801.0,65,18.1,,ex:2025-11-15|pay:2026-02:18.1
208A,構造計画研究所ホールディングス,2906.0,310,90.0,資本財,"ex:2025-09-29|pay:2025-12:15.0, ex:2025-12-29|pay:2026-03:20.0, ex:2026-03-30|pay:2026-06:20.0, ex:2026-06-29|pay:2026-09:47.0"
2090,ＮＺＡＭ　上場投信　米国国債７－１０年（為替ヘッジあり）,4168.0,337,140.6,,"ex:2025-11-15|pay:2026-02:72.7, ex:2026-05-15|pay:2026-08:67.9"
2091,ＮＺＡＭ　上場投信　ドイツ国債７－１０年（為替ヘッジあり）,4383.0,230,100.7,,"ex:2025-11-15|pay:2026-02:49.2, ex:2026-05-15|pay:2026-08:51.5"
2092,ＮＺＡＭ　上場投信　フランス国債７－１０年（為替ヘッジあり）,4375.0,312,136.5,,"ex:2025-11-15|pay:2026-02:66.5, ex:2026-05-15|pay:2026-08:70.0"
2093,上場Ｔｒａｃｅｒｓ　米国債０－２年ラダー（為替ヘッジなし）,5255.0,320,168.0,,"ex:2025-11-10|pay:2026-02:73.0, ex:2026-02-10|pay:2026-05:40.0, ex:2026-05-10|pay:2026-08:25.0, ex:2026-08-10|pay:2026-11:30.0"
2094,東証ＲＥＩＴインバースＥＴＦ,803.0,0,0.0,,
2095,グローバルＸ　Ｓ＆Ｐ５００配当貴族　ＥＴＦ（為替ヘッジあり）,1116.0,197,22.0,,"ex:2025-11-24|pay:2026-02:6.0, ex:2026-01-24|pay:2026-04:3.0, ex:2026-03-24|pay:2026-06:2.0, ex:2026-05-24|pay:2026-08:3.0, ex:2026-07-24|pay:2026-10:4.0, ex:2026-09-24|pay:2026-12:4.0"
2096,グローバルＸ　オフィス・Ｊ－ＲＥＩＴ　ＥＴＦ,978.0,706,69.0,,"ex:2025-10-24|pay:2026-01:9.0, ex:2026-02-24|pay:2026-05:43.0, ex:2026-04-24|pay:2026-07:8.0, ex:2026-06-24|pay:2026-09:4.0, ex:2026-08-24|pay:2026-11:5.0"
2097,グローバルＸ　レジデンシャル・Ｊ－ＲＥＩＴ　ＥＴＦ,912.0,362,33.0,,"ex:2025-10-24|pay:2026-01:4.0, ex:2025-12-24|pay:2026-03:1.0, ex:2026-02-24|pay:2026-05:9.0, ex:2026-04-24|pay:2026-07:6.0, ex:2026-06-24|pay:2026-09:9.0, ex:2026-08-24|pay:2026-11:4.0"
2098,グローバルＸ　ホテル＆リテール・Ｊ－ＲＥＩＴ　ＥＴＦ,956.0,1151,110.0,,"ex:2025-10-24|pay:2026-01:6.0, ex:2025-12-24|pay:2026-03:2.0, ex:2026-02-24|pay:2026-05:82.0, ex:2026-04-24|pay:2026-07:7.0, ex:2026-06-24|pay:2026-09:2.0, ex:2026-08-24|pay:2026-11:11.0"
209A,小野谷機工,780.0,0,0.0,一般消費財,
2108,日本甜菜製糖,5270.0,171,90.0,生活必需品,ex:2026-03-30|pay:2026-06:160.0
2109,ＤＭ三井製糖,3900.0,359,140.0,生活必需品,"ex:2025-09-29|pay:2025-12:65.0, ex:2026-03-30|pay:2026-06:65.0"
210A,ｉＦｒｅｅＥＴＦ　日経高利回りＲＥＩＴ指数,1547.0,504,78.0,,"ex:2025-12-04|pay:2026-03:9.0, ex:2026-03-04|pay:2026-06:32.0, ex:2026-06-04|pay:2026-09:11.0, ex:2026-09-04|pay:2026-12:26.0"
2112,塩水港精糖,463.0,346,16.0,生活必需品,ex:2026-03-30|pay:2026-06:20.0
2114,フジ日本,673.0,282,19.0,生活必需品,"ex:2025-09-29|pay:2025-12:7.5, ex:2026-03-30|pay:2026-06:10.5"
2117,ウェルネオシュガー,2880.0,410,118.0,生活必需品,"ex:2025-09-29|pay:2025-12:54.0, ex:2026-03-30|pay:2026-06:65.0"
211A,カドス・コーポレーション,3230.0,557,180.0,資本財,ex:2026-07-30|pay:2026-10:180.0
2120,ＬＩＦＵＬＬ,239.0,562,13.44,コミュニケーション・サービス,ex:2025-09-29|pay:2025-12:10.41
2121,ＭＩＸＩ,3830.0,496,190.0,コミュニケーション・サービス,"ex:2025-09-29|pay:2025-12:60.0, ex:2026-03-30|pay:2026-06:60.0"
2122,インタースペース,1451.0,207,30.0,コミュニケーション・サービス,ex:2025-09-29|pay:2025-12:30.0
2124,ジェイエイシーリクルートメント,1029.0,369,38.0,資本財,"ex:2025-12-29|pay:2026-03:36.0, ex:2026-06-29|pay:2026-09:19.0"
2127,日本Ｍ＆Ａセンターホールディングス,634.5,394,25.0,金融,"ex:2025-09-29|pay:2025-12:14.0, ex:2026-03-30|pay:2026-06:15.0"
212A,フィットイージー,2781.0,162,45.0,一般消費財,"ex:2025-10-30|pay:2026-01:25.0, ex:2026-04-28|pay:2026-07:26.0"
2130,メンバーズ,914.0,383,35.0,コミュニケーション・サービス,ex:2026-03-30|pay:2026-06:33.0
2134,北浜キャピタルパートナーズ,19.0,0,0.0,金融,
2136,ヒップ,1427.0,498,71.0,資本財,ex:2026-03-30|pay:2026-06:70.0
2138,クルーズ,413.0,0,0.0,情報技術,
2139,中広,521.0,269,14.0,コミュニケーション・サービス,ex:2026-03-30|pay:2026-06:12.0
213A,上場インデックスファンド日経半導体株,411.3,44,1.8,,"ex:2026-01-08|pay:2026-04:1.4, ex:2026-07-08|pay:2026-10:0.4"
2146,ＵＴグループ,240.0,556,13.34,資本財,"ex:2025-09-29|pay:2025-12:2.974, ex:2025-12-29|pay:2026-03:2.5973, ex:2026-03-30|pay:2026-06:4.0, ex:2026-06-29|pay:2026-09:3.77"
2148,アイティメディア,1141.0,438,50.0,コミュニケーション・サービス,ex:2026-03-30|pay:2026-06:100.0
2152,幼児活動研究会,1552.0,168,26.0,生活必需品,ex:2026-03-30|pay:2026-06:26.0
2153,Ｅ・Ｊホールディングス,1892.0,381,72.0,資本財,"ex:2025-11-27|pay:2026-02:25.0, ex:2026-05-28|pay:2026-08:44.0"
2154,オープンアップグループ,2036.0,491,100.0,資本財,"ex:2025-12-29|pay:2026-03:35.0, ex:2026-06-29|pay:2026-09:50.0"
2156,セーラー広告,280.0,214,6.0,コミュニケーション・サービス,ex:2026-03-30|pay:2026-06:6.0
2157,コシダカホールディングス,1007.0,278,28.0,一般消費財,"ex:2026-02-26|pay:2026-05:13.0, ex:2026-08-28|pay:2026-11:15.0"
2158,ＦＲＯＮＴＥＯ,653.0,0,0.0,情報技術,
215A,タイミー,1312.0,0,0.0,資本財,
2160,ジーエヌアイグループ,3245.0,0,0.0,ヘルスケア,
2162,ｎｍｓ　ホールディングス,538.0,56,3.0,情報技術,ex:2026-03-30|pay:2026-06:3.0
2163,アルトナー,949.0,680,64.5,資本財,"ex:2026-01-29|pay:2026-04:21.0, ex:2026-07-30|pay:2026-10:43.0"
2164,地域新聞社,113.0,0,0.0,コミュニケーション・サービス,
2168,パソナグループ,1556.0,96,15.0,資本財,ex:2026-05-28|pay:2026-08:15.0
2169,ＣＤＳ,1754.0,422,74.0,情報技術,"ex:2025-12-29|pay:2026-03:37.0, ex:2026-06-29|pay:2026-09:37.0"
216A,ライフクリエイト,1250.0,0,0.0,一般消費財,
2170,リンクアンドモチベーション,675.0,243,16.4,資本財,"ex:2025-09-29|pay:2025-12:4.1, ex:2025-12-29|pay:2026-03:4.1, ex:2026-03-30|pay:2026-06:4.1, ex:2026-06-29|pay:2026-09:4.1"
2173,博展,771.0,350,27.0,コミュニケーション・サービス,"ex:2025-12-29|pay:2026-03:20.0, ex:2026-06-29|pay:2026-09:13.0"
2175,エス・エム・エス,2630.0,116,30.5,ヘルスケア,ex:2026-03-30|pay:2026-06:29.5
2179,成学社,824.0,400,33.0,生活必需品,"ex:2025-09-29|pay:2025-12:11.0, ex:2026-03-30|pay:2026-06:11.0"
217A,サポート,382.0,0,0.0,資本財,
2180,サニーサイドアップグループ,1309.0,286203025,37463976.0,コミュニケーション・サービス,ex:2025-12-29|pay:2026-03:15850144.0
2181,パーソルホールディングス,293.8,442,13.0,資本財,"ex:2025-09-29|pay:2025-12:5.5, ex:2026-03-30|pay:2026-06:6.0"
2183,リニカル,204.0,392,8.0,ヘルスケア,ex:2026-03-30|pay:2026-06:8.0
2185,シイエム・シイ,2005.0,274,55.0,情報技術,"ex:2025-09-29|pay:2025-12:28.0, ex:2026-03-30|pay:2026-06:27.0"
2186,ソーバル,900.0,367,33.0,情報技術,"ex:2026-02-26|pay:2026-05:16.5, ex:2026-08-28|pay:2026-11:16.5"
218A,Ｌｉｂｅｒａｗａｒｅ,1020.0,0,0.0,情報技術,
2193,クックパッド,130.0,0,0.0,コミュニケーション・サービス,
2195,アミタホールディングス,370.0,135,5.0,資本財,ex:2025-12-29|pay:2026-03:5.0
2196,エスクリ,166.0,0,0.0,一般消費財,
2198,アイ・ケイ・ケイホールディングス,772.0,311,24.0,一般消費財,ex:2025-10-30|pay:2026-01:24.0
219A,Ｈｅａｒｔｓｅｅｄ,2697.0,0,0.0,ヘルスケア,
2201,森永製菓,2474.0,283,70.0,生活必需品,"ex:2025-09-29|pay:2025-12:32.5, ex:2026-03-30|pay:2026-06:32.5"
2204,中村屋,3110.0,241,75.0,生活必需品,ex:2026-03-30|pay:2026-06:75.0
2206,江崎グリコ,5050.0,188,95.0,生活必需品,"ex:2025-12-29|pay:2026-03:50.0, ex:2026-06-29|pay:2026-09:45.0"
2207,ｍｅｉｔｏ,3475.0,115,40.0,生活必需品,"ex:2025-09-29|pay:2025-12:20.0, ex:2026-03-30|pay:2026-06:35.0"
2208,ブルボン,3170.0,139,44.0,生活必需品,"ex:2025-09-29|pay:2025-12:20.0, ex:2026-03-30|pay:2026-06:22.0"
2209,井村屋グループ,2356.0,161,38.0,生活必需品,ex:2026-03-30|pay:2026-06:38.0
220A,Ｆａｂｅｒ　Ｃｏｍｐａｎｙ,962.0,312,30.0,情報技術,ex:2025-09-29|pay:2025-12:30.0
2211,不二家,2526.0,119,30.0,生活必需品,ex:2025-12-29|pay:2026-03:30.0
2212,山崎製パン,3642.0,165,60.0,生活必需品,ex:2025-12-29|pay:2026-03:60.0
2215,第一屋製パン,621.0,0,0.0,生活必需品,
2216,カンロ,1094.0,329,36.0,生活必需品,"ex:2025-12-29|pay:2026-03:17.0, ex:2026-06-29|pay:2026-09:15.0"
2217,モロゾフ,1498.0,67,10.0,生活必需品,"ex:2026-01-29|pay:2026-04:10.0, ex:2026-07-30|pay:2026-10:5.0"
221A,ＭＡＸＩＳ日経半導体株上場投信,1160.0,41,4.7,,"ex:2026-01-26|pay:2026-04:3.7, ex:2026-07-26|pay:2026-10:1.0"
2220,亀田製菓,1326.0,181,24.0,生活必需品,"ex:2025-09-29|pay:2025-12:5.0, ex:2026-03-30|pay:2026-06:17.0"
2221,岩塚製菓,3050.0,105,32.0,生活必需品,ex:2026-03-30|pay:2026-06:32.0
2222,寿スピリッツ,2514.5,139,35.0,生活必需品,ex:2026-03-30|pay:2026-06:35.0
2224,コモ,3770.0,19,7.0,生活必需品,ex:2026-03-30|pay:2026-06:7.0
2226,湖池屋,4860.0,113,55.0,生活必需品,ex:2026-03-30|pay:2026-06:55.0
2229,カルビー,3059.0,226,69.0,生活必需品,ex:2026-03-30|pay:2026-06:66.0
222A,ＮＩＣＳ,60.0,167,1.0,情報技術,ex:2025-12-29|pay:2026-03:1.0
2235,上場インデックスファンド米国株式（ダウ平均）為替ヘッジなし,3530.0,187,66.0,,"ex:2026-01-08|pay:2026-04:29.0, ex:2026-07-08|pay:2026-10:37.0"
2236,グローバルＸ　Ｓ＆Ｐ５００配当貴族ＥＴＦ,1412.0,191,27.0,,"ex:2025-11-24|pay:2026-02:4.0, ex:2026-01-24|pay:2026-04:5.0, ex:2026-03-24|pay:2026-06:4.0, ex:2026-05-24|pay:2026-08:4.0, ex:2026-07-24|pay:2026-10:5.0, ex:2026-09-24|pay:2026-12:5.0"
2237,ｉＦｒｅｅＥＴＦ　Ｓ＆Ｐ５００レバレッジ,2473.0,44,10.9,,"ex:2026-03-10|pay:2026-06:3.9, ex:2026-09-10|pay:2026-12:7.0"
2238,ｉＦｒｅｅＥＴＦ　Ｓ＆Ｐ５００インバース,5250.0,0,0.0,,
2239,上場インデックスファンドＳ＆Ｐ５００先物レバレッジ２倍,26765.0,0,0.0,,
223A,グローバルＸ　ＡＩ＆ビッグデータ　ＥＴＦ,1868.0,5,1.0,,ex:2026-01-24|pay:2026-04:1.0
2240,上場インデックスファンドＳ＆Ｐ５００先物インバース,5296.0,0,0.0,,
2241,ＭＡＸＩＳ　ＮＹダウ上場投信,904.7,153,13.8,,"ex:2025-11-26|pay:2026-02:9.5, ex:2026-05-26|pay:2026-08:4.3"
2242,ＭＡＸＩＳ　ＮＹダウ上場投信（為替ヘッジあり）,660.0,100,6.6,,"ex:2025-11-26|pay:2026-02:4.4, ex:2026-05-26|pay:2026-08:2.2"
2243,グローバルＸ　半導体　ＥＴＦ,4746.0,4,2.0,,"ex:2026-03-24|pay:2026-06:1.0, ex:2026-09-24|pay:2026-12:1.0"
2244,グローバルＸ　ＵＳ　テック・トップ２０　ＥＴＦ,3770.0,0,0.0,,
2245,ＮＥＸＴ　ＦＵＮＤＳ　ブルームバーグ・ドイツ国債（７－１０年）インデックス（為替ヘッジあり）連動型上場投信,679.9,244,16.6,,"ex:2025-12-07|pay:2026-03:4.2, ex:2026-03-07|pay:2026-06:4.1, ex:2026-06-07|pay:2026-09:4.4, ex:2026-09-07|pay:2026-12:3.9"
2246,ＮＥＸＴ　ＦＵＮＤＳ　ブルームバーグ・フランス国債（７－１０年）インデックス（為替ヘッジあり）連動型上場投信,683.2,86,5.9,,ex:2026-06-07|pay:2026-09:5.9
2247,ｉＦｒｅｅＥＴＦ　Ｓ＆Ｐ５００（為替ヘッジなし）,2290.0,70,16.0,,"ex:2026-03-10|pay:2026-06:8.0, ex:2026-09-10|pay:2026-12:8.0"
2248,ｉＦｒｅｅＥＴＦ　Ｓ＆Ｐ５００（為替ヘッジあり）,2758.0,105,29.0,,"ex:2026-03-10|pay:2026-06:17.0, ex:2026-09-10|pay:2026-12:12.0"
2249,ｉＦｒｅｅＥＴＦ　Ｓ＆Ｐ５００ダブルインバース,9320.0,57,53.0,,"ex:2026-03-10|pay:2026-06:25.0, ex:2026-09-10|pay:2026-12:28.0"
224A,グローバルＸ　ウラニウムビジネス　ＥＴＦ,1494.0,308,46.0,,ex:2026-01-24|pay:2026-04:46.0
2250,ｉシェアーズ　ＭＳＣＩ　ジャパン気候変動アクション　ＥＴＦ,375.0,187,7.0,,"ex:2026-02-09|pay:2026-05:3.9, ex:2026-08-09|pay:2026-11:3.1"
2251,ＮＥＸＴ　ＦＵＮＤＳ　ＪＰＸ国債先物ダブルインバース指数連動型上場投信,926.0,0,0.0,,
2252,グローバルＸ　Ｍｏｒｎｉｎｇｓｔａｒ　米国中小型　Ｍｏａｔ　ＥＴＦ,1371.0,80,11.0,,"ex:2026-03-24|pay:2026-06:7.0, ex:2026-09-24|pay:2026-12:4.0"
2253,グローバルＸ　スーパーディビィデンド－ＵＳ　ＥＴＦ,1290.0,566,73.0,,"ex:2025-11-24|pay:2026-02:15.0, ex:2026-01-24|pay:2026-04:10.0, ex:2026-03-24|pay:2026-06:10.0, ex:2026-05-24|pay:2026-08:12.0, ex:2026-07-24|pay:2026-10:14.0, ex:2026-09-24|pay:2026-12:12.0"
2254,グローバルＸ　チャイナＥＶ＆バッテリー　ＥＴＦ,967.0,0,0.0,,
2255,ｉシェアーズ　米国債２０年超　ＥＴＦ,193.4,429,8.3,,"ex:2025-10-11|pay:2026-01:2.1, ex:2026-01-11|pay:2026-04:1.9, ex:2026-04-11|pay:2026-07:2.2, ex:2026-07-11|pay:2026-10:2.1"
2256,ｉシェアーズ　米国総合債券　ＥＴＦ,214.9,349,7.5,,"ex:2025-10-11|pay:2026-01:2.0, ex:2026-01-11|pay:2026-04:1.9, ex:2026-04-11|pay:2026-07:1.6, ex:2026-07-11|pay:2026-10:2.0"
2257,ｉシェアーズ　米ドル建て投資適格社債　ＥＴＦ,217.1,410,8.9,,"ex:2025-10-11|pay:2026-01:2.4, ex:2026-01-11|pay:2026-04:1.8, ex:2026-04-11|pay:2026-07:2.3, ex:2026-07-11|pay:2026-10:2.4"
2258,ｉシェアーズ　米ドル建てハイイールド社債　ＥＴＦ,221.8,622,13.8,,"ex:2025-10-11|pay:2026-01:3.4, ex:2026-01-11|pay:2026-04:3.3, ex:2026-04-11|pay:2026-07:3.8, ex:2026-07-11|pay:2026-10:3.3"
2259,ｉシェアーズ　フランス国債７－１０年　ＥＴＦ（為替ヘッジあり）,173.2,410,7.1,,"ex:2025-10-11|pay:2026-01:1.4, ex:2026-01-11|pay:2026-04:1.4, ex:2026-04-11|pay:2026-07:1.5, ex:2026-07-11|pay:2026-10:2.8"
2264,森永乳業,1129.5,221,25.0,生活必需品,"ex:2025-09-29|pay:2025-12:11.25, ex:2026-03-30|pay:2026-06:13.75"
2266,六甲バター,1114.0,548,61.0,生活必需品,ex:2025-12-29|pay:2026-03:20.0
2267,ヤクルト本社,2809.5,256,72.0,生活必需品,"ex:2025-09-29|pay:2025-12:33.0, ex:2026-03-30|pay:2026-06:37.0"
2268,Ｂ－Ｒ　サーティワン　アイスクリーム,4045.0,148,60.0,生活必需品,"ex:2025-12-29|pay:2026-03:55.0, ex:2026-06-29|pay:2026-09:30.0"
2269,明治ホールディングス,4320.0,255,110.0,生活必需品,"ex:2025-09-29|pay:2025-12:52.5, ex:2026-03-30|pay:2026-06:52.5"
226A,勝美ジャパン,600.0,263,15.79,生活必需品,ex:2025-11-27|pay:2026-02:15.79
2270,雪印メグミルク,3670.0,272,100.0,生活必需品,ex:2026-03-30|pay:2026-06:100.0
227A,ＩＮＳＩＧＨＴ　ＬＡＢ,1230.0,0,0.0,情報技術,
2281,プリマハム,2415.0,331,80.0,生活必需品,"ex:2025-09-29|pay:2025-12:40.0, ex:2026-03-30|pay:2026-06:40.0"
2282,日本ハム,6044.0,298,180.0,生活必需品,ex:2026-03-30|pay:2026-06:160.0
2286,林兼産業,898.0,501,45.0,生活必需品,ex:2026-03-30|pay:2026-06:43.0
2288,丸大食品,2286.0,350,80.0,生活必需品,ex:2026-03-30|pay:2026-06:70.0
228A,オプロ,1739.0,0,0.0,情報技術,
2291,福留ハム,510.0,0,0.0,生活必需品,
2292,Ｓ　Ｆｏｏｄｓ,2757.0,399,110.0,生活必需品,"ex:2026-02-26|pay:2026-05:52.0, ex:2026-08-28|pay:2026-11:55.0"
2293,滝沢ハム,2655.0,75,20.0,生活必需品,
2294,柿安本店,2500.0,340,85.0,生活必需品,ex:2026-04-28|pay:2026-07:85.0
2296,伊藤ハム米久ホールディングス,5040.0,308,155.0,生活必需品,"ex:2025-09-29|pay:2025-12:70.0, ex:2025-12-29|pay:2026-03:90.0, ex:2026-03-30|pay:2026-06:75.0"
229A,アスミホールディングス,760.0,0,0.0,資本財,
2300,きょくとう,501.0,220,11.0,一般消費財,"ex:2026-02-26|pay:2026-05:5.5, ex:2026-08-28|pay:2026-11:5.5"
2301,学情,1741.0,431,75.0,資本財,"ex:2025-10-30|pay:2026-01:34.0, ex:2026-04-28|pay:2026-07:37.0"
2303,ドーン,1341.0,119,16.0,情報技術,ex:2026-05-28|pay:2026-08:14.0
2304,ＣＳＳホールディングス,911.0,439,40.0,資本財,"ex:2025-09-29|pay:2025-12:30.0, ex:2026-03-30|pay:2026-06:15.0"
2305,スタジオアリス,1872.0,267,50.0,一般消費財,ex:2026-02-26|pay:2026-05:50.0
2307,クロスキャット,1070.0,364,39.0,情報技術,ex:2026-03-30|pay:2026-06:37.0
2311,エプコ,794.0,504,40.0,資本財,"ex:2025-12-29|pay:2026-03:21.0, ex:2026-06-29|pay:2026-09:15.0"
2315,ＣＡＩＣＡ　ＤＩＧＩＴＡＬ,66.0,0,0.0,情報技術,
2317,システナ,436.0,413,18.0,情報技術,"ex:2025-09-29|pay:2025-12:6.0, ex:2026-03-30|pay:2026-06:8.0"
2321,ソフトフロントホールディングス,141.0,0,0.0,情報技術,
2323,ｆｏｎｆｕｎ,359.0,0,0.0,情報技術,
2325,ＮＪＳ,4635.0,237,110.0,資本財,"ex:2025-12-29|pay:2026-03:55.0, ex:2026-06-29|pay:2026-09:55.0"
2326,デジタルアーツ,4895.0,204,100.0,情報技術,"ex:2025-09-29|pay:2025-12:45.0, ex:2026-03-30|pay:2026-06:50.0"
2327,日鉄ソリューションズ,3885.0,224,87.0,情報技術,"ex:2025-09-29|pay:2025-12:40.0, ex:2026-03-30|pay:2026-06:45.0"
2329,東北新社,498.0,544,27.08,コミュニケーション・サービス,"ex:2025-09-29|pay:2025-12:6.77, ex:2025-12-29|pay:2026-03:6.76, ex:2026-03-30|pay:2026-06:6.77, ex:2026-06-29|pay:2026-09:6.77"
2330,フォーサイド,92.0,0,0.0,一般消費財,
2331,ＡＬＳＯＫ,1212.5,272,33.0,資本財,"ex:2025-09-29|pay:2025-12:14.6, ex:2026-03-30|pay:2026-06:14.6"
2332,クエスト,1750.0,349,61.0,情報技術,ex:2026-03-30|pay:2026-06:58.0
2334,イオレ,574.0,0,0.0,情報技術,
2335,キューブシステム,1101.0,436,48.0,情報技術,"ex:2025-09-29|pay:2025-12:20.0, ex:2026-03-30|pay:2026-06:26.0"
2337,いちご,405.0,383,15.5,不動産,ex:2026-02-26|pay:2026-05:11.5
2338,クオンタムソリューションズ,110.0,0,0.0,情報技術,
233A,ｉＦｒｅｅＥＴＦ　インドＮｉｆｔｙ５０,1777.0,68,12.0,,"ex:2026-03-04|pay:2026-06:2.0, ex:2026-09-04|pay:2026-12:10.0"
2340,極楽湯ホールディングス,540.0,111,6.0,一般消費財,ex:2026-03-30|pay:2026-06:6.0
2341,アルバイトタイムス,173.0,289,5.0,コミュニケーション・サービス,ex:2026-02-26|pay:2026-05:5.0
2342,トランスジェニックグループ,251.0,0,0.0,ヘルスケア,
2344,平安レイサービス,1493.0,241,36.0,一般消費財,ex:2025-09-29|pay:2025-12:18.0
2345,クシム,100.0,0,0.0,情報技術,
2349,エヌアイデイ,2511.0,119,30.0,情報技術,ex:2026-03-30|pay:2026-06:29.0
234A,グローバルＸ　ＭＳＣＩ　キャッシュフローキング－日本株式　ＥＴＦ,1498.0,254,38.0,,"ex:2026-02-24|pay:2026-05:10.0, ex:2026-08-24|pay:2026-11:28.0"
2351,ＡＳＪ,337.0,89,3.0,情報技術,ex:2026-03-30|pay:2026-06:3.0
2353,日本駐車場開発,259.0,772,20.0,資本財,ex:2026-07-30|pay:2026-10:9.0
2354,ＹＥ　ＤＩＧＩＴＡＬ,1239.0,242,30.0,情報技術,"ex:2026-02-26|pay:2026-05:10.0, ex:2026-08-28|pay:2026-11:15.0"
2359,コア,2118.0,307,65.0,情報技術,"ex:2025-09-29|pay:2025-12:15.0, ex:2026-03-30|pay:2026-06:45.0"
235A,グローバルＸ　高配当３０－日本株式　ＥＴＦ,1448.0,256,37.0,,"ex:2025-11-24|pay:2026-02:16.0, ex:2026-02-24|pay:2026-05:4.0, ex:2026-05-24|pay:2026-08:14.0, ex:2026-08-24|pay:2026-11:3.0"
236A,ｉシェアーズ　日本国債７－１０年　ＥＴＦ,433.3,132,5.7,,"ex:2025-10-11|pay:2026-01:1.3, ex:2026-01-11|pay:2026-04:1.4, ex:2026-04-11|pay:2026-07:1.5, ex:2026-07-11|pay:2026-10:1.5"
2370,メディネット,24.0,0,0.0,ヘルスケア,
2371,カカクコム,3812.0,131,50.0,コミュニケーション・サービス,"ex:2025-09-29|pay:2025-12:25.0, ex:2026-03-30|pay:2026-06:25.0"
2373,ケア２１,438.0,388,17.0,ヘルスケア,"ex:2025-10-30|pay:2026-01:10.0, ex:2026-04-28|pay:2026-07:7.0"
2374,セントケア・ホールディング,0.0,0,0.0,ヘルスケア,
2375,ギグワークス,203.0,99,2.0,情報技術,ex:2025-10-30|pay:2026-01:2.0
2376,サイネックス,791.0,190,15.0,コミュニケーション・サービス,ex:2026-03-30|pay:2026-06:15.0
2378,ルネサンス,1046.0,124,13.0,コミュニケーション・サービス,"ex:2025-09-29|pay:2025-12:4.0, ex:2026-03-30|pay:2026-06:9.0"
2379,ディップ,1823.0,532,97.0,コミュニケーション・サービス,"ex:2026-02-26|pay:2026-05:48.0, ex:2026-08-28|pay:2026-11:48.0"
237A,ｉシェアーズ　米国債２５年超　ロングデュレーション　ＥＴＦ,141.1,1035,14.6,,"ex:2025-10-11|pay:2026-01:3.3, ex:2026-01-11|pay:2026-04:3.2, ex:2026-04-11|pay:2026-07:4.0, ex:2026-07-11|pay:2026-10:4.1"
2384,ＳＢＳホールディングス,5390.0,445,240.0,資本財,ex:2025-12-29|pay:2026-03:90.0
2385,総医研ホールディングス,223.0,448,10.0,ヘルスケア,ex:2026-06-29|pay:2026-09:10.0
2388,ウェッジホールディングス,31.0,0,0.0,資本財,
2389,デジタルホールディングス,0.0,0,0.0,コミュニケーション・サービス,
238A,ｉシェアーズ　米国債２５年超　ロングデュレーション　ＥＴＦ（為替ヘッジあり）,116.9,1086,12.7,,"ex:2025-10-11|pay:2026-01:3.2, ex:2026-01-11|pay:2026-04:2.7, ex:2026-04-11|pay:2026-07:3.5, ex:2026-07-11|pay:2026-10:3.3"
2391,プラネット,1179.0,382,45.0,情報技術,"ex:2026-01-29|pay:2026-04:22.0, ex:2026-07-30|pay:2026-10:22.0"
2393,日本ケアサプライ,4405.0,168,74.0,資本財,ex:2026-03-30|pay:2026-06:72.0
2395,新日本科学,1352.0,370,50.0,ヘルスケア,"ex:2025-09-29|pay:2025-12:20.0, ex:2026-03-30|pay:2026-06:30.0"
239A,バレッグス,450.0,733,33.0,不動産,ex:2025-09-29|pay:2025-12:33.0
2404,鉄人化ホールディングス,529.0,0,0.0,一般消費財,
2408,ＫＧ情報,843.0,439,37.0,コミュニケーション・サービス,"ex:2025-12-18|pay:2026-03:18.0, ex:2026-06-18|pay:2026-09:18.0"
2410,キャリアデザインセンター,2851.0,982,280.0,資本財,ex:2025-09-29|pay:2025-12:100.0
2411,ゲンダイエージェンシー,472.0,551,26.0,コミュニケーション・サービス,"ex:2025-09-29|pay:2025-12:12.0, ex:2026-03-30|pay:2026-06:12.0"
2413,エムスリー,1767.5,124,22.0,ヘルスケア,ex:2026-03-30|pay:2026-06:22.0
2415,ヒューマンホールディングス,1619.0,840,136.0,生活必需品,ex:2026-03-30|pay:2026-06:69.0
2418,ツカダ・グローバルホールディング,599.0,234,14.0,一般消費財,"ex:2025-12-29|pay:2026-03:6.0, ex:2026-06-29|pay:2026-09:7.0"
241A,ＲＯＸＸ,420.0,0,0.0,情報技術,
2424,ブラス,617.0,259,16.0,一般消費財,ex:2026-07-30|pay:2026-10:8.0
2425,ケアサービス,665.0,331,22.0,ヘルスケア,ex:2026-03-30|pay:2026-06:22.0
2428,ウェルネット,623.0,490,30.5,情報技術,"ex:2025-12-29|pay:2026-03:12.0, ex:2026-06-29|pay:2026-09:17.5"
2429,ワールドホールディングス,2850.0,477,136.0,資本財,ex:2025-12-29|pay:2026-03:129.5
2432,ディー・エヌ・エー,2545.5,259,66.0,資本財,ex:2026-03-30|pay:2026-06:66.0
2433,博報堂ＤＹホールディングス,1330.5,241,32.0,コミュニケーション・サービス,"ex:2025-09-29|pay:2025-12:16.0, ex:2026-03-30|pay:2026-06:16.0"
2435,シダー,205.0,390,8.0,ヘルスケア,ex:2026-03-30|pay:2026-06:8.0
2436,共同ピーアール,596.0,134,8.0,コミュニケーション・サービス,ex:2025-12-29|pay:2026-03:7.0
2437,Ｓｈｉｎｗａ　Ｗｉｓｅ　Ｈｏｌｄｉｎｇｓ,631.0,0,0.0,一般消費財,
2438,アスカネット,348.0,201,7.0,一般消費財,ex:2026-04-28|pay:2026-07:7.0
243A,トップス,1122.0,36,4.0,一般消費財,ex:2025-09-29|pay:2025-12:4.0
2440,ぐるなび,121.0,0,0.0,コミュニケーション・サービス,
2445,タカミヤ,401.0,499,20.0,資本財,"ex:2025-09-29|pay:2025-12:6.0, ex:2026-03-30|pay:2026-06:10.0"
2449,プラップジャパン,1034.0,397,41.0,資本財,ex:2026-08-28|pay:2026-11:41.0
244A,グロースエクスパートナーズ,1190.0,0,0.0,情報技術,
2452,コンピュータマインド,412.0,0,0.0,,
2454,オールアバウト,344.0,29,1.0,コミュニケーション・サービス,ex:2026-03-30|pay:2026-06:1.0
2459,アウンコンサルティング,179.0,0,0.0,コミュニケーション・サービス,
245A,ＩＮＧＳ,2485.0,0,0.0,一般消費財,
2461,ファンコミュニケーションズ,395.0,532,21.0,コミュニケーション・サービス,"ex:2025-12-29|pay:2026-03:19.0, ex:2026-06-29|pay:2026-09:10.5"
2462,ライク,1523.0,394,60.0,資本財,"ex:2025-11-27|pay:2026-02:30.0, ex:2026-05-28|pay:2026-08:30.0"
2464,Ａｏｂａ‐ＢＢＴ,379.0,290,11.0,生活必需品,ex:2026-03-30|pay:2026-06:11.0
2469,ヒビノ,2745.0,164,45.0,情報技術,"ex:2025-09-29|pay:2025-12:40.0, ex:2026-03-30|pay:2026-06:45.0"
246A,アスア,1102.0,127,14.0,資本財,ex:2026-06-29|pay:2026-09:7.0
2471,エスプール,280.0,357,10.0,資本財,ex:2025-11-27|pay:2026-02:10.0
2475,ＷＤＢホールディングス,1773.0,637,113.0,資本財,"ex:2025-09-29|pay:2025-12:25.0, ex:2026-03-30|pay:2026-06:37.5"
2477,手間いらず,3265.0,202,66.0,コミュニケーション・サービス,"ex:2025-12-29|pay:2026-03:16.0, ex:2026-06-29|pay:2026-09:28.5"
2479,ジェイテック,264.0,379,10.0,情報技術,ex:2026-03-30|pay:2026-06:13.0
247A,Ａｉロボティクス,1010.0,0,0.0,生活必需品,
2480,システム・ロケーション,1867.0,204,38.0,資本財,ex:2026-03-30|pay:2026-06:38.0
2481,タウンニュース社,721.0,305,22.0,コミュニケーション・サービス,ex:2026-06-29|pay:2026-09:22.0
2483,翻訳センター,2280.0,614,140.0,資本財,ex:2026-03-30|pay:2026-06:140.0
2484,出前館,146.0,0,0.0,一般消費財,
2485,ティア,452.0,442,20.0,一般消費財,"ex:2025-09-29|pay:2025-12:10.0, ex:2026-03-30|pay:2026-06:10.0"
2488,ＪＴＰ,1437.0,348,50.0,情報技術,"ex:2025-09-29|pay:2025-12:11.0, ex:2026-03-30|pay:2026-06:38.0"
2489,アドウェイズ,403.0,163,6.57,コミュニケーション・サービス,ex:2025-12-29|pay:2026-03:6.42
248A,キッズスター,807.0,0,0.0,情報技術,
2491,バリューコマース,464.0,345,16.0,コミュニケーション・サービス,"ex:2025-12-29|pay:2026-03:24.0, ex:2026-06-29|pay:2026-09:8.0"
2492,インフォマート,712.0,92,6.58,情報技術,"ex:2025-12-29|pay:2026-03:3.21, ex:2026-06-29|pay:2026-09:3.29"
2493,イーサポートリンク,959.0,52,5.0,情報技術,ex:2025-11-27|pay:2026-02:5.0
2497,ユナイテッド,527.0,417,22.0,情報技術,"ex:2025-09-29|pay:2025-12:11.5, ex:2026-03-30|pay:2026-06:11.5"
2498,オリエンタルコンサルタンツホールディングス,3175.0,819,260.0,資本財,ex:2025-09-29|pay:2025-12:120.0
2499,日本和装ホールディングス,309.0,647,20.0,資本財,"ex:2025-09-29|pay:2025-12:3.0, ex:2025-12-29|pay:2026-03:7.0, ex:2026-03-30|pay:2026-06:3.0, ex:2026-06-29|pay:2026-09:3.0"
249A,ヒューマンアジャスト,1700.0,0,0.0,資本財,
2501,サッポロホールディングス,1820.0,220,40.0,生活必需品,"ex:2025-12-29|pay:2026-03:18.0, ex:2026-06-29|pay:2026-09:20.0"
2502,アサヒグループホールディングス,1614.0,384,62.0,生活必需品,"ex:2025-12-29|pay:2026-03:26.0, ex:2026-06-29|pay:2026-09:26.0"
2503,キリンホールディングス,2867.5,265,76.0,生活必需品,"ex:2025-12-29|pay:2026-03:37.0, ex:2026-06-29|pay:2026-09:38.0"
250A,シマダヤ,1616.0,334,54.0,生活必需品,"ex:2025-09-29|pay:2025-12:26.0, ex:2026-03-30|pay:2026-06:26.0"
2510,ＮＥＸＴ　ＦＵＮＤＳ　国内債券・ＮＯＭＵＲＡ－ＢＰＩ総合連動型上場投信,791.5,101,8.0,,"ex:2026-03-07|pay:2026-06:3.7, ex:2026-09-07|pay:2026-12:4.3"
2511,ＮＥＸＴ　ＦＵＮＤＳ　外国債券・ＦＴＳＥ世界国債インデックス（除く日本・為替ヘッジなし）連動型上場投信,1131.0,331,37.4,,"ex:2026-03-07|pay:2026-06:18.1, ex:2026-09-07|pay:2026-12:19.3"
2512,ＮＥＸＴ　ＦＵＮＤＳ　外国債券・ＦＴＳＥ世界国債インデックス（除く日本・為替ヘッジあり）連動型上場投信,707.7,295,20.9,,"ex:2026-03-07|pay:2026-06:11.0, ex:2026-09-07|pay:2026-12:9.9"
2513,ＮＥＸＴ　ＦＵＮＤＳ　外国株式・ＭＳＣＩ－ＫＯＫＵＳＡＩ指数（為替ヘッジなし）連動型上場投信,3577.0,92,33.0,,"ex:2026-03-07|pay:2026-06:13.0, ex:2026-09-07|pay:2026-12:20.0"
2514,ＮＥＸＴ　ＦＵＮＤＳ　外国株式・ＭＳＣＩ－ＫＯＫＵＳＡＩ指数（為替ヘッジあり）連動型上場投信,2032.0,89,18.0,,"ex:2026-03-07|pay:2026-06:8.0, ex:2026-09-07|pay:2026-12:10.0"
2515,ＮＥＸＴ　ＦＵＮＤＳ　外国ＲＥＩＴ・Ｓ＆Ｐ先進国ＲＥＩＴ指数（除く日本・為替ヘッジなし）連動型上場投信,1574.0,324,51.0,,"ex:2025-12-07|pay:2026-03:11.0, ex:2026-03-07|pay:2026-06:12.0, ex:2026-06-07|pay:2026-09:13.0, ex:2026-09-07|pay:2026-12:15.0"
2516,東証グロース２５０ＥＴＦ,635.8,0,0.0,,
2517,ＭＡＸＩＳ　Ｊリート・コア上場投信,1056.5,490,51.8,,"ex:2025-11-10|pay:2026-02:10.6, ex:2026-02-10|pay:2026-05:16.5, ex:2026-05-10|pay:2026-08:11.5, ex:2026-08-10|pay:2026-11:13.2"
2518,ＮＥＸＴ　ＦＵＮＤＳ　ＭＳＣＩ日本株女性活躍指数（セレクト）連動型上場投信,2446.0,164,40.0,,"ex:2025-10-20|pay:2026-01:19.0, ex:2026-04-20|pay:2026-07:21.0"
2519,ＮＥＸＴ　ＦＵＮＤＳ　新興国債券・Ｊ．Ｐ．モルガン・エマージング・マーケット・ボンド・インデックス・プラス（為替ヘッジなし）連動型上場投信,1138.5,543,61.8,,"ex:2026-03-07|pay:2026-06:29.8, ex:2026-09-07|pay:2026-12:32.0"
251A,ニューロマジック,256.0,400,10.24,情報技術,ex:2026-02-26|pay:2026-05:10.24
2520,ＮＥＸＴ　ＦＵＮＤＳ　新興国株式・ＭＳＣＩエマージング・マーケット・インデックス（為替ヘッジなし）連動型上場投信,2368.0,148,35.0,,"ex:2026-03-07|pay:2026-06:10.0, ex:2026-09-07|pay:2026-12:25.0"
2521,上場インデックスファンド米国株式（Ｓ＆Ｐ５００）為替ヘッジあり,2155.0,93,20.0,,ex:2026-01-20|pay:2026-04:20.0
2522,ｉシェアーズ　オートメーション　＆　ロボット　ＥＴＦ,9115.0,15,14.0,,"ex:2026-02-09|pay:2026-05:1.0, ex:2026-08-09|pay:2026-11:13.0"
2523,ＭＡＸＩＳトピックス（除く金融）上場投信,3166.0,206,65.2,,"ex:2026-01-16|pay:2026-04:19.5, ex:2026-07-16|pay:2026-10:45.7"
2524,ＮＺＡＭ　上場投信　ＴＯＰＩＸ,4221.0,168,70.9,,"ex:2026-02-15|pay:2026-05:31.5, ex:2026-08-15|pay:2026-11:39.4"
2525,ＮＺＡＭ　上場投信　日経２２５,66900.0,102,683.0,,"ex:2026-02-15|pay:2026-05:329.0, ex:2026-08-15|pay:2026-11:354.0"
2526,ＮＺＡＭ　上場投信　ＪＰＸ日経４００,37590.0,174,653.0,,"ex:2026-02-15|pay:2026-05:312.0, ex:2026-08-15|pay:2026-11:341.0"
2527,ＮＺＡＭ　上場投信　東証ＲＥＩＴ　Ｃｏｒｅ指数,1068.0,445,47.5,,"ex:2026-01-15|pay:2026-04:28.1, ex:2026-07-15|pay:2026-10:19.4"
2528,ｉＦｒｅｅＥＴＦ　東証ＲＥＩＴ　Ｃｏｒｅ指数,1046.0,488,51.0,,"ex:2025-12-10|pay:2026-03:6.0, ex:2026-03-10|pay:2026-06:21.0, ex:2026-06-10|pay:2026-09:6.0, ex:2026-09-10|pay:2026-12:18.0"
2529,ＮＥＸＴ　ＦＵＮＤＳ　野村株主還元７０連動型上場投信,2379.0,223,53.0,,"ex:2025-10-07|pay:2026-01:20.0, ex:2026-01-07|pay:2026-04:5.0, ex:2026-04-07|pay:2026-07:24.0, ex:2026-07-07|pay:2026-10:4.0"
252A,ウェッジ,2566.0,49,12.57,情報技術,ex:2025-12-29|pay:2026-03:12.57
2530,ＭＡＸＩＳ　ＨｕａＡｎ中国株式（上海１８０Ａ株）上場投信,17395.0,339,590.0,,"ex:2025-12-08|pay:2026-03:394.0, ex:2026-06-08|pay:2026-09:196.0"
2531,宝ホールディングス,2672.0,116,31.0,生活必需品,ex:2026-03-30|pay:2026-06:31.0
2533,オエノンホールディングス,486.0,247,12.0,生活必需品,ex:2025-12-29|pay:2026-03:11.0
253A,ＥＴＳグループ,1049.0,219,23.0,資本財,ex:2025-09-29|pay:2025-12:17.0
2540,養命酒製造,4030.0,112,45.0,生活必需品,
254A,ＡＩフュージョンキャピタルグループ,1197.0,0,0.0,金融,
2552,上場インデックスファンドＪリート（東証ＲＥＩＴ指数）隔月分配型（ミニ）,1871.0,481,90.0,,"ex:2025-10-08|pay:2026-01:18.0, ex:2025-12-08|pay:2026-03:10.0, ex:2026-02-08|pay:2026-05:19.0, ex:2026-04-08|pay:2026-07:17.0, ex:2026-06-08|pay:2026-09:11.0, ex:2026-08-08|pay:2026-11:15.0"
2553,Ｏｎｅ　ＥＴＦ　南方　中国Ａ株　ＣＳＩ５００,2399.5,75,18.0,,ex:2026-07-08|pay:2026-10:18.0
2554,ＮＥＸＴ　ＦＵＮＤＳ　ブルームバーグ米国投資適格社債（１－１０年）インデックス（為替ヘッジあり）連動型上場投信,728.1,438,31.9,,"ex:2025-12-07|pay:2026-03:7.7, ex:2026-03-07|pay:2026-06:7.4, ex:2026-06-07|pay:2026-09:8.1, ex:2026-09-07|pay:2026-12:8.7"
2555,東証ＲＥＩＴ　ＥＴＦ,1799.0,467,84.0,,"ex:2025-10-12|pay:2026-01:20.0, ex:2026-01-12|pay:2026-04:22.0, ex:2026-04-12|pay:2026-07:23.0, ex:2026-07-12|pay:2026-10:19.0"
2556,Ｏｎｅ　ＥＴＦ　東証ＲＥＩＴ指数,1808.0,487,88.1,,"ex:2025-10-08|pay:2026-01:24.5, ex:2026-01-08|pay:2026-04:20.4, ex:2026-04-08|pay:2026-07:25.6, ex:2026-07-08|pay:2026-10:17.6"
2557,ＳＭＤＡＭ　トピックス上場投信,4184.0,171,71.5,,"ex:2025-10-08|pay:2026-01:32.8, ex:2026-04-08|pay:2026-07:38.7"
2558,ＭＡＸＩＳ米国株式（Ｓ＆Ｐ５００）上場投信,3511.0,84,29.6,,"ex:2025-12-08|pay:2026-03:14.1, ex:2026-06-08|pay:2026-09:15.5"
2559,ＭＡＸＩＳ全世界株式（オール・カントリー）上場投信,2977.0,114,34.0,,"ex:2025-12-08|pay:2026-03:14.7, ex:2026-06-08|pay:2026-09:19.3"
255A,ジーエルテクノホールディングス,5450.0,231,126.0,情報技術,ex:2026-03-30|pay:2026-06:123.0
2560,ＭＡＸＩＳカーボン・エフィシェント日本株上場投信,53090.0,174,923.0,,"ex:2025-11-10|pay:2026-02:420.0, ex:2026-05-10|pay:2026-08:503.0"
2561,ｉシェアーズ・コア　日本国債　ＥＴＦ,1964.0,127,25.0,,"ex:2025-10-11|pay:2026-01:7.0, ex:2026-01-11|pay:2026-04:6.0, ex:2026-04-11|pay:2026-07:6.0, ex:2026-07-11|pay:2026-10:6.0"
2562,上場インデックスファンド米国株式（ダウ平均）為替ヘッジあり,3566.0,112,40.0,,"ex:2026-01-08|pay:2026-04:18.0, ex:2026-07-08|pay:2026-10:22.0"
2563,ｉシェアーズ　Ｓ＆Ｐ　５００　米国株　ＥＴＦ（為替ヘッジあり）,406.6,89,3.6,,"ex:2026-02-09|pay:2026-05:1.9, ex:2026-08-09|pay:2026-11:1.7"
2564,グローバルＸ　ＭＳＣＩスーパーディビィデンド－日本株式　ＥＴＦ,3715.0,412,153.0,,"ex:2025-10-24|pay:2026-01:61.0, ex:2026-01-24|pay:2026-04:7.0, ex:2026-04-24|pay:2026-07:69.0, ex:2026-07-24|pay:2026-10:16.0"
2565,グローバルＸ　ロジスティクス・Ｊ－ＲＥＩＴ　ＥＴＦ,863.0,487,42.0,,"ex:2025-10-24|pay:2026-01:10.0, ex:2025-12-24|pay:2026-03:4.0, ex:2026-02-24|pay:2026-05:7.0, ex:2026-04-24|pay:2026-07:11.0, ex:2026-06-24|pay:2026-09:4.0, ex:2026-08-24|pay:2026-11:6.0"
2566,上場インデックスファンド日経ＥＳＧリート,984.0,488,48.0,,"ex:2025-10-08|pay:2026-01:13.0, ex:2026-01-08|pay:2026-04:11.0, ex:2026-04-08|pay:2026-07:14.0, ex:2026-07-08|pay:2026-10:10.0"
2567,ＮＺＡＭ　上場投信　Ｓ＆Ｐ／ＪＰＸカーボン・エフィシェント指数,546.0,172,9.4,,"ex:2026-02-15|pay:2026-05:4.2, ex:2026-08-15|pay:2026-11:5.2"
2568,上場インデックスファンド米国株式（ＮＡＳＤＡＱ１００）為替ヘッジなし,8299.0,19,16.0,,"ex:2026-01-08|pay:2026-04:7.0, ex:2026-07-08|pay:2026-10:9.0"
2569,上場インデックスファンド米国株式（ＮＡＳＤＡＱ１００）為替ヘッジあり,4458.0,25,11.0,,"ex:2026-01-08|pay:2026-04:5.0, ex:2026-07-08|pay:2026-10:6.0"
256A,飛島ホールディングス,2326.0,473,110.0,資本財,ex:2026-03-30|pay:2026-06:105.0
2573,北海道コカ・コーラボトリング,4130.0,73,30.0,生活必需品,"ex:2025-12-29|pay:2026-03:15.0, ex:2026-06-29|pay:2026-09:15.0"
2579,コカ・コーラ　ボトラーズジャパンホールディングス,3831.0,188,72.0,生活必需品,"ex:2025-12-29|pay:2026-03:32.0, ex:2026-06-29|pay:2026-09:35.0"
257A,ＳＭＴ　ＥＴＦ日本株厳選投資アクティブ,3395.0,71,24.0,,"ex:2026-01-11|pay:2026-04:11.0, ex:2026-07-11|pay:2026-10:13.0"
2585,ライフドリンク　カンパニー,1312.0,114,15.0,生活必需品,ex:2026-03-30|pay:2026-06:14.0
2586,フルッタフルッタ,62.0,0,0.0,生活必需品,
2587,サントリー食品インターナショナル,4542.0,264,120.0,生活必需品,"ex:2025-12-29|pay:2026-03:60.0, ex:2026-06-29|pay:2026-09:60.0"
2588,プレミアムウォーターホールディングス,3650.0,329,120.0,公益事業,"ex:2025-09-29|pay:2025-12:55.0, ex:2026-03-30|pay:2026-06:60.0"
258A,ＳＭＴ　ＥＴＦ国内リート厳選投資アクティブ,2003.0,489,98.0,,"ex:2026-01-11|pay:2026-04:53.0, ex:2026-07-11|pay:2026-10:45.0"
2590,ダイドーグループホールディングス,2952.0,102,30.0,生活必需品,"ex:2026-01-19|pay:2026-04:15.0, ex:2026-07-16|pay:2026-10:15.0"
2593,伊藤園,3148.0,165,52.0,生活必需品,"ex:2025-10-30|pay:2026-01:24.0, ex:2026-04-28|pay:2026-07:24.0"
25935,ベルーナ,1812.0,364,66.0,生活必需品,"ex:2025-10-30|pay:2026-01:30.0, ex:2026-04-28|pay:2026-07:30.0"
2594,キーコーヒー,1988.0,60,12.0,生活必需品,"ex:2025-09-29|pay:2025-12:6.0, ex:2026-03-30|pay:2026-06:6.0"
2597,ユニカフェ,1280.0,78,10.0,生活必需品,ex:2025-12-29|pay:2026-03:10.0
2602,日清オイリオグループ,2089.0,287,60.0,生活必需品,"ex:2025-09-29|pay:2025-12:30.0, ex:2026-03-30|pay:2026-06:30.0"
2607,不二製油,4480.0,138,62.0,生活必需品,"ex:2025-09-29|pay:2025-12:26.0, ex:2026-03-30|pay:2026-06:26.0"
2612,かどや製油,2870.0,159,45.67,生活必需品,ex:2026-03-30|pay:2026-06:45.6667
2613,Ｊ－オイルミルズ,2292.0,349,80.0,生活必需品,"ex:2025-09-29|pay:2025-12:35.0, ex:2026-03-30|pay:2026-06:35.0"
261A,日水コン,2002.0,370,74.0,資本財,"ex:2025-12-29|pay:2026-03:42.0, ex:2026-06-29|pay:2026-09:37.0"
2620,ｉシェアーズ　米国債１－３年　ＥＴＦ,364.6,277,10.1,,"ex:2025-10-11|pay:2026-01:2.6, ex:2026-01-11|pay:2026-04:2.5, ex:2026-04-11|pay:2026-07:2.4, ex:2026-07-11|pay:2026-10:2.6"
2621,ｉシェアーズ　米国債２０年超　ＥＴＦ（為替ヘッジあり）,968.0,496,48.0,,"ex:2025-10-11|pay:2026-01:12.0, ex:2026-01-11|pay:2026-04:12.0, ex:2026-04-11|pay:2026-07:12.0, ex:2026-07-11|pay:2026-10:12.0"
2622,ｉシェアーズ　米ドル建て新興国債券　ＥＴＦ（為替ヘッジあり）,1664.0,469,78.0,,"ex:2025-10-11|pay:2026-01:20.0, ex:2026-01-11|pay:2026-04:19.0, ex:2026-04-11|pay:2026-07:19.0, ex:2026-07-11|pay:2026-10:20.0"
2623,ｉシェアーズ　ユーロ建て投資適格社債　ＥＴＦ（為替ヘッジあり）,1902.0,510,97.0,,"ex:2025-10-11|pay:2026-01:52.0, ex:2026-04-11|pay:2026-07:45.0"
2624,ｉＦｒｅｅＥＴＦ　日経２２５（年４回決算型）,6666.0,114,76.0,,"ex:2025-10-10|pay:2026-01:31.0, ex:2026-01-10|pay:2026-04:4.0, ex:2026-04-10|pay:2026-07:37.0, ex:2026-07-10|pay:2026-10:4.0"
2625,ｉＦｒｅｅＥＴＦ　ＴＯＰＩＸ（年４回決算型）,4137.0,179,74.0,,"ex:2025-10-10|pay:2026-01:29.0, ex:2026-01-10|pay:2026-04:4.0, ex:2026-04-10|pay:2026-07:35.0, ex:2026-07-10|pay:2026-10:6.0"
2626,グローバルＸ　デジタル・イノベーション－日本株式　ＥＴＦ,3340.0,69,23.0,,"ex:2026-01-24|pay:2026-04:5.0, ex:2026-07-24|pay:2026-10:18.0"
2627,グローバルＸ　ｅコマース－日本株式　ＥＴＦ,1560.0,115,18.0,,"ex:2026-01-24|pay:2026-04:11.0, ex:2026-07-24|pay:2026-10:7.0"
2628,ｉＦｒｅｅＥＴＦ　中国科創板５０（ＳＴＡＲ５０）,3994.0,0,0.0,,
2629,ｉＦｒｅｅＥＴＦ　中国グレーターベイエリア・イノベーション１００（ＧＢＡ１００）,4889.0,0,0.0,,
262A,インターメスティック,1735.0,294,51.0,ヘルスケア,ex:2025-12-29|pay:2026-03:44.0
2630,ＭＡＸＩＳ米国株式（Ｓ＆Ｐ５００）上場投信（為替ヘッジあり）,16095.0,88,142.0,,"ex:2025-12-08|pay:2026-03:70.0, ex:2026-06-08|pay:2026-09:72.0"
2631,ＭＡＸＩＳナスダック１００上場投信,34620.0,28,96.0,,"ex:2025-12-08|pay:2026-03:47.0, ex:2026-06-08|pay:2026-09:49.0"
2632,ＭＡＸＩＳナスダック１００上場投信（為替ヘッジあり）,18540.0,35,65.0,,"ex:2025-12-08|pay:2026-03:34.0, ex:2026-06-08|pay:2026-09:31.0"
2633,ＮＥＸＴ　ＦＵＮＤＳ　Ｓ＆Ｐ　５００　指数（為替ヘッジなし）連動型上場投信,561.5,82,4.6,,"ex:2026-03-10|pay:2026-06:2.4, ex:2026-09-10|pay:2026-12:2.2"
2634,ＮＥＸＴ　ＦＵＮＤＳ　Ｓ＆Ｐ　５００　指数（為替ヘッジあり）連動型上場投信,3176.0,85,27.0,,"ex:2026-03-10|pay:2026-06:15.0, ex:2026-09-10|pay:2026-12:12.0"
2636,グローバルＸ　ＭＳＣＩ　ガバナンス・クオリティ－日本株式　ＥＴＦ,4913.0,136,67.0,,"ex:2026-03-24|pay:2026-06:35.0, ex:2026-09-24|pay:2026-12:32.0"
2637,グローバルＸ　クリーンテック－日本株式　ＥＴＦ,2624.0,95,25.0,,"ex:2026-03-24|pay:2026-06:12.0, ex:2026-09-24|pay:2026-12:13.0"
2638,グローバルＸ　ロボティクス＆ＡＩ－日本株式　ＥＴＦ,2681.0,15,4.0,,"ex:2025-12-24|pay:2026-03:1.0, ex:2026-06-24|pay:2026-09:3.0"
2639,グローバルＸ　バイオ＆メドテック－日本株式　ＥＴＦ,1734.0,323,56.0,,"ex:2025-12-24|pay:2026-03:4.0, ex:2026-06-24|pay:2026-09:52.0"
263A,デジタルキューブ,800.0,0,0.0,情報技術,
2640,グローバルＸ　ゲーム＆アニメ－日本株式　ＥＴＦ,4235.0,137,58.0,,"ex:2025-12-24|pay:2026-03:4.0, ex:2026-06-24|pay:2026-09:54.0"
2641,グローバルＸ　グローバルリーダーズ－日本株式　ＥＴＦ,4535.0,154,70.0,,"ex:2025-12-24|pay:2026-03:34.0, ex:2026-06-24|pay:2026-09:36.0"
2642,ＳＭＴ　ＥＴＦカーボン・エフィシェント日本株,54210.0,176,954.0,,"ex:2026-01-11|pay:2026-04:429.0, ex:2026-07-11|pay:2026-10:525.0"
2643,ＮＥＸＴ　ＦＵＮＤＳ　ＭＳＣＩジャパンカントリー指数（セレクト）連動型上場投信,4210.0,150,63.0,,"ex:2025-10-20|pay:2026-01:31.0, ex:2026-04-20|pay:2026-07:32.0"
2644,グローバルＸ　半導体関連－日本株式　ＥＴＦ,4047.0,54,22.0,,"ex:2025-10-24|pay:2026-01:10.0, ex:2026-04-24|pay:2026-07:12.0"
2645,グローバルＸ　レジャー＆エンターテインメント－日本株式　ＥＴＦ,3082.0,71,22.0,,"ex:2025-10-24|pay:2026-01:3.0, ex:2026-04-24|pay:2026-07:19.0"
2646,グローバルＸ　メタルビジネス－日本株式　ＥＴＦ,3798.0,134,51.0,,"ex:2025-10-24|pay:2026-01:18.0, ex:2026-04-24|pay:2026-07:33.0"
2647,ＮＥＸＴ　ＦＵＮＤＳ　ブルームバーグ米国国債（７－１０年）インデックス（為替ヘッジなし）連動型上場投信,5622.0,386,217.0,,"ex:2025-12-07|pay:2026-03:49.0, ex:2026-03-07|pay:2026-06:51.0, ex:2026-06-07|pay:2026-09:56.0, ex:2026-09-07|pay:2026-12:61.0"
2648,ＮＥＸＴ　ＦＵＮＤＳ　ブルームバーグ米国国債（７－１０年）インデックス（為替ヘッジあり）連動型上場投信,3211.0,439,141.0,,"ex:2025-12-07|pay:2026-03:36.0, ex:2026-03-07|pay:2026-06:34.0, ex:2026-06-07|pay:2026-09:36.0, ex:2026-09-07|pay:2026-12:35.0"
2649,ｉシェアーズ　米国政府系機関ジニーメイＭＢＳ　ＥＴＦ（為替ヘッジあり）,558.5,453,25.3,,"ex:2025-10-11|pay:2026-01:6.6, ex:2026-01-11|pay:2026-04:6.4, ex:2026-04-11|pay:2026-07:6.2, ex:2026-07-11|pay:2026-10:6.1"
264A,Ｓｃｈｏｏ,311.0,0,0.0,,
2652,まんだらけ,420.0,24,1.0,一般消費財,ex:2025-09-29|pay:2025-12:1.0
2653,イオン九州,2799.0,179,50.0,一般消費財,"ex:2026-02-26|pay:2026-05:30.0, ex:2026-08-28|pay:2026-11:25.0"
2654,アスモ,432.0,231,10.0,生活必需品,ex:2026-03-30|pay:2026-06:10.0
2656,ベクターホールディングス,164.0,0,0.0,コミュニケーション・サービス,
2659,サンエー,3355.0,328,110.0,一般消費財,ex:2026-02-26|pay:2026-05:125.0
265A,Ｈｍｃｏｍｍ,764.0,0,0.0,情報技術,
2664,カワチ薬品,3730.0,268,100.0,ヘルスケア,"ex:2026-03-12|pay:2026-06:100.0, ex:2026-09-14|pay:2026-12:50.0"
2666,オートウェーブ,191.0,209,4.0,一般消費財,ex:2026-03-30|pay:2026-06:4.0
2667,イメージ　ワン,107.0,0,0.0,情報技術,
2668,タビオ,1275.0,235,30.0,一般消費財,ex:2026-02-26|pay:2026-05:30.0
2669,カネ美食品,3930.0,97,38.0,生活必需品,"ex:2026-02-26|pay:2026-05:19.0, ex:2026-08-28|pay:2026-11:19.0"
266A,グローカルマーケティング,1350.0,0,0.0,資本財,
2670,エービーシー・マート,2735.0,293,80.0,一般消費財,"ex:2026-02-26|pay:2026-05:40.0, ex:2026-08-28|pay:2026-11:40.0"
2673,夢みつけ隊,104.0,0,0.0,一般消費財,
2674,ハードオフコーポレーション,2607.0,353,92.0,一般消費財,ex:2026-03-30|pay:2026-06:85.0
2676,高千穂交易,2085.0,365,76.0,資本財,"ex:2025-09-29|pay:2025-12:34.5, ex:2026-03-30|pay:2026-06:41.5"
2678,アスクル,1240.0,161,20.0,一般消費財,ex:2026-05-19|pay:2026-08:10.0
267A,トワライズ,1815.0,220,40.0,資本財,ex:2026-07-30|pay:2026-10:20.0
2681,ゲオホールディングス,2381.0,143,34.0,一般消費財,"ex:2025-09-29|pay:2025-12:17.0, ex:2026-03-30|pay:2026-06:17.0"
2683,魚喜,994.0,101,10.0,生活必需品,ex:2026-02-26|pay:2026-05:10.0
2685,アンドエスティＨＤ,3200.0,281,90.0,一般消費財,"ex:2026-02-26|pay:2026-05:45.0, ex:2026-08-28|pay:2026-11:45.0"
2686,ジーフット,297.0,0,0.0,一般消費財,
2687,シー・ヴイ・エス・ベイエリア,495.0,404,20.0,生活必需品,"ex:2026-02-26|pay:2026-05:10.0, ex:2026-08-28|pay:2026-11:10.0"
2689,オルバヘルスケアホールディングス,1925.0,416,80.0,ヘルスケア,ex:2026-06-29|pay:2026-09:80.0
268A,リガク・ホールディングス,1668.0,114,19.0,情報技術,"ex:2025-12-29|pay:2026-03:9.4, ex:2026-06-29|pay:2026-09:9.5"
2692,伊藤忠食品,12940.0,124,160.0,生活必需品,ex:2025-09-29|pay:2025-12:80.0
2693,ＹＫＴ,286.0,175,5.0,資本財,ex:2025-12-29|pay:2026-03:5.0
2694,焼肉坂井ホールディングス,72.0,69,0.5,一般消費財,ex:2026-03-30|pay:2026-06:0.5
2695,くら寿司,1682.0,89,15.0,一般消費財,ex:2025-10-30|pay:2026-01:10.0
2698,キャンドゥ,3285.0,52,17.0,生活必需品,"ex:2026-02-26|pay:2026-05:8.5, ex:2026-08-28|pay:2026-11:8.5"
269A,Ｓａｐｅｅｔ,3045.0,0,0.0,情報技術,
2700,木徳神糧,1754.0,285,50.0,生活必需品,"ex:2025-12-29|pay:2026-03:70.0, ex:2026-06-29|pay:2026-09:25.0"
2702,日本マクドナルドホールディングス,7580.0,84,64.0,一般消費財,ex:2025-12-29|pay:2026-03:56.0
2705,大戸屋ホールディングス,8880.0,23,20.0,一般消費財,ex:2026-03-30|pay:2026-06:20.0
2708,久世,1900.0,237,45.0,生活必需品,ex:2026-03-30|pay:2026-06:45.0
271A,アクセリア,1500.0,0,0.0,情報技術,
2721,ジェイホールディングス,102.0,0,0.0,不動産,
2722,ＩＫホールディングス,361.0,249,9.0,生活必需品,ex:2026-05-28|pay:2026-08:9.0
2726,パルグループホールディングス,1468.0,272,40.0,一般消費財,ex:2026-02-26|pay:2026-05:40.0
2730,エディオン,2497.0,200,50.0,一般消費財,"ex:2025-09-29|pay:2025-12:23.0, ex:2026-03-30|pay:2026-06:25.0"
2733,あらた,2720.0,412,112.0,一般消費財,"ex:2025-09-29|pay:2025-12:56.0, ex:2026-03-30|pay:2026-06:56.0"
2734,サーラコーポレーション,1243.0,290,36.0,資本財,"ex:2025-11-27|pay:2026-02:16.0, ex:2026-05-28|pay:2026-08:16.0"
2735,ワッツ,722.0,208,15.0,生活必需品,"ex:2026-02-26|pay:2026-05:7.5, ex:2026-08-28|pay:2026-11:15.5"
2736,フェスタリアホールディングス,607.0,115,7.0,一般消費財,ex:2026-08-28|pay:2026-11:7.0
2737,トーメンデバイス,43700.0,751,3280.0,情報技術,ex:2026-03-30|pay:2026-06:540.0
273A,ＳＢＩ　サウジアラビア株式上場投信,9470.0,333,315.0,,"ex:2026-03-24|pay:2026-06:66.0, ex:2026-09-24|pay:2026-12:249.0"
2742,ハローズ,3920.0,184,72.0,生活必需品,"ex:2026-02-26|pay:2026-05:36.0, ex:2026-08-28|pay:2026-11:36.0"
2747,北雄ラッキー,3200.0,156,50.0,生活必需品,ex:2026-02-26|pay:2026-05:50.0
2749,ＪＰホールディングス,667.0,202,13.5,資本財,ex:2026-03-30|pay:2026-06:12.5
274A,ガーデン,2246.0,401,90.0,一般消費財,"ex:2026-02-26|pay:2026-05:55.0, ex:2026-08-28|pay:2026-11:45.0"
2750,石光商事,1373.0,364,50.0,生活必需品,ex:2026-03-30|pay:2026-06:45.0
2751,テンポスホールディングス,3615.0,25,9.0,一般消費財,ex:2026-04-28|pay:2026-07:9.0
2752,フジオフードグループ本社,1172.0,26,3.0,一般消費財,ex:2025-12-29|pay:2026-03:3.0
2753,あみやき亭,1377.0,247,34.0,一般消費財,"ex:2025-09-29|pay:2025-12:17.0, ex:2026-03-30|pay:2026-06:17.0"
2760,東京エレクトロン　デバイス,4610.0,299,138.0,情報技術,"ex:2025-09-29|pay:2025-12:35.0, ex:2026-03-30|pay:2026-06:72.0"
2762,ＳＡＮＫＯ　ＭＡＲＫＥＴＩＮＧ　ＦＯＯＤＳ,69.0,0,0.0,一般消費財,
2763,エフティグループ,1199.0,584,70.0,情報技術,"ex:2025-09-29|pay:2025-12:20.0, ex:2026-03-30|pay:2026-06:35.0"
2764,ひらまつ,167.0,73,1.22,一般消費財,
2767,円谷フィールズホールディングス,2615.0,268,70.0,一般消費財,ex:2026-03-30|pay:2026-06:70.0
2768,双日,5756.0,313,180.0,資本財,"ex:2025-09-29|pay:2025-12:82.5, ex:2026-03-30|pay:2026-06:82.5"
2769,ヴィレッジヴァンガードコーポレーション,928.0,0,0.0,一般消費財,
276A,ククレブ・アドバイザーズ,4375.0,69,30.0,情報技術,ex:2026-08-28|pay:2026-11:30.0
2776,新都ホールディングス,93.0,0,0.0,一般消費財,
2778,パレモ・ホールディングス,121.0,0,0.0,一般消費財,
277A,グロービング,1872.0,229,42.8,資本財,ex:2026-05-28|pay:2026-08:16.1
2780,コメ兵ホールディングス,4490.0,241,108.0,不動産,"ex:2025-09-29|pay:2025-12:53.0, ex:2026-03-30|pay:2026-06:53.0"
2782,セリア,4690.0,171,80.0,生活必需品,"ex:2025-09-29|pay:2025-12:35.0, ex:2026-03-30|pay:2026-06:40.0"
2784,アルフレッサ　ホールディングス,2387.5,302,72.0,ヘルスケア,"ex:2025-09-29|pay:2025-12:34.0, ex:2026-03-30|pay:2026-06:34.0"
2788,アップルインターナショナル,414.0,725,30.0,一般消費財,ex:2025-12-29|pay:2026-03:10.0
2789,カルラ,486.0,103,5.0,一般消費財,ex:2026-02-26|pay:2026-05:5.0
278A,Ｔｅｒｒａ　Ｄｒｏｎｅ,19800.0,0,0.0,資本財,
2790,ナフコ,2130.0,272,58.0,一般消費財,"ex:2025-09-29|pay:2025-12:29.0, ex:2026-03-30|pay:2026-06:29.0"
2791,大黒天物産,4525.0,86,39.0,生活必需品,ex:2026-05-28|pay:2026-08:35.0
2792,ハニーズホールディングス,1427.0,385,55.0,一般消費財,"ex:2025-11-27|pay:2026-02:25.0, ex:2026-05-28|pay:2026-08:30.0"
2795,日本プリメックス,974.0,257,25.0,資本財,ex:2026-03-30|pay:2026-06:25.0
2796,ファーマライズホールディングス,504.0,278,14.0,ヘルスケア,ex:2026-05-28|pay:2026-08:14.0
2798,ワイズテーブルコーポレーション,2990.0,0,0.0,一般消費財,
279A,インターグ,1550.0,129,20.0,コミュニケーション・サービス,ex:2026-03-30|pay:2026-06:20.0
2801,キッコーマン,1662.0,150,25.0,生活必需品,"ex:2025-09-29|pay:2025-12:10.0, ex:2026-03-30|pay:2026-06:15.0"
2802,味の素,5051.0,99,50.0,生活必需品,"ex:2025-09-29|pay:2025-12:24.0, ex:2026-03-30|pay:2026-06:24.0"
2804,ブルドックソース,1854.0,270,50.0,生活必需品,"ex:2025-09-29|pay:2025-12:20.0, ex:2026-03-30|pay:2026-06:25.0"
2805,ヱスビー食品,7540.0,80,60.0,生活必需品,"ex:2025-09-29|pay:2025-12:24.0, ex:2026-03-30|pay:2026-06:26.0"
2806,ユタカフーズ,1917.0,209,40.0,生活必需品,"ex:2025-09-29|pay:2025-12:20.0, ex:2026-03-30|pay:2026-06:20.0"
2809,キユーピー,4432.0,147,65.0,生活必需品,"ex:2025-11-27|pay:2026-02:32.0, ex:2026-05-28|pay:2026-08:32.0"
280A,ＴＭＨ,1125.0,0,0.0,情報技術,
2810,ハウス食品グループ本社,4027.0,248,100.0,生活必需品,"ex:2025-09-29|pay:2025-12:24.0, ex:2026-03-30|pay:2026-06:46.0"
2811,カゴメ,2725.5,2157,588.0,生活必需品,ex:2025-12-29|pay:2026-03:48.0
2813,和弘食品,3910.0,537,210.0,生活必需品,ex:2026-03-30|pay:2026-06:100.0
2814,佐藤食品工業,1899.0,147,28.0,生活必需品,"ex:2025-09-29|pay:2025-12:11.0, ex:2026-03-30|pay:2026-06:14.0"
2815,アリアケジャパン,5250.0,457,240.0,生活必需品,"ex:2025-09-29|pay:2025-12:60.0, ex:2026-03-30|pay:2026-06:120.0"
2816,ダイショー,1421.0,141,20.0,生活必需品,"ex:2025-09-29|pay:2025-12:9.0, ex:2026-03-30|pay:2026-06:12.0"
2818,ピエトロ,1760.0,136,24.0,生活必需品,ex:2026-03-30|pay:2026-06:24.0
2819,エバラ食品工業,2516.0,199,50.0,生活必需品,"ex:2025-09-29|pay:2025-12:22.0, ex:2026-03-30|pay:2026-06:25.0"
281A,インフォメティス,401.0,0,0.0,情報技術,
2820,やまみ,6320.0,158,100.0,生活必需品,"ex:2025-12-29|pay:2026-03:36.0, ex:2026-06-29|pay:2026-09:48.0"
282A,グローバルＸ　半導体・トップ１０－日本株式　ＥＴＦ,2360.0,42,10.0,,"ex:2025-11-10|pay:2026-02:5.0, ex:2026-05-10|pay:2026-08:5.0"
2831,はごろもフーズ,3750.0,187,70.0,生活必需品,"ex:2025-09-29|pay:2025-12:35.0, ex:2026-03-30|pay:2026-06:35.0"
2836,グローバルＸ　フィンテック－日本株式　ＥＴＦ,3278.0,146,48.0,,"ex:2025-12-24|pay:2026-03:23.0, ex:2026-06-24|pay:2026-09:25.0"
2837,グローバルＸ　中小型リーダーズ－日本株式　ＥＴＦ,4864.0,74,36.0,,"ex:2025-12-24|pay:2026-03:13.0, ex:2026-06-24|pay:2026-09:23.0"
2838,ＭＡＸＩＳ米国国債７－１０年上場投信（為替ヘッジなし）,8382.0,427,358.0,,"ex:2025-11-10|pay:2026-02:111.0, ex:2026-02-10|pay:2026-05:58.0, ex:2026-05-10|pay:2026-08:93.0, ex:2026-08-10|pay:2026-11:96.0"
2839,ＭＡＸＩＳ米国国債７－１０年上場投信（為替ヘッジあり）,4803.0,408,196.0,,"ex:2025-11-10|pay:2026-02:55.0, ex:2026-02-10|pay:2026-05:42.0, ex:2026-05-10|pay:2026-08:53.0, ex:2026-08-10|pay:2026-11:46.0"
283A,グローバルＸ　ＵＳ　テック・配当貴族　ＥＴＦ,1321.0,83,11.0,,"ex:2025-11-10|pay:2026-02:2.0, ex:2026-02-10|pay:2026-05:3.0, ex:2026-05-10|pay:2026-08:3.0, ex:2026-08-10|pay:2026-11:3.0"
2840,ｉＦｒｅｅＥＴＦ　ＮＡＳＤＡＱ１００（為替ヘッジなし）,2785.0,25,7.0,,"ex:2026-03-10|pay:2026-06:4.0, ex:2026-09-10|pay:2026-12:3.0"
2841,ｉＦｒｅｅＥＴＦ　ＮＡＳＤＡＱ１００（為替ヘッジあり）,1752.0,34,6.0,,"ex:2026-03-10|pay:2026-06:3.0, ex:2026-09-10|pay:2026-12:3.0"
2842,ｉＦｒｅｅＥＴＦ　ＮＡＳＤＡＱ１００インバース,11785.0,0,0.0,,
2843,上場インデックスファンド豪州国債（為替ヘッジあり）,3605.0,383,138.0,,"ex:2025-11-10|pay:2026-02:32.0, ex:2026-02-10|pay:2026-05:35.0, ex:2026-05-10|pay:2026-08:37.0, ex:2026-08-10|pay:2026-11:34.0"
2844,上場インデックスファンド豪州国債（為替ヘッジなし）,5353.0,536,287.0,,"ex:2025-11-10|pay:2026-02:60.0, ex:2026-02-10|pay:2026-05:70.0, ex:2026-05-10|pay:2026-08:77.0, ex:2026-08-10|pay:2026-11:80.0"
2845,ＮＥＸＴ　ＦＵＮＤＳ　ＮＡＳＤＡＱ－１００（為替ヘッジあり）連動型上場投信,3669.0,27,10.0,,"ex:2026-02-10|pay:2026-05:5.0, ex:2026-08-10|pay:2026-11:5.0"
2846,ＮＥＸＴ　ＦＵＮＤＳ　ダウ・ジョーンズ工業株３０種平均株価（為替ヘッジあり）連動型上場投信,2477.0,89,22.0,,"ex:2026-02-10|pay:2026-05:12.0, ex:2026-08-10|pay:2026-11:10.0"
2847,グローバルＸ　新成長インフラ－日本株式　ＥＴＦ,3047.0,108,33.0,,"ex:2025-10-24|pay:2026-01:15.0, ex:2026-04-24|pay:2026-07:18.0"
2848,グローバルＸ　ＭＳＣＩ　気候変動対応－日本株式　ＥＴＦ,3083.0,146,45.0,,"ex:2025-10-24|pay:2026-01:21.0, ex:2026-04-24|pay:2026-07:24.0"
2849,グローバルＸ　Ｍｏｒｎｉｎｇｓｔａｒ　高配当　ＥＳＧ－日本株式　ＥＴＦ,5545.0,240,133.0,,"ex:2025-10-24|pay:2026-01:44.0, ex:2026-01-24|pay:2026-04:8.0, ex:2026-04-24|pay:2026-07:72.0, ex:2026-07-24|pay:2026-10:9.0"
284A,フクヤ建設,2335.0,792,185.0,資本財,ex:2026-08-28|pay:2026-11:185.0
2851,ｉシェアーズ　ＭＳＣＩ　ジャパンＳＲＩ　ＥＴＦ,399.9,153,6.1,,"ex:2026-02-09|pay:2026-05:2.9, ex:2026-08-09|pay:2026-11:3.2"
2852,ｉシェアーズ　グリーンＪリート　ＥＴＦ,169.7,466,7.9,,"ex:2025-11-09|pay:2026-02:2.0, ex:2026-02-09|pay:2026-05:2.1, ex:2026-05-09|pay:2026-08:2.5, ex:2026-08-09|pay:2026-11:1.3"
2853,ｉシェアーズ　気候リスク調整世界国債　ＥＴＦ（除く日本・為替ヘッジあり）,600.0,295,17.7,,"ex:2025-10-11|pay:2026-01:4.4, ex:2026-01-11|pay:2026-04:4.4, ex:2026-04-11|pay:2026-07:4.4, ex:2026-07-11|pay:2026-10:4.5"
2854,グローバルＸ　テック・トップ２０－日本株式　ＥＴＦ,2761.0,65,18.0,,"ex:2025-10-24|pay:2026-01:9.0, ex:2026-04-24|pay:2026-07:9.0"
2855,グローバルＸ　グリーン・Ｊ－ＲＥＩＴ　ＥＴＦ,910.0,484,44.0,,"ex:2025-10-24|pay:2026-01:9.0, ex:2025-12-24|pay:2026-03:6.0, ex:2026-02-24|pay:2026-05:6.0, ex:2026-04-24|pay:2026-07:10.0, ex:2026-06-24|pay:2026-09:6.0, ex:2026-08-24|pay:2026-11:7.0"
2856,ｉシェアーズ　米国債３－７年　ＥＴＦ（為替ヘッジあり）,632.9,351,22.2,,"ex:2025-10-11|pay:2026-01:5.4, ex:2026-01-11|pay:2026-04:5.6, ex:2026-04-11|pay:2026-07:5.5, ex:2026-07-11|pay:2026-10:5.7"
2857,ｉシェアーズ　ドイツ国債　ＥＴＦ（為替ヘッジあり）,612.8,204,12.5,,"ex:2025-10-11|pay:2026-01:3.4, ex:2026-01-11|pay:2026-04:2.7, ex:2026-04-11|pay:2026-07:3.1, ex:2026-07-11|pay:2026-10:3.3"
2858,グローバルＸ　日経２２５　カバード・コール　ＥＴＦ（プレミアム再投資型）,1526.0,131,20.0,,"ex:2025-10-24|pay:2026-01:18.0, ex:2026-04-24|pay:2026-07:2.0"
2859,ＮＥＸＴ　ＦＵＮＤＳ　ユーロ・ストックス５０指数（為替ヘッジあり）連動型上場投信,3177.0,164,52.0,,"ex:2025-12-08|pay:2026-03:10.0, ex:2026-06-08|pay:2026-09:42.0"
285A,キオクシアホールディングス,55780.0,0,0.0,情報技術,
2860,ＮＥＸＴ　ＦＵＮＤＳ　ドイツ株式・ＤＡＸ（為替ヘッジあり）連動型上場投信,3208.0,137,44.0,,ex:2026-06-08|pay:2026-09:44.0
2861,上場インデックスファンドフランス国債（為替ヘッジなし）,5301.0,466,247.0,,"ex:2025-11-10|pay:2026-02:54.0, ex:2026-02-10|pay:2026-05:60.0, ex:2026-05-10|pay:2026-08:65.0, ex:2026-08-10|pay:2026-11:68.0"
2862,上場インデックスファンドフランス国債（為替ヘッジあり）,3714.0,307,114.0,,"ex:2025-11-10|pay:2026-02:30.0, ex:2026-02-10|pay:2026-05:29.0, ex:2026-05-10|pay:2026-08:29.0, ex:2026-08-10|pay:2026-11:26.0"
2864,グローバルＸ　ロジスティクス・ＲＥＩＴ　ＥＴＦ,1290.0,310,40.0,,"ex:2025-10-24|pay:2026-01:6.0, ex:2025-12-24|pay:2026-03:4.0, ex:2026-02-24|pay:2026-05:5.0, ex:2026-04-24|pay:2026-07:7.0, ex:2026-06-24|pay:2026-09:4.0, ex:2026-08-24|pay:2026-11:14.0"
2865,グローバルＸ　ＮＡＳＤＡＱ１００・カバード・コール　ＥＴＦ,1295.0,1004,130.0,,"ex:2025-10-10|pay:2026-01:11.0, ex:2025-11-10|pay:2026-02:10.0, ex:2025-12-10|pay:2026-03:10.0, ex:2026-01-10|pay:2026-04:11.0, ex:2026-02-10|pay:2026-05:10.0, ex:2026-03-10|pay:2026-06:11.0, ex:2026-04-10|pay:2026-07:12.0, ex:2026-05-10|pay:2026-08:11.0, ex:2026-06-10|pay:2026-09:11.0, ex:2026-07-10|pay:2026-10:12.0, ex:2026-08-10|pay:2026-11:11.0, ex:2026-09-10|pay:2026-12:10.0"
2866,グローバルＸ　米国優先証券　ＥＴＦ,952.0,588,56.0,,"ex:2025-10-10|pay:2026-01:4.0, ex:2025-11-10|pay:2026-02:5.0, ex:2025-12-10|pay:2026-03:5.0, ex:2026-01-10|pay:2026-04:4.0, ex:2026-02-10|pay:2026-05:5.0, ex:2026-03-10|pay:2026-06:5.0, ex:2026-04-10|pay:2026-07:5.0, ex:2026-05-10|pay:2026-08:4.0, ex:2026-06-10|pay:2026-09:5.0, ex:2026-07-10|pay:2026-10:5.0, ex:2026-08-10|pay:2026-11:5.0, ex:2026-09-10|pay:2026-12:4.0"
2867,グローバルＸ　自動運転＆ＥＶ　ＥＴＦ,1679.0,0,0.0,,
2868,グローバルＸ　Ｓ＆Ｐ５００・カバード・コール　ＥＴＦ,1145.0,900,103.0,,"ex:2025-10-10|pay:2026-01:7.0, ex:2025-11-10|pay:2026-02:9.0, ex:2025-12-10|pay:2026-03:10.0, ex:2026-01-10|pay:2026-04:7.0, ex:2026-02-10|pay:2026-05:8.0, ex:2026-03-10|pay:2026-06:8.0, ex:2026-04-10|pay:2026-07:11.0, ex:2026-05-10|pay:2026-08:8.0, ex:2026-06-10|pay:2026-09:10.0, ex:2026-07-10|pay:2026-10:9.0, ex:2026-08-10|pay:2026-11:9.0, ex:2026-09-10|pay:2026-12:7.0"
2869,ｉＦｒｅｅＥＴＦ　ＮＡＳＤＡＱ１００レバレッジ,3134.0,30,9.36,,"ex:2026-03-10|pay:2026-06:4.36, ex:2026-09-10|pay:2026-12:5.0"
286A,ユカリア,743.0,0,0.0,ヘルスケア,
2870,ｉＦｒｅｅＥＴＦ　ＮＡＳＤＡＱ１００ダブルインバース,7035.0,61,43.0,,"ex:2026-03-10|pay:2026-06:20.0, ex:2026-09-10|pay:2026-12:23.0"
2871,ニチレイ,2219.5,333,74.0,生活必需品,"ex:2025-09-29|pay:2025-12:23.0, ex:2026-03-30|pay:2026-06:24.0"
2872,セイヒョー,1926.0,93,18.0,生活必需品,ex:2026-02-26|pay:2026-05:18.0
2874,横浜冷凍,2167.0,129,28.0,生活必需品,"ex:2025-09-29|pay:2025-12:12.0, ex:2026-03-30|pay:2026-06:13.0"
2875,東洋水産,9777.0,225,220.0,生活必需品,"ex:2025-09-29|pay:2025-12:80.0, ex:2026-03-30|pay:2026-06:140.0"
2876,デルソーレ,471.0,255,12.0,生活必需品,ex:2026-03-30|pay:2026-06:12.0
2877,日東ベスト,762.0,157,12.0,生活必需品,ex:2026-03-30|pay:2026-06:12.0
287A,黒田グループ,1172.0,538,63.0,資本財,"ex:2025-09-29|pay:2025-12:30.0, ex:2026-03-30|pay:2026-06:31.0"
2882,イートアンドホールディングス,2011.0,75,15.0,一般消費財,"ex:2026-02-26|pay:2026-05:7.5, ex:2026-08-28|pay:2026-11:7.5"
2883,大冷,2055.0,292,60.0,資本財,ex:2026-03-30|pay:2026-06:60.0
2884,ヨシムラ・フード・ホールディングス,614.0,0,0.0,生活必需品,
288A,ラクサス・テクノロジーズ,93.0,0,0.0,一般消費財,
2892,日本食品化工,4830.0,311,150.0,生活必需品,"ex:2025-09-29|pay:2025-12:70.0, ex:2026-03-30|pay:2026-06:75.0"
2894,石井食品,360.0,111,4.0,生活必需品,ex:2026-03-30|pay:2026-06:4.0
2897,日清食品ホールディングス,2939.0,238,70.0,生活必需品,"ex:2025-09-29|pay:2025-12:35.0, ex:2026-03-30|pay:2026-06:35.0"
2901,ウェルディッシュ,152.0,263,4.0,ヘルスケア,ex:2026-08-28|pay:2026-11:4.0
2903,シノブフーズ,1540.0,221,34.0,生活必需品,"ex:2025-09-29|pay:2025-12:15.0, ex:2026-03-30|pay:2026-06:17.0"
2904,一正蒲鉾,756.0,370,28.0,生活必需品,ex:2026-06-29|pay:2026-09:14.0
2907,あじかん,1570.0,369,58.0,生活必需品,ex:2026-03-30|pay:2026-06:52.0
2908,フジッコ,1647.0,279,46.0,生活必需品,"ex:2025-09-29|pay:2025-12:23.0, ex:2026-03-30|pay:2026-06:23.0"
290A,Ｓｙｎｓｐｅｃｔｉｖｅ,1472.0,0,0.0,資本財,
2910,ロック・フィールド,1406.0,213,30.0,生活必需品,"ex:2025-10-30|pay:2026-01:9.0, ex:2026-04-28|pay:2026-07:15.0"
2911,旭松食品,2275.0,154,35.0,生活必需品,ex:2026-03-30|pay:2026-06:45.0
2914,日本たばこ産業,6943.0,392,272.0,生活必需品,"ex:2025-12-29|pay:2026-03:130.0, ex:2026-06-29|pay:2026-09:136.0"
2915,ケンコーマヨネーズ,2030.0,345,70.0,生活必需品,"ex:2025-09-29|pay:2025-12:23.0, ex:2026-03-30|pay:2026-06:44.0"
2916,仙波糖化工業,733.0,205,15.0,生活必需品,ex:2026-03-30|pay:2026-06:15.0
2917,大森屋,915.0,109,10.0,生活必需品,ex:2025-09-29|pay:2025-12:10.0
2918,わらべや日洋ホールディングス,2719.0,441,120.0,生活必需品,"ex:2026-02-26|pay:2026-05:60.0, ex:2026-08-28|pay:2026-11:60.0"
291A,リスキル,2032.0,0,0.0,生活必需品,
2922,なとり,2007.0,149,30.0,生活必需品,"ex:2025-09-29|pay:2025-12:13.0, ex:2026-03-30|pay:2026-06:13.0"
2923,サトウ食品,7410.0,101,75.0,生活必需品,ex:2026-04-28|pay:2026-07:75.0
2924,イフジ産業,1941.0,355,69.0,生活必需品,"ex:2025-09-29|pay:2025-12:32.0, ex:2026-03-30|pay:2026-06:35.0"
2926,篠崎屋,123.0,488,6.0,生活必需品,
2927,ＡＦＣ－ＨＤアムスライフサイエンス,850.0,518,44.0,生活必需品,"ex:2026-02-26|pay:2026-05:18.0, ex:2026-08-28|pay:2026-11:22.0"
2929,ファーマフーズ,718.0,348,25.0,ヘルスケア,"ex:2026-01-29|pay:2026-04:12.5, ex:2026-07-30|pay:2026-10:12.5"
292A,エスアイイー,680.0,67,4.58,情報技術,ex:2025-12-29|pay:2026-03:4.58
2930,北の達人コーポレーション,132.0,265,3.5,生活必需品,"ex:2026-02-26|pay:2026-05:1.8, ex:2026-08-28|pay:2026-11:1.7"
2931,ユーグレナ,351.0,57,2.0,生活必需品,ex:2025-12-29|pay:2026-03:2.0
2932,ＳＴＩフードホールディングス,1100.0,364,40.0,生活必需品,"ex:2025-12-29|pay:2026-03:20.0, ex:2026-06-29|pay:2026-09:20.0"
2933,紀文食品,1120.0,205,23.0,生活必需品,ex:2026-03-30|pay:2026-06:20.0
2934,ジェイフロンティア,2026.0,0,0.0,ヘルスケア,
2935,ピックルスホールディングス,1215.0,239,29.0,生活必需品,"ex:2026-02-26|pay:2026-05:14.0, ex:2026-08-28|pay:2026-11:15.0"
2936,ベースフード,276.0,0,0.0,生活必需品,
2937,サンクゼール,1790.0,196,35.0,生活必需品,ex:2026-03-30|pay:2026-06:35.0
2938,オカムラ食品工業,1286.0,78,10.0,生活必需品,"ex:2025-12-29|pay:2026-03:4.0, ex:2026-06-29|pay:2026-09:4.0"
293A,ＢＡＢＹ　ＪＯＢ,950.0,79,7.5,ヘルスケア,ex:2026-02-26|pay:2026-05:7.5
294A,ＮＥＸＴ　ＦＵＮＤＳ　ＭＳＣＩジャパン気候変動指数（セレクト）連動型上場投信,2953.0,213,63.0,,"ex:2026-01-08|pay:2026-04:45.0, ex:2026-07-08|pay:2026-10:18.0"
295A,Ｏｎｅ　ＥＴＦ　ＦＴＳＥ・サウジアラビア・インデックス,9825.0,252,248.0,,"ex:2025-10-08|pay:2026-01:194.0, ex:2026-04-08|pay:2026-07:54.0"
2961,日本調理機,1514.0,594,90.0,資本財,ex:2025-09-29|pay:2025-12:37.5
2962,テクニスコ,2184.0,0,0.0,資本財,
296A,令和アカウンティング・ホールディングス,1173.0,311,36.5,資本財,"ex:2025-09-29|pay:2025-12:12.5, ex:2026-03-30|pay:2026-06:20.0"
2970,ＧＬＣ　ＧＲＯＵＰ,1135.0,0,0.0,不動産,
2971,エスコンジャパンリート投資法人,105400.0,664,7000.0,不動産,"ex:2026-01-29|pay:2026-04:3615.0, ex:2026-07-30|pay:2026-10:3585.0"
2972,サンケイリアルエステート投資法人,107200.0,564,6042.0,不動産,ex:2026-08-28|pay:2026-11:3560.0
2975,スター・マイカ・ホールディングス,1400.0,364,51.0,不動産,"ex:2025-11-27|pay:2026-02:22.0, ex:2026-05-28|pay:2026-08:25.5"
2978,ツクルバ,314.0,0,0.0,不動産,
2979,ＳＯＳｉＬＡ物流リート投資法人,98500.0,547,5386.0,不動産,"ex:2025-11-27|pay:2026-02:3074.0, ex:2026-05-28|pay:2026-08:2708.0"
297A,アルピコホールディングス,211.0,237,5.0,資本財,ex:2026-03-30|pay:2026-06:5.0
2980,ＳＲＥホールディングス,2310.0,87,20.0,不動産,ex:2026-03-30|pay:2026-06:18.0
2981,ランディックス,2370.0,236,56.0,不動産,"ex:2025-09-29|pay:2025-12:21.0, ex:2026-03-30|pay:2026-06:26.0"
2982,ＡＤワークスグループ,429.0,466,20.0,不動産,"ex:2025-12-29|pay:2026-03:10.0, ex:2026-06-29|pay:2026-09:10.0"
2983,アールプランナー,1644.0,335,55.0,不動産,"ex:2026-01-29|pay:2026-04:50.0, ex:2026-07-30|pay:2026-10:25.0"
2984,ヤマイチエステート,785.0,395,31.0,不動産,ex:2026-03-30|pay:2026-06:30.0
2985,ファーストステージ,1600.0,0,0.0,,
2986,ＬＡホールディングス,2937.0,592,174.0,不動産,"ex:2025-12-29|pay:2026-03:57.6667, ex:2026-06-29|pay:2026-09:59.0"
2989,東海道リート投資法人,91700.0,660,6054.0,不動産,"ex:2026-01-29|pay:2026-04:3326.0, ex:2026-07-30|pay:2026-10:3230.0"
298A,ＧＶＡ　ＴＥＣＨ,337.0,0,0.0,情報技術,
2990,アイダ設計,262.0,23,0.6,一般消費財,ex:2026-03-30|pay:2026-06:0.8
2991,ランドネット,536.0,243,13.0,不動産,ex:2026-07-30|pay:2026-10:11.1
2992,アーバンライク,11460.0,0,0.0,,
2993,長栄,2255.0,443,100.0,不動産,ex:2026-03-30|pay:2026-06:125.0
2994,アンサーホールディングス,1040.0,0,0.0,,
2995,ジェイレックス・コーポレーション,1500.0,0,0.0,,
2997,ストレージ王,1321.0,0,0.0,不動産,
2998,クリアル,528.0,152,8.0,金融,ex:2026-03-30|pay:2026-06:8.0
2999,ホームポジション,512.0,195,10.0,一般消費財,ex:2026-08-28|pay:2026-11:10.0
299A,クラシル,1210.0,0,0.0,コミュニケーション・サービス,
3001,片倉工業,3125.0,192,60.0,資本財,ex:2025-12-29|pay:2026-03:60.0
3002,グンゼ,4125.0,356,147.0,一般消費財,ex:2026-03-30|pay:2026-06:216.0
3003,ヒューリック,1734.0,386,67.0,不動産,"ex:2025-12-29|pay:2026-03:33.5, ex:2026-06-29|pay:2026-09:33.5"
3004,神栄,2060.0,534,110.0,資本財,ex:2026-03-30|pay:2026-06:110.0
300A,ＭＩＣ,3155.0,244,77.0,コミュニケーション・サービス,ex:2026-03-30|pay:2026-06:70.0
3010,ポラリス・ホールディングス,191.0,1047,20.0,一般消費財,ex:2026-03-30|pay:2026-06:5.0
3011,バナーズ,143.0,350,5.0,一般消費財,ex:2026-03-30|pay:2026-06:5.0
301A,インデックス,550.0,0,0.0,不動産,
3020,アプライド,4800.0,292,140.0,情報技術,"ex:2025-09-29|pay:2025-12:50.0, ex:2026-03-30|pay:2026-06:80.0"
3021,パシフィックネット,1640.0,348,57.0,情報技術,ex:2026-05-28|pay:2026-08:52.0
3023,ラサ商事,2100.0,381,80.0,素材,"ex:2025-09-29|pay:2025-12:36.0, ex:2026-03-30|pay:2026-06:44.0"
3024,クリエイト,1194.0,360,43.0,資本財,"ex:2025-09-29|pay:2025-12:14.0, ex:2026-03-30|pay:2026-06:26.0"
3028,アルペン,2336.0,257,60.0,一般消費財,"ex:2025-12-29|pay:2026-03:25.0, ex:2026-06-29|pay:2026-09:30.0"
302A,ビースタイルホールディングス,584.0,0,0.0,資本財,
3030,ハブ,884.0,113,10.0,一般消費財,ex:2026-02-26|pay:2026-05:11.0
3031,ラクーンホールディングス,681.0,323,22.0,一般消費財,"ex:2025-10-30|pay:2026-01:11.0, ex:2026-04-28|pay:2026-07:16.0"
3034,クオールホールディングス,2448.0,221,54.0,ヘルスケア,"ex:2025-09-29|pay:2025-12:23.0, ex:2026-03-30|pay:2026-06:27.0"
3035,ケイティケイ,779.0,282,22.0,資本財,"ex:2026-02-19|pay:2026-05:10.0, ex:2026-08-19|pay:2026-11:11.0"
3036,アルコニックス,3460.0,275,95.0,素材,"ex:2025-09-29|pay:2025-12:42.0, ex:2026-03-30|pay:2026-06:45.0"
3038,神戸物産,2946.5,109,32.0,生活必需品,ex:2025-10-30|pay:2026-01:30.0
303A,ｖｉｓｕｍｏ,612.0,0,0.0,情報技術,
3040,ソリトンシステムズ,2719.0,309,84.0,情報技術,"ex:2025-12-29|pay:2026-03:28.0, ex:2026-06-29|pay:2026-09:30.0"
3041,ビューティカダンホールディングス,402.0,131,5.25,一般消費財,
3042,セキュアヴェイル,303.0,99,3.0,情報技術,ex:2026-03-30|pay:2026-06:5.0
3045,カワサキ,1472.0,340,50.0,一般消費財,"ex:2026-02-26|pay:2026-05:25.0, ex:2026-08-28|pay:2026-11:25.0"
3046,ジンズホールディングス,5810.0,198,115.0,ヘルスケア,"ex:2026-02-26|pay:2026-05:47.0, ex:2026-08-28|pay:2026-11:68.0"
3048,ビックカメラ,1735.0,248,43.0,一般消費財,"ex:2026-02-26|pay:2026-05:20.0, ex:2026-08-28|pay:2026-11:23.0"
304A,フォルシア,2065.0,0,0.0,情報技術,
3050,ＤＣＭホールディングス,1608.0,299,48.0,一般消費財,"ex:2026-02-26|pay:2026-05:24.0, ex:2026-08-28|pay:2026-11:24.0"
3053,ペッパーフードサービス,202.0,0,0.0,一般消費財,
3054,ハイパー,376.0,186,7.0,情報技術,"ex:2025-12-29|pay:2026-03:3.5, ex:2026-06-29|pay:2026-09:3.5"
3058,三洋堂ホールディングス,716.0,14,1.0,一般消費財,
3059,ヒラキ,710.0,282,20.0,一般消費財,"ex:2025-09-29|pay:2025-12:10.0, ex:2026-03-30|pay:2026-06:10.0"
305A,ダブルツリー,1146.0,140,16.0,一般消費財,ex:2025-12-29|pay:2026-03:16.0
3063,ジェイグループホールディングス,1164.0,34,4.0,一般消費財,"ex:2026-02-26|pay:2026-05:2.0, ex:2026-08-28|pay:2026-11:3.0"
3064,ＭｏｎｏｔａＲＯ,1960.0,189,37.0,一般消費財,"ex:2025-12-29|pay:2026-03:18.0, ex:2026-06-29|pay:2026-09:18.0"
3065,ライフフーズ,1588.0,31,5.0,一般消費財,ex:2026-02-26|pay:2026-05:5.0
3067,東京一番フーズ,464.0,0,0.0,一般消費財,
3068,ＷＤＩ,3055.0,56,17.0,一般消費財,ex:2026-03-30|pay:2026-06:17.0
3069,ＪＦＬＡホールディングス,162.0,0,0.0,一般消費財,
3070,ジェリービーンズグループ,47.0,0,0.0,一般消費財,
3071,ストリーム,102.0,294,3.0,一般消費財,ex:2026-01-29|pay:2026-04:3.0
3075,銚子丸,1701.0,188,32.0,一般消費財,ex:2026-02-26|pay:2026-05:14.0
3076,あい　ホールディングス,3020.0,464,140.0,資本財,"ex:2025-12-29|pay:2026-03:55.0, ex:2026-06-29|pay:2026-09:70.0"
3077,ホリイフードサービス,1367.0,0,0.0,一般消費財,
3079,ディーブイエックス,930.0,538,50.0,ヘルスケア,ex:2026-03-30|pay:2026-06:50.0
307A,ハウジング・スタッフ,800.0,0,0.0,不動産,
3080,ジェーソン,837.0,155,13.0,生活必需品,ex:2026-02-26|pay:2026-05:13.0
3082,きちりホールディングス,979.0,77,7.5,一般消費財,"ex:2025-12-29|pay:2026-03:2.5, ex:2026-06-29|pay:2026-09:5.0"
3083,スターシーズ,1183.0,85,10.0,一般消費財,ex:2026-02-26|pay:2026-05:10.0
3086,Ｊ．フロント　リテイリング,2708.5,207,56.0,一般消費財,"ex:2026-02-26|pay:2026-05:27.0, ex:2026-08-28|pay:2026-11:28.0"
3087,ドトール・日レスホールディングス,3210.0,187,60.0,一般消費財,"ex:2026-02-26|pay:2026-05:30.0, ex:2026-08-28|pay:2026-11:30.0"
3088,マツキヨココカラ＆カンパニー,2522.5,222,56.0,ヘルスケア,"ex:2025-09-29|pay:2025-12:24.0, ex:2026-03-30|pay:2026-06:26.0"
3089,テクノアルファ,1077.0,325,35.0,情報技術,ex:2025-11-27|pay:2026-02:35.0
308A,ぽすとめいとホールディングス,1310.0,0,0.0,資本財,
3091,ブロンコビリー,2799.0,71,20.0,一般消費財,"ex:2025-12-29|pay:2026-03:7.5, ex:2026-06-29|pay:2026-09:10.0"
3092,ＺＯＺＯ,1149.5,348,40.0,一般消費財,"ex:2025-09-29|pay:2025-12:19.0, ex:2026-03-30|pay:2026-06:20.0"
3093,トレジャー・ファクトリー,1964.0,224,44.0,一般消費財,"ex:2026-02-26|pay:2026-05:21.0, ex:2026-08-28|pay:2026-11:24.0"
3096,オーシャンシステム,1601.0,125,20.0,生活必需品,"ex:2025-09-29|pay:2025-12:10.0, ex:2026-03-30|pay:2026-06:10.0"
3097,物語コーポレーション,5220.0,88,46.0,一般消費財,"ex:2025-12-29|pay:2026-03:20.0, ex:2026-06-29|pay:2026-09:23.0"
3099,三越伊勢丹ホールディングス,3343.0,179,60.0,一般消費財,"ex:2025-09-29|pay:2025-12:30.0, ex:2026-03-30|pay:2026-06:40.0"
309A,コスモス調剤,700.0,329,23.0,資本財,ex:2026-03-30|pay:2026-06:23.0
3101,東洋紡,1678.0,238,40.0,素材,ex:2026-03-30|pay:2026-06:40.0
3103,ユニチカ,1520.0,0,0.0,素材,
3104,富士紡ホールディングス,3305.0,254,84.0,一般消費財,"ex:2025-09-29|pay:2025-12:25.0, ex:2026-03-30|pay:2026-06:35.0"
3105,日清紡ホールディングス,2559.0,141,36.0,資本財,"ex:2025-12-29|pay:2026-03:18.0, ex:2026-06-29|pay:2026-09:18.0"
3106,倉敷紡績,11690.0,56,66.0,資本財,"ex:2025-09-29|pay:2025-12:141.0, ex:2026-03-30|pay:2026-06:166.0"
3107,ダイワボウホールディングス,3765.0,292,110.0,情報技術,"ex:2025-09-29|pay:2025-12:50.0, ex:2026-03-30|pay:2026-06:55.0"
3109,シキボウ,1068.0,468,50.0,一般消費財,"ex:2025-09-29|pay:2025-12:25.0, ex:2026-03-30|pay:2026-06:25.0"
310A,サーティーフォー,1440.0,0,0.0,不動産,
3110,日東紡績,2980.0,94,28.0,一般消費財,"ex:2025-09-29|pay:2025-12:5.5, ex:2026-03-30|pay:2026-06:19.9"
3111,オーミケンシ,174.0,0,0.0,一般消費財,
3113,ＵＮＩＶＡ・Ｏａｋホールディングス,83.0,0,0.0,金融,
3116,トヨタ紡織,2238.0,384,86.0,一般消費財,"ex:2025-09-29|pay:2025-12:43.0, ex:2026-03-30|pay:2026-06:43.0"
311A,ＮＰＴ,680.0,0,0.0,ヘルスケア,
3121,マーチャント・バンカーズ,256.0,234,6.0,金融,ex:2025-10-30|pay:2026-01:2.0
3123,サイボー,649.0,277,18.0,一般消費財,"ex:2025-09-29|pay:2025-12:8.0, ex:2026-03-30|pay:2026-06:9.0"
312A,シンコーホールディングス,1542.0,0,0.0,資本財,
3131,シンデン・ハイテックス,7950.0,170,135.0,情報技術,ex:2026-03-30|pay:2026-06:130.0
3132,マクニカホールディングス,4287.0,187,80.0,情報技術,"ex:2025-09-29|pay:2025-12:35.0, ex:2026-03-30|pay:2026-06:35.0"
3133,海帆,43.0,0,0.0,一般消費財,
3134,Ｈａｍｅｅ,299.0,100,3.0,一般消費財,ex:2026-04-28|pay:2026-07:22.5
3135,マーケットエンタープライズ,1193.0,0,0.0,一般消費財,
3137,ファンデリー,213.0,0,0.0,コミュニケーション・サービス,
3138,富士山マガジンサービス,1161.0,138,16.0,一般消費財,ex:2025-12-29|pay:2026-03:30.0
3139,ラクト・ジャパン,3480.0,379,132.0,生活必需品,"ex:2025-11-27|pay:2026-02:82.0, ex:2026-05-28|pay:2026-08:66.0"
313A,ｉシェアーズ　Ｓ＆Ｐ　５００　トップ　２０　ＥＴＦ,274.4,7,0.2,,"ex:2026-02-09|pay:2026-05:0.1, ex:2026-08-09|pay:2026-11:0.1"
3140,ＢＲＵＮＯ,1019.0,113,11.5,一般消費財,ex:2026-06-29|pay:2026-09:11.5
3143,オーウイル,730.0,301,22.0,生活必需品,"ex:2025-09-29|pay:2025-12:2.0, ex:2026-03-30|pay:2026-06:20.0"
3148,クリエイトＳＤホールディングス,3310.0,290,96.0,ヘルスケア,"ex:2025-11-27|pay:2026-02:45.0, ex:2026-05-28|pay:2026-08:48.0"
314A,ｉシェアーズ　ゴールド　ＥＴＦ,322.5,0,0.0,,
3150,グリムス,2436.0,534,130.0,公益事業,"ex:2025-09-29|pay:2025-12:25.0, ex:2026-03-30|pay:2026-06:60.0"
3151,バイタルケーエスケー・ホールディングス,1613.0,434,70.0,ヘルスケア,"ex:2025-09-29|pay:2025-12:34.0, ex:2026-03-30|pay:2026-06:36.0"
3153,八洲電機,3190.0,157,50.0,資本財,ex:2026-03-30|pay:2026-06:45.0
3154,メディアスホールディングス,798.0,251,20.0,ヘルスケア,ex:2026-06-29|pay:2026-09:20.0
3156,レスター,6280.0,239,150.0,情報技術,"ex:2025-09-29|pay:2025-12:60.0, ex:2026-03-30|pay:2026-06:68.0"
3157,ジオリーブグループ,1456.0,343,50.0,素材,"ex:2025-09-29|pay:2025-12:24.0, ex:2026-03-30|pay:2026-06:26.0"
3159,丸善ＣＨＩホールディングス,380.0,158,6.0,一般消費財,ex:2026-01-29|pay:2026-04:6.0
315A,グローバルＸ　銀行　高配当－日本株式　ＥＴＦ,1977.0,202,40.0,,"ex:2025-10-24|pay:2026-01:15.0, ex:2026-04-24|pay:2026-07:25.0"
3160,大光,576.0,260,15.0,生活必需品,"ex:2025-11-27|pay:2026-02:7.5, ex:2026-05-28|pay:2026-08:7.5"
3161,アゼアス,675.0,341,23.0,一般消費財,ex:2026-04-28|pay:2026-07:23.0
3166,ＯＣＨＩホールディングス,1450.0,386,56.0,一般消費財,"ex:2025-09-29|pay:2025-12:27.0, ex:2026-03-30|pay:2026-06:27.0"
3167,ＴＯＫＡＩホールディングス,1371.0,277,38.0,資本財,"ex:2025-09-29|pay:2025-12:17.0, ex:2026-03-30|pay:2026-06:19.0"
3168,ＭＥＲＦ,1266.0,158,20.0,素材,"ex:2026-02-26|pay:2026-05:20.0, ex:2026-08-28|pay:2026-11:20.0"
3169,ミサワ,694.0,115,8.0,一般消費財,ex:2026-01-29|pay:2026-04:8.0
316A,ｉＦｒｅｅＥＴＦ　ＦＡＮＧ＋,2825.0,0,0.0,,
3172,ティーライフ,1128.0,266,30.0,一般消費財,"ex:2026-01-29|pay:2026-04:15.0, ex:2026-07-30|pay:2026-10:15.0"
3173,Ｃｏｍｉｎｉｘ,1452.0,344,50.0,資本財,"ex:2025-09-29|pay:2025-12:15.0, ex:2026-03-30|pay:2026-06:20.0"
3174,ハピネス・アンド・ディ,380.0,0,0.0,一般消費財,
3175,エー・ピーホールディングス,972.0,0,0.0,一般消費財,
3176,三洋貿易,1163.0,258,30.0,資本財,"ex:2025-09-29|pay:2025-12:14.5, ex:2026-03-30|pay:2026-06:15.0"
3177,ありがとうサービス,4750.0,284,135.0,一般消費財,ex:2026-02-26|pay:2026-05:135.0
3178,チムニー,1191.0,50,6.0,一般消費財,"ex:2025-09-29|pay:2025-12:5.0, ex:2026-03-30|pay:2026-06:5.0"
3179,シュッピン,1308.0,306,40.0,一般消費財,ex:2026-03-30|pay:2026-06:47.0
317A,エス・エム・エス・データテック,1350.0,0,0.0,情報技術,
3180,ビューティガレージ,1633.0,110,18.0,生活必需品,"ex:2025-10-30|pay:2026-01:8.0, ex:2026-04-28|pay:2026-07:8.0"
3181,買取王国,1051.0,105,11.0,一般消費財,ex:2026-02-26|pay:2026-05:10.0
3182,オイシックス・ラ・大地,1618.0,371,60.0,一般消費財,"ex:2025-09-29|pay:2025-12:8.0, ex:2026-03-30|pay:2026-06:12.0"
3183,ウイン・パートナーズ,1276.0,431,55.0,ヘルスケア,ex:2026-03-30|pay:2026-06:54.0
3184,ＩＣＤＡホールディングス,4140.0,169,70.0,一般消費財,ex:2026-03-30|pay:2026-06:70.0
3185,夢展望,112.0,0,0.0,一般消費財,
3186,ネクステージ,2903.0,155,45.0,一般消費財,ex:2025-11-27|pay:2026-02:45.0
3187,ミラタップ,409.0,171,7.0,一般消費財,ex:2025-09-29|pay:2025-12:3.0
3189,ＡＮＡＰホールディングス,111.0,0,0.0,一般消費財,
318A,ＶＩＸ短期先物指数ＥＴＦ,345.5,0,0.0,,
3190,ホットマン,586.0,188,11.0,一般消費財,ex:2026-03-30|pay:2026-06:11.0
3191,ジョイフル本田,2300.0,365,84.0,一般消費財,"ex:2025-12-18|pay:2026-03:42.0, ex:2026-06-18|pay:2026-09:42.0"
3192,白鳩,256.0,0,0.0,一般消費財,
3193,エターナルホスピタリティグループ,1290.0,178,23.0,一般消費財,"ex:2026-01-29|pay:2026-04:11.5, ex:2026-07-30|pay:2026-10:23.0"
3195,ジェネレーションパス,447.0,0,0.0,一般消費財,
3196,ホットランドホールディングス,1647.0,79,13.0,一般消費財,ex:2025-12-29|pay:2026-03:13.0
3197,すかいらーくホールディングス,3171.0,85,27.0,一般消費財,"ex:2025-12-29|pay:2026-03:14.0, ex:2026-06-29|pay:2026-09:10.0"
3198,ＳＦＰホールディングス,2225.0,126,28.0,一般消費財,"ex:2025-08-28|pay:2025-11:14.0, ex:2026-02-26|pay:2026-05:14.0"
3199,綿半ホールディングス,1304.0,238,31.0,一般消費財,ex:2026-03-30|pay:2026-06:30.0
319A,技術承継機構,21460.0,0,0.0,金融,
3201,日本毛織,2002.0,320,64.0,一般消費財,"ex:2025-11-27|pay:2026-02:30.0, ex:2026-05-28|pay:2026-08:18.0"
3202,ダイトウボウ,129.0,233,3.0,一般消費財,ex:2026-03-30|pay:2026-06:3.0
3204,トーア紡コーポレーション,505.0,297,15.0,資本財,ex:2025-12-29|pay:2026-03:14.0
3205,ダイドーリミテッド,747.0,669,50.0,一般消費財,ex:2026-03-30|pay:2026-06:50.0
320A,Ｄ＆Ｉ,500.0,0,0.0,資本財,
321A,ヒューマンステージホールディングス,785.0,0,0.0,資本財,
3221,ヨシックスホールディングス,3130.0,102,32.0,一般消費財,"ex:2025-09-29|pay:2025-12:14.0, ex:2026-03-30|pay:2026-06:16.0"
3222,ユナイテッド・スーパーマーケット・ホールディングス,831.0,193,16.0,一般消費財,"ex:2026-02-26|pay:2026-05:8.0, ex:2026-08-28|pay:2026-11:8.0"
3223,エスエルディー,990.0,0,0.0,一般消費財,
3224,ゼネラル・オイスター,685.0,146,10.0,一般消費財,ex:2026-03-30|pay:2026-06:10.0
3226,三井不動産アコモデーションファンド投資法人,114800.0,418,4802.0,不動産,"ex:2026-02-26|pay:2026-05:2405.0, ex:2026-08-28|pay:2026-11:2397.0"
322A,ヒメジ理化,765.0,0,0.0,素材,
3231,野村不動産ホールディングス,908.0,485,44.0,不動産,"ex:2025-09-29|pay:2025-12:18.0, ex:2026-03-30|pay:2026-06:22.0"
3232,三重交通グループホールディングス,600.0,300,18.0,資本財,"ex:2025-09-29|pay:2025-12:8.0, ex:2026-03-30|pay:2026-06:10.0"
3234,森ヒルズリート投資法人,121700.0,509,6200.0,不動産,"ex:2026-01-29|pay:2026-04:3100.0, ex:2026-07-30|pay:2026-10:3100.0"
3236,プロパスト,284.0,352,10.0,不動産,ex:2026-05-28|pay:2026-08:8.0
3237,イントランス,92.0,0,0.0,不動産,
3238,セントラル総合開発,382.0,340,13.0,不動産,ex:2026-03-30|pay:2026-06:5.0
323A,フライヤー,382.0,0,0.0,情報技術,
3241,ウィル,601.0,391,23.5,不動産,ex:2025-12-29|pay:2026-03:21.0
3242,アーバネットコーポレーション,530.0,453,24.0,不動産,"ex:2025-12-29|pay:2026-03:11.0, ex:2026-06-29|pay:2026-09:13.0"
3245,ディア・ライフ,1021.0,627,64.0,不動産,ex:2025-09-29|pay:2025-12:63.0
3246,コーセーアールイー,691.0,347,24.0,不動産,ex:2026-01-30|pay:2026-04:24.0
3248,アールエイジ,888.0,405,36.0,不動産,"ex:2025-10-30|pay:2026-01:21.0, ex:2026-04-28|pay:2026-07:15.0"
3249,産業ファンド投資法人,134000.0,591,7924.0,不動産,"ex:2026-01-29|pay:2026-04:4503.0, ex:2026-07-30|pay:2026-10:4087.0"
324A,ブッキングリゾート,730.0,0,0.0,一般消費財,
3252,地主,2790.0,466,130.0,不動産,"ex:2025-12-29|pay:2026-03:60.0, ex:2026-06-29|pay:2026-09:65.0"
325A,ＴＥＮＴＩＡＬ,1977.0,0,0.0,一般消費財,
3261,グランディーズ,442.0,339,15.0,不動産,ex:2025-12-29|pay:2026-03:15.0
3266,ファンドクリエーショングループ,81.0,123,1.0,金融,ex:2025-11-27|pay:2026-02:1.0
3267,フィル・カンパニー,628.0,239,15.0,資本財,ex:2025-11-27|pay:2026-02:20.0
3269,アドバンス・レジデンス投資法人,141700.0,459,6506.0,不動産,"ex:2026-01-29|pay:2026-04:3220.0, ex:2026-07-30|pay:2026-10:3225.0"
326A,ａｅｒｏ　ｌａｂ　ｉｎｔｅｒｎａｔｉｏｎａｌ,16200.0,0,0.0,資本財,
3271,ＴＨＥグローバル社,1270.0,630,80.0,不動産,
3276,ＪＰＭＣ,2265.0,265,60.0,不動産,ex:2025-12-29|pay:2026-03:31.0
3277,サンセイランディック,840.0,643,54.0,不動産,"ex:2025-12-29|pay:2026-03:14.5, ex:2026-06-29|pay:2026-09:12.0"
3279,アクティビア・プロパティーズ投資法人,129700.0,500,6482.0,不動産,"ex:2025-11-27|pay:2026-02:3113.0, ex:2026-05-28|pay:2026-08:3204.0"
3280,エストラスト,942.0,361,34.0,不動産,"ex:2026-02-26|pay:2026-05:16.0, ex:2026-08-28|pay:2026-11:17.0"
3281,ＧＬＰ投資法人,133600.0,526,7029.0,不動産,"ex:2026-02-26|pay:2026-05:3399.0, ex:2026-08-28|pay:2026-11:3630.0"
3282,コンフォリア・レジデンシャル投資法人,95400.0,445,4241.0,不動産,"ex:2026-01-29|pay:2026-04:2038.3333, ex:2026-07-30|pay:2026-10:2102.0"
3283,日本プロロジスリート投資法人,84600.0,461,3899.0,不動産,"ex:2025-11-27|pay:2026-02:1920.0, ex:2026-05-28|pay:2026-08:1928.0"
3284,フージャースホールディングス,1297.0,586,76.0,一般消費財,"ex:2025-09-29|pay:2025-12:37.0, ex:2026-03-30|pay:2026-06:37.0"
3286,トラストホールディングス,878.0,205,18.0,資本財,"ex:2025-12-29|pay:2026-03:9.0, ex:2026-06-29|pay:2026-09:9.0"
3287,星野リゾート・リート投資法人,235500.0,569,13400.0,不動産,"ex:2025-10-30|pay:2026-01:6077.0, ex:2026-04-28|pay:2026-07:6832.0"
3288,オープンハウスグループ,7659.0,268,205.0,不動産,"ex:2025-09-29|pay:2025-12:94.0, ex:2026-03-30|pay:2026-06:100.0"
3289,東急不動産ホールディングス,1283.5,390,50.0,不動産,"ex:2025-09-29|pay:2025-12:22.0, ex:2026-03-30|pay:2026-06:26.0"
328A,グローバルＸ　プライシングパワー・リーダーズ－日本株式　ＥＴＦ,1336.0,135,18.0,,"ex:2026-02-10|pay:2026-05:5.0, ex:2026-08-10|pay:2026-11:13.0"
3290,Ｏｎｅリート投資法人,74600.0,654,4880.0,不動産,"ex:2026-02-26|pay:2026-05:2386.0, ex:2026-08-28|pay:2026-11:2440.0"
3291,飯田グループホールディングス,2266.0,406,92.0,一般消費財,"ex:2025-09-29|pay:2025-12:55.0, ex:2026-03-30|pay:2026-06:45.0"
3292,イオンリート投資法人,112600.0,570,6413.0,不動産,"ex:2026-01-29|pay:2026-04:3400.0, ex:2026-07-30|pay:2026-10:3390.0"
3293,アズマハウス,767.0,456,35.0,不動産,"ex:2025-09-29|pay:2025-12:17.5, ex:2026-03-30|pay:2026-06:17.5"
3294,イーグランド,4840.0,190,92.0,不動産,ex:2025-09-29|pay:2025-12:46.0
3295,ヒューリックリート投資法人,145300.0,554,8050.0,不動産,"ex:2026-02-26|pay:2026-05:4050.0, ex:2026-08-28|pay:2026-11:4000.0"
3296,日本リート投資法人,80300.0,573,4600.0,不動産,"ex:2025-12-29|pay:2026-03:2433.0, ex:2026-06-29|pay:2026-09:2516.0"
3297,東武住販,1185.0,363,43.0,不動産,ex:2026-05-28|pay:2026-08:43.0
3299,ムゲンエステート,1730.0,601,104.0,不動産,"ex:2025-12-29|pay:2026-03:69.0, ex:2026-06-29|pay:2026-09:52.0"
329A,ジールアソシエイツ,2116.0,0,0.0,資本財,
3300,アンビション　ＤＸ　ホールディングス,1877.0,1193,224.0,不動産,ex:2026-06-29|pay:2026-09:110.0
3302,帝国繊維,3120.0,208,65.0,資本財,ex:2025-12-29|pay:2026-03:55.0
3306,日本製麻,794.0,50,4.0,資本財,ex:2026-03-30|pay:2026-06:10.0
3309,積水ハウス・リート投資法人,70100.0,758,5315.0,不動産,ex:2025-10-30|pay:2026-01:2329.0
330A,ＴａｌｅｎｔＸ,542.0,0,0.0,資本財,
3315,日本コークス工業,98.0,0,0.0,素材,
3317,フライングガーデン,1485.0,114,17.0,一般消費財,ex:2026-03-30|pay:2026-06:18.0
331A,メディックス,487.0,390,19.0,コミュニケーション・サービス,ex:2026-03-30|pay:2026-06:18.0
3320,クロスプラス,1308.0,459,60.0,一般消費財,"ex:2026-01-29|pay:2026-04:27.0, ex:2026-07-30|pay:2026-10:30.0"
3321,ミタチ産業,1855.0,377,70.0,情報技術,"ex:2025-11-27|pay:2026-02:40.0, ex:2026-05-28|pay:2026-08:40.0"
3323,レカム,93.0,129,1.2,コミュニケーション・サービス,ex:2025-09-29|pay:2025-12:1.0
3326,ランシステム,674.0,0,0.0,一般消費財,
3329,東和フードサービス,2145.0,93,20.0,一般消費財,"ex:2025-10-30|pay:2026-01:10.0, ex:2026-04-28|pay:2026-07:12.0"
332A,ミーク,1235.0,0,0.0,情報技術,
3333,あさひ,1288.0,388,50.0,一般消費財,"ex:2026-02-19|pay:2026-05:25.0, ex:2026-08-19|pay:2026-11:25.0"
333A,テクノスマイル,6240.0,801,500.0,資本財,ex:2026-03-30|pay:2026-06:400.0
3349,コスモス薬品,6293.0,133,84.0,ヘルスケア,"ex:2025-11-27|pay:2026-02:37.5, ex:2026-05-28|pay:2026-08:44.5"
334A,ビジュアル・プロセッシング・ジャパン,1173.0,196,23.0,情報技術,ex:2025-12-29|pay:2026-03:16.0
3350,メタプラネット,293.0,0,0.0,一般消費財,
3352,バッファロー,1796.0,390,70.0,一般消費財,"ex:2025-09-29|pay:2025-12:30.0, ex:2026-03-30|pay:2026-06:35.0"
3353,メディカル一光グループ,2784.0,431,120.0,資本財,"ex:2026-02-26|pay:2026-05:60.0, ex:2026-08-28|pay:2026-11:60.0"
3355,クリヤマホールディングス,1839.0,332,61.0,資本財,"ex:2025-12-29|pay:2026-03:33.0, ex:2026-06-29|pay:2026-09:30.5"
3358,Ｔｒａｉｌｈｅａｄ　Ｇｌｏｂａｌ　Ｈｏｌｄｉｎｇｓ,93.0,215,2.0,一般消費財,
3359,ｃｏｔｔａ,512.0,195,10.0,一般消費財,ex:2025-09-29|pay:2025-12:10.0
335A,ミライロ,318.0,0,0.0,情報技術,
3360,シップヘルスケアホールディングス,2475.0,263,65.0,ヘルスケア,ex:2026-03-30|pay:2026-06:60.0
3361,トーエル,906.0,254,23.0,公益事業,ex:2026-04-28|pay:2026-07:23.0
336A,ダイナミックマッププラットフォーム,1361.0,0,0.0,コミュニケーション・サービス,
3370,フジタコーポレーション,477.0,63,3.0,一般消費財,ex:2026-03-30|pay:2026-06:3.0
3371,ソフトクリエイトホールディングス,2199.0,282,62.0,情報技術,"ex:2025-09-29|pay:2025-12:31.0, ex:2026-03-30|pay:2026-06:31.0"
3372,関門海,221.0,0,0.0,一般消費財,
3374,内外テック,4600.0,626,288.0,資本財,ex:2026-03-30|pay:2026-06:105.0
3375,ＺＯＡ,1785.0,420,75.0,情報技術,ex:2026-03-30|pay:2026-06:75.0
3377,バイク王＆カンパニー,391.0,281,11.0,一般消費財,"ex:2025-11-27|pay:2026-02:5.5, ex:2026-05-28|pay:2026-08:5.5"
3382,セブン＆アイ・ホールディングス,2005.5,299,60.0,生活必需品,"ex:2026-02-26|pay:2026-05:25.0, ex:2026-08-28|pay:2026-11:30.0"
3386,コスモ・バイオ,1243.0,402,50.0,ヘルスケア,"ex:2025-12-29|pay:2026-03:25.0, ex:2026-06-29|pay:2026-09:25.0"
3387,クリエイト・レストランツ・ホールディングス,761.0,66,5.0,一般消費財,"ex:2026-02-26|pay:2026-05:2.25, ex:2026-08-28|pay:2026-11:2.5"
3388,明治電機工業,2139.0,449,96.0,情報技術,"ex:2025-09-29|pay:2025-12:44.0, ex:2026-03-30|pay:2026-06:46.0"
338A,ＺｅｎｍｕＴｅｃｈ,3060.0,0,0.0,情報技術,
3391,ツルハホールディングス,2167.0,222,48.0,ヘルスケア,"ex:2026-02-26|pay:2026-05:23.0, ex:2026-08-28|pay:2026-11:24.0"
3392,デリカフーズホールディングス,775.0,348,27.0,生活必需品,ex:2026-03-30|pay:2026-06:25.0
3393,スターティアホールディングス,3205.0,973,312.0,情報技術,"ex:2025-09-29|pay:2025-12:54.0, ex:2026-03-30|pay:2026-06:91.0"
3395,サンマルクホールディングス,2515.0,215,54.0,一般消費財,"ex:2025-09-29|pay:2025-12:26.0, ex:2026-03-30|pay:2026-06:26.0"
3396,フェリシモ,861.0,290,25.0,一般消費財,ex:2026-02-26|pay:2026-05:20.0
3397,トリドールホールディングス,4310.0,28,12.0,一般消費財,ex:2026-03-30|pay:2026-06:11.0
3399,丸千代山岡家,3755.0,80,30.0,一般消費財,ex:2026-01-29|pay:2026-04:23.0
339A,プログレス・テクノロジーズ　グループ,931.0,322,30.0,情報技術,ex:2026-02-26|pay:2026-05:30.0
3401,帝人,1708.0,293,50.0,資本財,"ex:2025-09-29|pay:2025-12:25.0, ex:2026-03-30|pay:2026-06:25.0"
3402,東レ,1253.0,184,23.0,一般消費財,"ex:2025-09-29|pay:2025-12:10.0, ex:2026-03-30|pay:2026-06:10.0"
3405,クラレ,1805.5,299,54.0,素材,"ex:2025-12-29|pay:2026-03:27.0, ex:2026-06-29|pay:2026-09:32.0"
3407,旭化成,1645.5,267,44.0,資本財,"ex:2025-09-29|pay:2025-12:20.0, ex:2026-03-30|pay:2026-06:22.0"
3409,北紡,81.0,0,0.0,一般消費財,
340A,ジグザグ,320.0,0,0.0,資本財,
3415,ＴＯＫＹＯ　ＢＡＳＥ,356.0,197,7.0,一般消費財,ex:2026-01-29|pay:2026-04:6.0
3416,ピクスタ,881.0,511,45.0,一般消費財,ex:2025-12-29|pay:2026-03:45.0
3417,大木ヘルスケアホールディングス,995.0,302,30.0,ヘルスケア,ex:2026-03-30|pay:2026-06:30.0
3418,バルニバービ,1048.0,95,10.0,一般消費財,"ex:2026-01-29|pay:2026-04:2.5, ex:2026-07-30|pay:2026-10:5.0"
341A,トヨコー,2410.0,0,0.0,資本財,
3420,ケー・エフ・シー,1570.0,446,70.0,資本財,ex:2026-03-30|pay:2026-06:65.0
3421,稲葉製作所,1629.0,270,44.0,一般消費財,"ex:2026-01-29|pay:2026-04:22.0, ex:2026-07-30|pay:2026-10:22.0"
3422,Ｊ－ＭＡＸ,628.0,127,8.0,一般消費財,"ex:2025-09-29|pay:2025-12:2.0, ex:2026-03-30|pay:2026-06:3.0"
3423,エスイー,265.0,453,12.0,資本財,ex:2026-03-30|pay:2026-06:13.0
3426,アトムリビンテック,1298.0,254,33.0,資本財,"ex:2025-12-29|pay:2026-03:16.5, ex:2026-06-29|pay:2026-09:17.5"
3431,宮地エンジニアリンググループ,1542.0,486,75.0,資本財,"ex:2025-09-29|pay:2025-12:42.5, ex:2026-03-30|pay:2026-06:55.0"
3433,トーカロ,2917.0,329,96.0,資本財,"ex:2025-09-29|pay:2025-12:37.0, ex:2026-03-30|pay:2026-06:48.0"
3434,アルファＣｏ,1249.0,480,60.0,一般消費財,"ex:2025-09-29|pay:2025-12:20.0, ex:2026-03-30|pay:2026-06:30.0"
3435,サンコーテクノ,1540.0,299,46.0,資本財,ex:2026-03-30|pay:2026-06:42.0
3436,ＳＵＭＣＯ,3117.0,64,20.0,情報技術,"ex:2025-12-29|pay:2026-03:10.0, ex:2026-06-29|pay:2026-09:10.0"
3437,特殊電極,2713.0,376,102.0,資本財,"ex:2025-09-29|pay:2025-12:50.0, ex:2026-03-30|pay:2026-06:51.0"
3439,三ツ知,677.0,295,20.0,一般消費財,"ex:2025-12-29|pay:2026-03:10.0, ex:2026-06-29|pay:2026-09:10.0"
343A,ＩＡＣＥトラベル,1315.0,289,38.0,一般消費財,ex:2026-03-30|pay:2026-06:30.0
3440,日創グループ,875.0,480,42.0,資本財,ex:2026-08-28|pay:2026-11:42.0
3441,山王,1802.0,499,90.0,資本財,ex:2026-07-30|pay:2026-10:45.0
3443,川田テクノロジーズ,1412.0,297,42.0,資本財,"ex:2025-09-29|pay:2025-12:21.6667, ex:2026-03-30|pay:2026-06:28.6667"
3444,菊池製作所,1064.0,94,10.0,資本財,ex:2026-04-28|pay:2026-07:10.0
3445,ＲＳ　Ｔｅｃｈｎｏｌｏｇｉｅｓ,6120.0,90,55.0,情報技術,ex:2025-12-29|pay:2026-03:45.0
3446,ジェイテックコーポレーション,1575.0,0,0.0,ヘルスケア,
3447,信和,1014.0,355,36.0,資本財,"ex:2025-09-29|pay:2025-12:16.0, ex:2026-03-30|pay:2026-06:18.0"
3448,清鋼材,3500.0,0,0.0,,
3449,テクノフレックス,4405.0,150,66.0,資本財,"ex:2025-12-29|pay:2026-03:42.0, ex:2026-06-29|pay:2026-09:31.0"
3450,サトウ産業,1160.0,0,0.0,,
3451,トーセイ・リート投資法人,129400.0,591,7652.0,不動産,"ex:2025-10-30|pay:2026-01:3875.0, ex:2026-04-28|pay:2026-07:3926.0"
3452,ビーロット,1448.0,552,80.0,不動産,ex:2025-12-29|pay:2026-03:73.0
3454,ファーストブラザーズ,1274.0,290,37.0,金融,ex:2025-11-27|pay:2026-02:35.0
3455,ヘルスケア＆メディカル投資法人,95600.0,692,6614.0,不動産,"ex:2026-01-29|pay:2026-04:3286.0, ex:2026-07-30|pay:2026-10:3174.0"
3457,Ａｎｄ　Ｄｏホールディングス,912.0,504,46.0,不動産,ex:2026-06-29|pay:2026-09:46.0
3459,サムティ・レジデンシャル投資法人,85100.0,631,5369.0,不動産,"ex:2026-01-29|pay:2026-04:3604.0, ex:2026-07-30|pay:2026-10:2637.0"
345A,高配当成長　日本株（ネットリターン）ＥＴＮ,15730.0,0,0.0,,
3461,パルマ,634.0,252,16.0,資本財,ex:2025-09-29|pay:2025-12:12.0
3462,野村不動産マスターファンド投資法人,141600.0,484,6852.0,不動産,"ex:2026-02-26|pay:2026-05:3634.0, ex:2026-08-28|pay:2026-11:3695.0"
3463,いちごホテルリート投資法人,106400.0,581,6182.0,不動産,"ex:2026-01-29|pay:2026-04:4136.0, ex:2026-07-30|pay:2026-10:3761.0"
3465,ケイアイスター不動産,3285.0,457,150.0,不動産,"ex:2025-09-29|pay:2025-12:50.0, ex:2026-03-30|pay:2026-06:67.5"
3466,ラサールロジポート投資法人,146200.0,531,7765.0,不動産,ex:2026-08-28|pay:2026-11:4040.0
3467,アグレ都市デザイン,2838.0,493,140.0,不動産,ex:2026-03-30|pay:2026-06:118.0
3468,スターアジア不動産投資法人,54200.0,648,3510.0,不動産,"ex:2026-01-29|pay:2026-04:1769.0, ex:2026-07-30|pay:2026-10:1737.0"
3469,デュアルタップ,889.0,141,12.5,不動産,ex:2026-06-29|pay:2026-09:12.5
346A,ＮＥＸＴ　ＦＵＮＤＳ　Ｓ＆Ｐ　５００　半導体・半導体製造装置３５％キャップ指数連動型上場投信,5276.0,0,0.0,,
3470,マリモ地方創生リート投資法人,98000.0,722,7073.0,不動産,"ex:2025-12-29|pay:2026-03:3206.0, ex:2026-06-29|pay:2026-09:3512.0"
3471,三井不動産ロジスティクスパーク投資法人,100300.0,522,5240.0,不動産,"ex:2026-01-29|pay:2026-04:3275.0, ex:2026-07-30|pay:2026-10:2503.0"
3472,日本ホテル＆レジデンシャル投資法人,66900.0,297,1989.0,不動産,ex:2025-11-27|pay:2026-02:2478.0
3474,Ｇ－ＦＡＣＴＯＲＹ,594.0,84,5.0,不動産,ex:2025-12-29|pay:2026-03:5.0
3475,グッドコムアセット,1490.0,309,46.0,不動産,ex:2025-10-30|pay:2026-01:45.0
3476,投資法人みらい,41050.0,643,2639.0,不動産,"ex:2025-10-30|pay:2026-01:1289.0, ex:2026-04-28|pay:2026-07:1349.0"
3477,フォーライフ,918.0,354,32.5,一般消費財,"ex:2025-09-29|pay:2025-12:12.5, ex:2026-03-30|pay:2026-06:17.5"
3479,ティーケーピー,1884.0,0,0.0,不動産,
347A,ＧＲＯＷＴＨ　ＰＯＷＥＲ,530.0,0,0.0,資本財,
3480,ジェイ・エス・ビー,8940.0,235,210.0,不動産,ex:2025-10-30|pay:2026-01:105.0
3481,三菱地所物流リート投資法人,112400.0,529,5947.0,不動産,"ex:2026-02-26|pay:2026-05:2835.0, ex:2026-08-28|pay:2026-11:3112.0"
3482,ロードスターキャピタル,2603.0,376,98.0,不動産,ex:2025-12-29|pay:2026-03:86.0
3483,翔栄,1500.0,0,0.0,,
3484,イノベーションホールディングス,1213.0,280,34.0,不動産,ex:2026-03-30|pay:2026-06:34.0
3486,グローバル・リンク・マネジメント,2046.0,489,100.0,不動産,ex:2025-12-29|pay:2026-03:80.5
3487,ＣＲＥロジスティクスファンド投資法人,136100.0,559,7602.0,不動産,"ex:2025-12-29|pay:2026-03:3883.0, ex:2026-06-29|pay:2026-09:3883.0"
3488,セントラル・リート投資法人,105200.0,636,6686.0,不動産,"ex:2026-02-26|pay:2026-05:3238.0, ex:2026-08-28|pay:2026-11:3343.0"
3489,フェイスネットワーク,778.0,578,45.0,不動産,ex:2026-03-30|pay:2026-06:42.5
348A,ＭＡＸＩＳ読売３３３日本株上場投信,299.9,180,5.4,,"ex:2026-01-26|pay:2026-04:1.8, ex:2026-07-26|pay:2026-10:3.6"
3490,アズ企画設計,3035.0,99,30.0,不動産,ex:2026-02-26|pay:2026-05:30.0
3491,ＧＡ　ｔｅｃｈｎｏｌｏｇｉｅｓ,1266.0,103,13.0,コミュニケーション・サービス,ex:2025-10-30|pay:2026-01:8.0
3492,ＭＩＲＡＲＴＨ不動産投資法人,78900.0,697,5500.0,不動産,"ex:2026-02-26|pay:2026-05:2800.0, ex:2026-08-28|pay:2026-11:2700.0"
3494,マリオン,455.0,132,6.0,不動産,ex:2025-09-29|pay:2025-12:6.0
3495,香陵住販,2267.0,291,66.0,不動産,"ex:2025-09-29|pay:2025-12:28.0, ex:2026-03-30|pay:2026-06:31.0"
3496,アズーム,4835.0,261,126.0,不動産,"ex:2025-09-29|pay:2025-12:106.0, ex:2026-03-30|pay:2026-06:63.0"
3498,霞ヶ関キャピタル,7550.0,219,165.0,資本財,ex:2026-08-28|pay:2026-11:165.0
349A,ＳＭＤＡＭ　Ａｃｔｉｖｅ　ＥＴＦ　日本グロース株式,823.8,119,9.8,,ex:2026-02-20|pay:2026-05:9.8
3501,ＳＵＭＩＮＯＥ,1198.0,351,42.0,一般消費財,"ex:2025-11-27|pay:2026-02:21.5, ex:2026-05-28|pay:2026-08:18.5"
350A,デジタルグリッド,684.0,0,0.0,公益事業,
3512,日本フエルト,1046.0,268,28.0,資本財,"ex:2025-09-29|pay:2025-12:10.0, ex:2026-03-30|pay:2026-06:14.0"
3513,イチカワ,3790.0,264,100.0,素材,"ex:2025-09-29|pay:2025-12:40.0, ex:2026-03-30|pay:2026-06:50.0"
351A,アクシスＩＴパートナーズ,1760.0,0,0.0,情報技術,
3521,テルマー湯ホールディングス,157.0,318,5.0,不動産,ex:2026-03-30|pay:2026-06:5.0
3524,日東製網,1482.0,337,50.0,一般消費財,ex:2026-04-28|pay:2026-07:50.0
3529,アツギ,1014.0,0,0.0,一般消費財,
352A,ＬＯＩＶＥ,534.0,0,0.0,一般消費財,
3536,アクサスホールディングス,126.0,159,2.0,生活必需品,ex:2026-08-28|pay:2026-11:2.0
3537,昭栄薬品,1821.0,225,41.0,素材,ex:2026-03-30|pay:2026-06:46.0
3538,ウイルプラスホールディングス,1040.0,516,53.67,一般消費財,"ex:2025-12-29|pay:2026-03:18.0, ex:2026-06-29|pay:2026-09:28.0"
3539,ＪＭホールディングス,1450.0,179,26.0,生活必需品,"ex:2026-01-29|pay:2026-04:12.0, ex:2026-07-30|pay:2026-10:13.0"
3541,農業総合研究所,763.0,0,0.0,生活必需品,
3542,ベガコーポレーション,1561.0,115,18.0,一般消費財,ex:2026-03-30|pay:2026-06:17.0
3543,コメダホールディングス,2843.0,218,62.0,一般消費財,"ex:2026-02-26|pay:2026-05:30.0, ex:2026-08-28|pay:2026-11:31.0"
3544,サツドラホールディングス,1246.0,96,12.0,ヘルスケア,
3546,アレンザホールディングス,1455.0,0,0.0,一般消費財,
3547,串カツ田中ホールディングス,1949.0,77,15.0,一般消費財,ex:2025-11-27|pay:2026-02:15.0
3548,バロックジャパンリミテッド,667.0,570,38.0,一般消費財,ex:2026-02-26|pay:2026-05:38.0
3549,クスリのアオキホールディングス,3948.0,162,64.0,ヘルスケア,"ex:2025-11-19|pay:2026-02:8.0, ex:2026-05-19|pay:2026-08:48.0"
354A,ｉＦｒｅｅＥＴＦ　ブルームバーグ日本株高配当５０指数,3357.0,316,106.0,,"ex:2025-10-07|pay:2026-01:41.0, ex:2026-01-07|pay:2026-04:8.0, ex:2026-04-07|pay:2026-07:43.0, ex:2026-07-07|pay:2026-10:14.0"
3550,スタジオアタオ,216.0,231,5.0,一般消費財,ex:2026-02-26|pay:2026-05:5.0
3551,ダイニック,1556.0,296,46.0,資本財,ex:2026-03-30|pay:2026-06:46.0
3553,共和レザー,927.0,561,52.0,素材,"ex:2025-09-29|pay:2025-12:26.0, ex:2026-03-30|pay:2026-06:26.0"
3556,リネットジャパングループ,811.0,0,0.0,一般消費財,
3557,ユナイテッド＆コレクティブ,505.0,0,0.0,一般消費財,
3558,ジェイドグループ,1895.0,158,30.0,一般消費財,ex:2026-02-26|pay:2026-05:30.0
3559,ピーバンドットコム,454.0,220,10.0,情報技術,ex:2026-03-30|pay:2026-06:10.0
355A,ナウビレッジ,350.0,88,3.08,コミュニケーション・サービス,ex:2025-09-29|pay:2025-12:3.08
3560,ほぼ日,5200.0,173,90.0,一般消費財,ex:2026-08-28|pay:2026-11:90.0
3561,力の源ホールディングス,1498.0,160,24.0,一般消費財,"ex:2025-09-29|pay:2025-12:10.0, ex:2026-03-30|pay:2026-06:10.0"
3562,Ｎｏ．１,1590.0,497,79.0,資本財,"ex:2026-02-26|pay:2026-05:60.0, ex:2026-08-28|pay:2026-11:39.5"
3563,ＦＯＯＤ　＆　ＬＩＦＥ　ＣＯＭＰＡＮＩＥＳ,4920.0,41,20.0,一般消費財,ex:2025-09-29|pay:2025-12:17.5
3565,アセンテック,508.0,295,15.0,情報技術,"ex:2026-01-29|pay:2026-04:10.0, ex:2026-07-30|pay:2026-10:7.0"
3566,ユニフォームネクスト,724.0,83,6.0,一般消費財,ex:2025-12-29|pay:2026-03:5.0
3569,セーレン,3335.0,228,76.0,一般消費財,"ex:2025-09-29|pay:2025-12:38.0, ex:2026-03-30|pay:2026-06:38.0"
356A,グローバルＸ　Ｓ＆Ｐ５００　キャッシュフロー・トップ１００　ＥＴＦ,1580.0,38,6.0,,ex:2026-04-10|pay:2026-07:6.0
3571,ソトー,723.0,692,50.0,一般消費財,"ex:2025-09-29|pay:2025-12:15.0, ex:2026-03-30|pay:2026-06:27.0"
3577,東海染工,921.0,271,25.0,一般消費財,ex:2026-03-30|pay:2026-06:25.0
357A,エフアンドエフ,6240.0,208,130.0,ヘルスケア,ex:2026-03-30|pay:2026-06:130.0
3580,小松マテーレ,763.0,367,28.0,一般消費財,"ex:2025-09-29|pay:2025-12:14.0, ex:2026-03-30|pay:2026-06:13.0"
3583,オーベクス,1379.0,254,35.0,一般消費財,ex:2026-03-30|pay:2026-06:35.0
358A,ゼン・ランド,310.0,0,0.0,不動産,
3591,ワコールホールディングス,3968.0,252,100.0,一般消費財,"ex:2025-09-29|pay:2025-12:50.0, ex:2026-03-30|pay:2026-06:50.0"
3593,ホギメディカル,6660.0,143,95.0,ヘルスケア,"ex:2025-06-27|pay:2025-09:23.75, ex:2025-09-29|pay:2025-12:23.75"
3597,自重堂,8990.0,556,500.0,一般消費財,ex:2026-06-29|pay:2026-09:500.0
3598,山喜,166.0,181,3.0,一般消費財,
359A,ＮＥＸＴ　ＳＴＡＧＥ,1600.0,0,0.0,情報技術,
3600,フジックス,1770.0,282,50.0,一般消費財,ex:2026-03-30|pay:2026-06:50.0
3607,クラウディアホールディングス,370.0,270,10.0,一般消費財,"ex:2026-02-26|pay:2026-05:5.0, ex:2026-08-28|pay:2026-11:5.0"
3608,ＴＳＩホールディングス,1246.0,562,70.0,一般消費財,ex:2026-02-26|pay:2026-05:40.0
360A,東証ＲＥＩＴ　Ｃｏｒｅ　ＥＴＦ,1052.0,314,33.0,,"ex:2026-01-12|pay:2026-04:3.0, ex:2026-04-12|pay:2026-07:18.0, ex:2026-07-12|pay:2026-10:12.0"
3611,マツオカコーポレーション,2406.0,478,115.0,一般消費財,ex:2026-03-30|pay:2026-06:100.0
3612,ワールド,1608.0,417,67.0,一般消費財,"ex:2026-02-26|pay:2026-05:30.0, ex:2026-08-28|pay:2026-11:31.0"
361A,リビングハウス,1588.0,0,0.0,一般消費財,
3622,ネットイヤーグループ,500.0,140,7.0,コミュニケーション・サービス,ex:2026-03-30|pay:2026-06:7.0
3623,ビリングシステム,1275.0,255,32.5,情報技術,ex:2025-12-29|pay:2026-03:25.8
3624,アクセルマーク,89.0,0,0.0,コミュニケーション・サービス,
3625,テックファームホールディングス,719.0,223,16.0,情報技術,ex:2026-06-29|pay:2026-09:8.0
3626,ＴＩＳ,4015.0,224,90.0,情報技術,"ex:2025-09-29|pay:2025-12:38.0, ex:2026-03-30|pay:2026-06:42.0"
3627,テクミラホールディングス,267.0,225,6.0,情報技術,"ex:2026-02-26|pay:2026-05:5.0, ex:2026-08-28|pay:2026-11:2.0"
3628,データホライゾン,732.0,0,0.0,ヘルスケア,
362A,エクシオホールディングス,4950.0,0,0.0,資本財,
3632,グリーホールディングス,423.0,520,22.0,コミュニケーション・サービス,ex:2026-06-29|pay:2026-09:22.0
3633,ＧＭＯペパボ,2584.0,1440,372.0,情報技術,ex:2025-12-29|pay:2026-03:111.0
3634,ソケッツ,599.0,100,6.0,情報技術,ex:2026-03-30|pay:2026-06:6.0
3635,コーエーテクモホールディングス,1671.0,287,48.0,コミュニケーション・サービス,ex:2026-03-30|pay:2026-06:66.0
3636,三菱総合研究所,4965.0,342,170.0,情報技術,"ex:2025-09-29|pay:2025-12:85.0, ex:2026-03-30|pay:2026-06:80.0"
3639,ボルテージ,234.0,0,0.0,コミュニケーション・サービス,
363A,ｉＦｒｅｅＥＴＦ　英国ＦＴＳＥ１００,2686.0,56,15.0,,"ex:2025-10-10|pay:2026-01:5.0, ex:2026-04-10|pay:2026-07:10.0"
3640,電算,2803.0,357,100.0,情報技術,"ex:2025-09-29|pay:2025-12:17.0, ex:2026-03-30|pay:2026-06:123.0"
3641,パピレス,995.0,101,10.0,コミュニケーション・サービス,ex:2026-03-30|pay:2026-06:10.0
3645,メディカルネット,259.0,116,3.0,コミュニケーション・サービス,ex:2026-05-28|pay:2026-08:3.0
3646,駅探,360.0,222,8.0,コミュニケーション・サービス,ex:2026-03-30|pay:2026-06:8.0
3647,ジー・スリーホールディングス,116.0,0,0.0,公益事業,
3648,ＡＧＳ,1070.0,336,36.0,情報技術,"ex:2025-09-29|pay:2025-12:16.0, ex:2026-03-30|pay:2026-06:18.0"
3649,ファインデックス,887.0,304,27.0,ヘルスケア,"ex:2025-12-29|pay:2026-03:14.0, ex:2026-06-29|pay:2026-09:13.0"
364A,ＮＥＸＴ　ＦＵＮＤＳ　Ｓ＆Ｐ　５００　配当貴族指数連動型上場投信,2388.0,201,48.0,,"ex:2025-12-07|pay:2026-03:11.0, ex:2026-03-07|pay:2026-06:11.0, ex:2026-06-07|pay:2026-09:11.0, ex:2026-09-07|pay:2026-12:15.0"
3652,ディジタルメディアプロフェッショナル,3070.0,0,0.0,情報技術,
3653,モルフォ,1112.0,0,0.0,情報技術,
3655,ブレインパッド,0.0,0,0.0,情報技術,
3656,ＫＬａｂ,182.0,0,0.0,コミュニケーション・サービス,
3657,ポールトゥウィンホールディングス,372.0,430,16.0,情報技術,"ex:2026-01-29|pay:2026-04:8.0, ex:2026-07-30|pay:2026-10:8.0"
3659,ネクソン,3116.0,193,60.0,コミュニケーション・サービス,"ex:2025-12-29|pay:2026-03:30.0, ex:2026-06-29|pay:2026-09:30.0"
365A,伊澤タオル,790.0,532,42.0,,"ex:2026-02-26|pay:2026-05:40.0, ex:2026-08-28|pay:2026-11:21.0"
3660,アイスタイル,482.0,83,4.0,一般消費財,ex:2026-06-29|pay:2026-09:1.0
3661,エムアップホールディングス,802.0,299,24.0,コミュニケーション・サービス,ex:2026-03-30|pay:2026-06:20.0
3662,エイチームホールディングス,934.0,300,28.0,コミュニケーション・サービス,"ex:2026-01-29|pay:2026-04:14.0, ex:2026-07-30|pay:2026-10:14.0"
3663,セルシス,1846.0,228,42.0,情報技術,"ex:2025-12-29|pay:2026-03:14.0, ex:2026-06-29|pay:2026-09:20.0"
3664,モブキャストホールディングス,25.0,0,0.0,コミュニケーション・サービス,
3665,エニグモ,408.0,245,10.0,一般消費財,ex:2026-01-29|pay:2026-04:30.0
3667,ｅｎｉｓｈ,28.0,0,0.0,コミュニケーション・サービス,
3668,コロプラ,452.0,442,20.0,コミュニケーション・サービス,ex:2025-09-29|pay:2025-12:20.0
366A,ウェルネス・コミュニケーションズ,1194.0,335,40.0,ヘルスケア,ex:2026-03-30|pay:2026-06:34.4
3670,協立情報通信,1684.0,386,65.0,情報技術,
3671,ソフトマックス,306.0,327,10.0,ヘルスケア,ex:2025-12-29|pay:2026-03:10.0
3672,オルトプラス,28.0,0,0.0,コミュニケーション・サービス,
3673,ブロードリーフ,477.0,168,8.0,情報技術,"ex:2025-12-29|pay:2026-03:1.75, ex:2026-06-29|pay:2026-09:3.75"
3674,オークファン,339.0,0,0.0,コミュニケーション・サービス,
3675,クロス・マーケティンググループ,600.0,267,16.0,コミュニケーション・サービス,"ex:2025-12-29|pay:2026-03:7.5, ex:2026-06-29|pay:2026-09:7.5"
3676,デジタルハーツホールディングス,1050.0,257,27.0,情報技術,"ex:2025-09-29|pay:2025-12:11.5, ex:2026-03-30|pay:2026-06:13.5"
3678,メディアドゥ,1239.0,323,40.0,コミュニケーション・サービス,ex:2026-02-26|pay:2026-05:40.0
3679,じげん,441.0,306,13.5,コミュニケーション・サービス,ex:2026-03-30|pay:2026-06:11.0
367A,プリモグローバルホールディングス,2886.0,416,120.0,一般消費財,"ex:2026-02-26|pay:2026-05:60.0, ex:2026-08-28|pay:2026-11:60.0"
3680,ホットリンク,205.0,302,6.2,情報技術,"ex:2025-12-29|pay:2026-03:3.0, ex:2026-06-29|pay:2026-09:3.1"
3681,ブイキューブ,9.0,0,0.0,情報技術,
3682,エンカレッジ・テクノロジ,586.0,461,27.0,情報技術,ex:2026-03-30|pay:2026-06:26.0
3683,サイバーリンクス,1078.0,325,35.0,情報技術,ex:2025-12-29|pay:2026-03:30.0
3686,ディー・エル・イー,60.0,0,0.0,コミュニケーション・サービス,
3687,フィックスターズ,2222.0,86,19.0,情報技術,ex:2025-09-29|pay:2025-12:18.0
368A,北里コーポレーション,1438.0,285,41.0,ヘルスケア,ex:2026-03-30|pay:2026-06:41.0
3690,イルグルム,573.0,122,7.0,コミュニケーション・サービス,ex:2025-09-29|pay:2025-12:7.9
3691,デジタルプラス,1882.0,0,0.0,コミュニケーション・サービス,
3692,ＦＦＲＩセキュリティ,7880.0,23,18.0,情報技術,ex:2026-03-30|pay:2026-06:18.0
3694,オプティム,482.0,0,0.0,情報技術,
3695,ＧＭＯプロダクトプラットフォーム,1717.0,1651,283.44,情報技術,ex:2025-12-29|pay:2026-03:59.52
3696,セレス,2217.0,812,180.0,資本財,ex:2025-12-29|pay:2026-03:80.0
3697,ＳＨＩＦＴ,874.6,94,8.2,情報技術,ex:2026-08-28|pay:2026-11:4.1
3698,ＣＲＩ・ミドルウェア,1220.0,221,27.0,コミュニケーション・サービス,"ex:2025-09-29|pay:2025-12:25.0, ex:2026-03-30|pay:2026-06:13.0"
369A,エータイ,2730.0,198,54.0,資本財,"ex:2026-02-26|pay:2026-05:27.0, ex:2026-08-28|pay:2026-11:27.0"
3708,特種東海製紙,2256.0,417,94.0,素材,"ex:2025-09-29|pay:2025-12:21.666, ex:2026-03-30|pay:2026-06:32.0"
370A,リバイブル,6480.0,0,0.0,不動産,
3710,ジョルダン,647.0,309,20.0,情報技術,ex:2025-09-29|pay:2025-12:6.0
3712,情報企画,1003.0,239,24.0,情報技術,"ex:2025-09-29|pay:2025-12:12.0, ex:2026-03-30|pay:2026-06:12.0"
3719,ＡＩストーム,114.0,263,3.0,資本財,ex:2025-12-29|pay:2026-03:3.0
371A,デージーネット,420.0,0,0.0,情報技術,
3723,日本ファルコム,2861.0,35,10.0,コミュニケーション・サービス,ex:2025-09-29|pay:2025-12:20.0
3726,フォーシーズＨＤ,380.0,0,0.0,一般消費財,
3727,アプリックス,162.0,123,2.0,情報技術,ex:2025-12-29|pay:2026-03:3.5
372A,レント,5600.0,420,235.0,資本財,ex:2026-05-28|pay:2026-08:220.0
3733,ソフトウェア・サービス,11930.0,142,170.0,ヘルスケア,ex:2025-10-30|pay:2026-01:160.0
373A,リップス,1499.0,0,0.0,一般消費財,
3741,セック,3275.0,189,62.0,情報技術,ex:2026-03-30|pay:2026-06:60.0
3744,サイオス,468.0,107,5.0,情報技術,
3747,インタートレード,407.0,0,0.0,金融,
374A,樋口総合研究所,240.0,167,4.0,情報技術,ex:2026-05-28|pay:2026-08:4.0
3750,ＡＤＲ１２０Ｓ,860.0,0,0.0,ヘルスケア,
3753,フライトソリューションズ,205.0,0,0.0,情報技術,
3758,アエリア,248.0,202,5.0,コミュニケーション・サービス,ex:2025-12-29|pay:2026-03:5.0
375A,ＹＡＫホールディングス,2125.0,0,0.0,不動産,
3760,ケイブ,722.0,139,10.0,コミュニケーション・サービス,
3762,テクマトリックス,2535.0,252,64.0,情報技術,"ex:2025-09-29|pay:2025-12:21.0, ex:2026-03-30|pay:2026-06:31.0"
3763,プロシップ,2090.0,201,42.0,情報技術,ex:2026-03-30|pay:2026-06:40.0
3765,ガンホー・オンライン・エンターテイメント,2489.0,362,90.0,コミュニケーション・サービス,ex:2025-12-29|pay:2026-03:90.0
3766,システムズ・デザイン,1501.0,400,60.0,情報技術,ex:2026-03-30|pay:2026-06:55.0
3768,リスクモンスター,571.0,289,16.5,資本財,ex:2026-03-30|pay:2026-06:16.0
3769,ＧＭＯペイメントゲートウェイ,9087.0,187,170.0,情報技術,ex:2025-09-29|pay:2025-12:144.0
376A,ＮＥＸＴ　ＦＵＮＤＳ　ブルームバーグ米国国債（７－１０年）インデックス（７５％為替ヘッジあり）連動型上場投信,4695.0,452,212.0,,"ex:2025-11-07|pay:2026-02:74.0, ex:2026-02-07|pay:2026-05:49.0, ex:2026-05-07|pay:2026-08:46.0, ex:2026-08-07|pay:2026-11:43.0"
3771,システムリサーチ,1948.0,821,160.0,情報技術,ex:2026-03-30|pay:2026-06:70.0
3772,ウェルス・マネジメント,1106.0,181,20.0,不動産,ex:2026-03-30|pay:2026-06:20.0
3773,アドバンスト・メディア,1033.0,213,22.0,情報技術,ex:2026-03-30|pay:2026-06:33.5
3774,インターネットイニシアティブ,3465.0,124,43.0,コミュニケーション・サービス,"ex:2025-09-29|pay:2025-12:19.5, ex:2026-03-30|pay:2026-06:19.5"
3776,ブロードバンドタワー,254.0,79,2.0,コミュニケーション・サービス,"ex:2025-12-29|pay:2026-03:2.0, ex:2026-06-29|pay:2026-09:1.0"
3777,環境フレンドリーホールディングス,44.0,0,0.0,情報技術,
3778,さくらインターネット,3750.0,15,5.5,情報技術,ex:2026-03-30|pay:2026-06:5.0
3779,ジェイ・エスコムホールディングス,122.0,0,0.0,一般消費財,
3787,テクノマセマティカル,676.0,0,0.0,情報技術,
3788,ＧＭＯグローバルサイン・ホールディングス,2059.0,290,59.67,情報技術,ex:2025-12-29|pay:2026-03:56.91
378A,ヒット,905.0,232,21.0,コミュニケーション・サービス,ex:2026-06-29|pay:2026-09:22.5
3791,ＩＧポート,1089.0,119,13.0,コミュニケーション・サービス,ex:2026-05-28|pay:2026-08:8.5
3793,ドリコム,563.0,89,5.0,コミュニケーション・サービス,
3796,いい生活,338.0,89,3.0,情報技術,ex:2026-03-30|pay:2026-06:3.0
3798,ＵＬＳグループ,557.0,147,8.2,情報技術,ex:2026-03-30|pay:2026-06:7.3
3799,キーウェアソリューションズ,1151.0,348,40.0,情報技術,"ex:2025-09-29|pay:2025-12:17.0, ex:2026-03-30|pay:2026-06:17.0"
379A,グローバルＸ　Ｓ＆Ｐ５００　ＥＴＦ（ダイナミック・プロテクション）,1355.0,96,13.0,,"ex:2025-10-10|pay:2026-01:5.0, ex:2026-01-10|pay:2026-04:3.0, ex:2026-04-10|pay:2026-07:3.0, ex:2026-07-10|pay:2026-10:2.0"
3800,ユニリタ,1980.0,384,76.0,情報技術,"ex:2025-09-29|pay:2025-12:36.0, ex:2026-03-30|pay:2026-06:36.0"
3802,エコミック,505.0,257,13.0,資本財,ex:2026-03-30|pay:2026-06:13.0
3803,イメージ情報開発,707.0,0,0.0,情報技術,
3804,システム　ディ,448.0,246,11.0,情報技術,ex:2025-10-30|pay:2026-01:9.3333
3807,フィスコ,92.0,0,0.0,金融,
380A,グローバルＸ　チャイナテック　ＥＴＦ,911.0,33,3.0,,ex:2026-07-10|pay:2026-10:3.0
3810,サイバーステップホールディングス,188.0,0,0.0,コミュニケーション・サービス,
3815,メディア工房,432.0,0,0.0,コミュニケーション・サービス,
3816,大和コンピューター,1098.0,346,38.0,情報技術,ex:2026-07-30|pay:2026-10:19.0
3817,ＳＲＡホールディングス,4855.0,494,240.0,情報技術,"ex:2025-09-29|pay:2025-12:90.0, ex:2026-03-30|pay:2026-06:110.0"
381A,ｉＦｒｅｅＥＴＦ　米国国債３－５年（為替ヘッジなし）,2118.0,387,82.0,,"ex:2025-11-10|pay:2026-02:3.0, ex:2026-02-10|pay:2026-05:19.0, ex:2026-05-10|pay:2026-08:20.0, ex:2026-08-10|pay:2026-11:40.0"
3823,ＴＨＥ　ＷＨＹ　ＨＯＷ　ＤＯ　ＣＯＭＰＡＮＹ,42.0,0,0.0,情報技術,
3825,リミックスポイント,247.0,121,3.0,公益事業,ex:2026-03-30|pay:2026-06:5.0
3826,システムインテグレータ,499.0,220,11.0,情報技術,ex:2026-02-26|pay:2026-05:13.0
382A,ｉＦｒｅｅＥＴＦ　米国国債３－５年（為替ヘッジあり）,1857.0,485,90.0,,"ex:2025-11-10|pay:2026-02:13.0, ex:2026-02-10|pay:2026-05:18.0, ex:2026-05-10|pay:2026-08:43.0, ex:2026-08-10|pay:2026-11:16.0"
3834,朝日ネット,609.0,411,25.0,コミュニケーション・サービス,"ex:2025-09-29|pay:2025-12:12.5, ex:2026-03-30|pay:2026-06:12.5"
3835,ｅＢＡＳＥ,430.0,284,12.2,情報技術,ex:2026-03-30|pay:2026-06:15.2
3836,アバントグループ,1215.0,560,68.0,情報技術,ex:2026-06-29|pay:2026-09:32.0
3837,アドソル日進,1361.0,353,48.0,情報技術,"ex:2025-09-29|pay:2025-12:18.0, ex:2026-03-30|pay:2026-06:28.0"
3839,ＯＤＫソリューションズ,633.0,158,10.0,情報技術,"ex:2025-09-29|pay:2025-12:5.0, ex:2026-03-30|pay:2026-06:5.0"
383A,ＭＡＸＩＳ　Ｓ＆Ｐ５００均等ウェイト上場投信,2549.0,118,30.0,,"ex:2025-12-08|pay:2026-03:12.0, ex:2026-06-08|pay:2026-09:18.0"
3840,パス,64.0,0,0.0,資本財,
3841,ジーダット,1332.0,300,40.0,情報技術,ex:2026-03-30|pay:2026-06:40.0
3842,ネクストジェン,1256.0,159,20.0,コミュニケーション・サービス,"ex:2025-09-29|pay:2025-12:15.0, ex:2026-03-30|pay:2026-06:15.0"
3843,フリービット,1682.0,244,41.0,コミュニケーション・サービス,ex:2026-04-28|pay:2026-07:41.0
3844,コムチュア,1325.0,392,52.0,情報技術,"ex:2025-09-29|pay:2025-12:12.5, ex:2025-12-29|pay:2026-03:12.5, ex:2026-03-30|pay:2026-06:12.5, ex:2026-06-29|pay:2026-09:13.0"
3845,アイフリークモバイル,328.0,0,0.0,コミュニケーション・サービス,
3848,データ・アプリケーション,837.0,418,35.0,情報技術,ex:2026-03-30|pay:2026-06:35.0
3850,エヌ・ティ・ティ・データ・イントラマート,3915.0,192,75.0,情報技術,ex:2026-03-30|pay:2026-06:66.0
3851,日本一ソフトウェア,1404.0,36,5.0,コミュニケーション・サービス,ex:2026-03-30|pay:2026-06:5.0
3853,アステリア,1111.0,90,10.0,情報技術,ex:2026-03-30|pay:2026-06:9.0
3854,アイル,2152.0,325,70.0,情報技術,"ex:2026-01-29|pay:2026-04:32.0, ex:2026-07-30|pay:2026-10:35.0"
3856,Ａｂａｌａｎｃｅ,199.0,302,6.0,情報技術,ex:2025-09-29|pay:2025-12:3.0
3858,ユビキタスＡＩ,321.0,0,0.0,情報技術,
385A,山本通産,2450.0,245,60.0,素材,ex:2025-12-29|pay:2026-03:60.0
3861,王子ホールディングス,875.8,411,36.0,素材,"ex:2025-09-29|pay:2025-12:18.0, ex:2026-03-30|pay:2026-06:18.0"
3863,日本製紙,1333.0,113,15.0,素材,"ex:2025-09-29|pay:2025-12:5.0, ex:2026-03-30|pay:2026-06:10.0"
3864,三菱製紙,1228.0,212,26.0,素材,ex:2026-03-30|pay:2026-06:15.0
3865,北越コーポレーション,922.0,282,26.0,素材,"ex:2025-09-29|pay:2025-12:13.0, ex:2026-03-30|pay:2026-06:13.0"
386A,みのや,1254.0,239,30.0,一般消費財,ex:2026-06-29|pay:2026-09:24.66
3877,中越パルプ工業,2248.0,534,120.0,素材,"ex:2025-09-29|pay:2025-12:40.0, ex:2026-03-30|pay:2026-06:50.0"
3878,巴川コーポレーション,866.0,173,15.0,素材,ex:2026-03-30|pay:2026-06:15.0
387A,フラー,930.0,0,0.0,情報技術,
3880,大王製紙,1031.0,136,14.0,素材,"ex:2025-09-29|pay:2025-12:7.0, ex:2026-03-30|pay:2026-06:7.0"
3891,ニッポン高度紙工業,6850.0,161,110.0,情報技術,"ex:2025-09-29|pay:2025-12:40.0, ex:2026-03-30|pay:2026-06:50.0"
3892,岡山製紙,1605.0,312,50.0,素材,"ex:2025-11-27|pay:2026-02:25.0, ex:2026-05-28|pay:2026-08:25.0"
3895,ハビックス,455.0,352,16.0,素材,ex:2026-03-30|pay:2026-06:16.0
3896,阿波製紙,420.0,95,4.0,素材,
389A,八光オートメーション,2380.0,36,8.5,資本財,ex:2025-12-29|pay:2026-03:8.5
3900,クラウドワークス,660.0,0,0.0,資本財,
3901,マークラインズ,1506.0,345,52.0,コミュニケーション・サービス,ex:2025-12-29|pay:2026-03:52.0
3902,メディカル・データ・ビジョン,1684.0,77,13.0,ヘルスケア,
3903,ｇｕｍｉ,204.0,0,0.0,コミュニケーション・サービス,
3904,カヤック,417.0,373,15.54,コミュニケーション・サービス,ex:2025-12-29|pay:2026-03:3.9
3905,データセクション,2077.0,0,0.0,情報技術,
3907,シリコンスタジオ,2130.0,94,20.0,コミュニケーション・サービス,ex:2025-11-27|pay:2026-02:10.0
3908,コラボス,364.0,165,6.0,情報技術,ex:2026-03-30|pay:2026-06:6.0
3909,ショーケース,196.0,0,0.0,情報技術,
3910,エムケイシステム,290.0,276,8.0,情報技術,ex:2026-03-30|pay:2026-06:8.0
3911,Ａｉｍｉｎｇ,172.0,0,0.0,コミュニケーション・サービス,
3912,モバイルファクトリー,1111.0,459,51.0,コミュニケーション・サービス,"ex:2025-12-29|pay:2026-03:24.0, ex:2026-06-29|pay:2026-09:25.0"
3913,ＧｒｅｅｎＢｅｅ,1125.0,0,0.0,情報技術,
3914,ＪＩＧ－ＳＡＷ,2622.0,0,0.0,情報技術,
3915,テラスカイ,2282.0,74,17.0,情報技術,ex:2026-02-26|pay:2026-05:16.0
3916,デジタル・インフォメーション・テクノロジー,961.0,411,39.5,情報技術,"ex:2025-12-29|pay:2026-03:18.5, ex:2026-06-29|pay:2026-09:19.0"
3917,アイリッジ,486.0,0,0.0,情報技術,
3918,ＰＣＩホールディングス,1193.0,637,76.0,情報技術,"ex:2025-09-29|pay:2025-12:19.0, ex:2026-03-30|pay:2026-06:38.0"
3920,アイビーシー,990.0,222,22.0,情報技術,"ex:2025-09-29|pay:2025-12:6.0, ex:2026-03-30|pay:2026-06:11.0"
3921,ネオジャパン,1687.0,320,54.0,情報技術,"ex:2026-01-29|pay:2026-04:31.0, ex:2026-07-30|pay:2026-10:27.0"
3922,ＰＲ　ＴＩＭＥＳ,2185.0,77,16.8,コミュニケーション・サービス,ex:2026-02-26|pay:2026-05:13.8
3923,ラクス,1047.5,76,8.0,情報技術,ex:2026-03-30|pay:2026-06:7.0
3924,ランドコンピュータ,915.0,415,38.0,情報技術,"ex:2025-09-29|pay:2025-12:19.0, ex:2026-03-30|pay:2026-06:19.0"
3925,ダブルスタンダード,1315.0,532,70.0,情報技術,ex:2026-03-30|pay:2026-06:70.0
3926,オープンドア,424.0,0,0.0,コミュニケーション・サービス,
3927,フーバーブレイン,901.0,178,16.0,情報技術,ex:2026-03-30|pay:2026-06:15.0
3928,マイネット,241.0,0,0.0,コミュニケーション・サービス,
3929,ソーシャルワイヤー,260.0,0,0.0,コミュニケーション・サービス,
392A,ｉシェアーズ　ＮＡＳＤＡＱ　トップ　３０　ＥＴＦ,290.0,3,0.1,,ex:2026-02-09|pay:2026-05:0.1
3930,はてな,765.0,0,0.0,コミュニケーション・サービス,
3931,バリューゴルフ,1500.0,167,25.0,コミュニケーション・サービス,ex:2026-01-29|pay:2026-04:25.0
3932,アカツキ,3860.0,311,120.0,コミュニケーション・サービス,"ex:2025-09-29|pay:2025-12:55.0, ex:2026-03-30|pay:2026-06:60.0"
3933,チエル,541.0,425,23.0,情報技術,ex:2026-03-30|pay:2026-06:18.0
3934,ベネフィットジャパン,2345.0,414,97.0,コミュニケーション・サービス,ex:2026-03-30|pay:2026-06:85.0
3935,エディア,748.0,227,17.0,コミュニケーション・サービス,ex:2026-02-26|pay:2026-05:13.0
3936,グローバルウェイ,130.0,0,0.0,情報技術,
3937,Ｕｂｉｃｏｍホールディングス,1149.0,218,25.0,情報技術,ex:2026-03-30|pay:2026-06:40.0
3939,カナミックネットワーク,494.0,182,9.0,ヘルスケア,ex:2025-09-29|pay:2025-12:7.5
393A,ＲｉｔａＸ,2000.0,0,0.0,資本財,
3940,ノムラシステムコーポレーション,133.0,267,3.55,情報技術,ex:2025-12-29|pay:2026-03:3.55
3941,レンゴー,1549.0,323,50.0,一般消費財,"ex:2025-09-29|pay:2025-12:20.0, ex:2026-03-30|pay:2026-06:20.0"
3943,大石産業,1325.0,392,52.0,一般消費財,"ex:2025-09-29|pay:2025-12:26.0, ex:2026-03-30|pay:2026-06:26.0"
3944,古林紙工,3130.0,160,50.0,一般消費財,"ex:2025-12-29|pay:2026-03:25.0, ex:2026-06-29|pay:2026-09:25.0"
3945,スーパーバッグ,2187.0,503,110.0,素材,ex:2026-03-30|pay:2026-06:110.0
3946,トーモク,4565.0,372,170.0,一般消費財,"ex:2025-09-29|pay:2025-12:65.0, ex:2026-03-30|pay:2026-06:65.0"
3947,ダイナパック,2465.0,730,180.0,一般消費財,ex:2025-12-29|pay:2026-03:80.0
3948,光ビジネスフォーム,1185.0,422,50.0,資本財,"ex:2025-12-29|pay:2026-03:25.0, ex:2026-06-29|pay:2026-09:25.0"
394A,業界改革厳選ＥＴＦテレビ業界,525.0,0,0.0,,
3950,ザ・パック,1452.0,289,42.0,一般消費財,"ex:2025-12-29|pay:2026-03:22.0, ex:2026-06-29|pay:2026-09:17.0"
3951,朝日印刷,911.0,417,38.0,一般消費財,"ex:2025-09-29|pay:2025-12:18.0, ex:2026-03-30|pay:2026-06:20.0"
3953,大村紙業,794.0,378,30.0,一般消費財,ex:2026-03-30|pay:2026-06:30.0
3954,昭和パックス,3155.0,158,50.0,一般消費財,"ex:2025-09-29|pay:2025-12:20.0, ex:2026-03-30|pay:2026-06:30.0"
3955,イムラ,874.0,343,30.0,素材,ex:2026-01-29|pay:2026-04:30.0
3958,笹徳印刷,531.0,377,20.0,資本財,"ex:2025-12-29|pay:2026-03:8.0, ex:2026-06-29|pay:2026-09:12.0"
395A,業界改革厳選ＥＴＦ地銀,1121.0,69,7.74,,ex:2026-07-12|pay:2026-10:7.74
3961,シルバーエッグ・テクノロジー,0.0,0,0.0,コミュニケーション・サービス,
3962,チェンジホールディングス,1001.0,260,26.0,情報技術,ex:2026-03-30|pay:2026-06:23.0
3963,シンクロ・フード,324.0,463,15.0,資本財,ex:2026-03-30|pay:2026-06:15.0
3964,オークネット,1367.0,322,44.0,一般消費財,"ex:2025-12-29|pay:2026-03:18.0, ex:2026-06-29|pay:2026-09:21.0"
3965,キャピタル・アセット・プランニング,894.0,347,31.0,情報技術,"ex:2025-09-29|pay:2025-12:9.5, ex:2026-03-30|pay:2026-06:10.5"
3967,エルテス,576.0,0,0.0,情報技術,
3968,セグエグループ,664.0,271,18.0,情報技術,"ex:2025-12-29|pay:2026-03:7.0, ex:2026-06-29|pay:2026-09:9.0"
3969,エイトレッド,1406.0,256,36.0,情報技術,"ex:2025-09-29|pay:2025-12:17.0, ex:2026-03-30|pay:2026-06:17.0"
396A,業界改革厳選ＥＴＦ　ＲＥＩＴイベント・ドリブン,470.0,105,4.94,,"ex:2026-01-12|pay:2026-04:2.63, ex:2026-04-12|pay:2026-07:2.31"
3970,イノベーション,832.0,481,40.0,情報技術,ex:2026-03-30|pay:2026-06:40.0
3974,ＳＣＡＴ,658.0,228,15.0,情報技術,"ex:2025-10-30|pay:2026-01:7.0, ex:2026-04-28|pay:2026-07:7.0"
3976,シャノン,571.0,0,0.0,情報技術,
3979,うるる,465.0,92,4.3,情報技術,ex:2026-03-30|pay:2026-06:4.0
3981,ビーグリー,1212.0,371,45.0,コミュニケーション・サービス,ex:2025-12-29|pay:2026-03:42.0
3983,オロ,1904.0,263,50.0,情報技術,"ex:2025-12-29|pay:2026-03:50.0, ex:2026-06-29|pay:2026-09:25.0"
3984,ユーザーローカル,1623.0,185,30.0,情報技術,"ex:2025-12-29|pay:2026-03:10.0, ex:2026-06-29|pay:2026-09:14.0"
3985,テモナ,200.0,0,0.0,コミュニケーション・サービス,
3986,ビーブレイクシステムズ,484.0,331,16.0,情報技術,ex:2026-06-29|pay:2026-09:15.0
3987,エコモット,626.0,0,0.0,情報技術,
3988,ＳＹＳホールディングス,562.0,320,18.0,情報技術,ex:2026-07-30|pay:2026-10:8.0
3989,シェアリングテクノロジー,1545.0,437,67.5,コミュニケーション・サービス,"ex:2025-09-29|pay:2025-12:40.0, ex:2026-03-30|pay:2026-06:27.5"
398A,リアルクオリティ,1350.0,111,15.0,一般消費財,ex:2025-12-29|pay:2026-03:15.0
3991,ウォンテッドリー,945.0,212,20.0,コミュニケーション・サービス,ex:2026-08-28|pay:2026-11:20.0
3992,ニーズウェル,466.0,258,12.0,情報技術,ex:2025-09-29|pay:2025-12:12.0
3993,ＰＫＳＨＡ　Ｔｅｃｈｎｏｌｏｇｙ,3150.0,32,10.0,情報技術,
3994,マネーフォワード,5763.0,0,0.0,情報技術,
3996,サインポスト,218.0,0,0.0,情報技術,
3997,トレードワークス,430.0,47,2.0,情報技術,ex:2025-12-29|pay:2026-03:2.0
3998,すららネット,286.0,0,0.0,生活必需品,
399A,上場インデックスファンド日経平均高配当株５０,2377.0,231,55.0,,"ex:2025-10-04|pay:2026-01:26.0, ex:2026-04-04|pay:2026-07:29.0"
4004,レゾナック・ホールディングス,14960.0,43,65.0,素材,ex:2025-12-29|pay:2026-03:65.0
4005,住友化学,586.2,273,16.0,素材,"ex:2025-09-29|pay:2025-12:6.0, ex:2026-03-30|pay:2026-06:7.5"
4008,住友精化,1555.0,450,70.0,素材,"ex:2025-09-29|pay:2025-12:20.0, ex:2026-03-30|pay:2026-06:24.0"
4011,ヘッドウォータース,2343.0,0,0.0,情報技術,
4012,アクシス,1736.0,328,57.0,情報技術,ex:2025-12-29|pay:2026-03:46.0
4013,勤次郎,647.0,155,10.0,情報技術,ex:2025-12-29|pay:2026-03:10.0
4014,カラダノート,447.0,0,0.0,情報技術,
4015,ペイクラウドホールディングス,522.0,0,0.0,情報技術,
4016,ＭＩＴホールディングス,1070.0,280,30.0,情報技術,ex:2025-11-27|pay:2026-02:30.0
4017,クリーマ,215.0,0,0.0,一般消費財,
4019,スタメン,626.0,319,20.0,情報技術,ex:2025-12-29|pay:2026-03:6.0
401A,霞ヶ関ホテルリート投資法人,97300.0,960,9342.0,不動産,"ex:2026-01-29|pay:2026-04:2978.0, ex:2026-07-30|pay:2026-10:3146.0"
4020,ビートレンド,816.0,0,0.0,情報技術,
4021,日産化学,8341.0,254,212.0,素材,"ex:2025-09-29|pay:2025-12:70.0, ex:2026-03-30|pay:2026-06:132.0"
4022,ラサ工業,1900.0,189,36.0,素材,"ex:2025-09-29|pay:2025-12:12.8, ex:2026-03-30|pay:2026-06:23.2"
4023,クレハ,4165.0,519,216.0,素材,"ex:2025-09-29|pay:2025-12:109.5, ex:2026-03-30|pay:2026-06:104.5"
4025,多木化学,5810.0,181,105.0,素材,ex:2025-12-29|pay:2026-03:75.0
4026,神島化学工業,1547.0,336,52.0,資本財,"ex:2025-10-30|pay:2026-01:23.0, ex:2026-04-28|pay:2026-07:26.0"
4027,テイカ,2360.0,339,80.0,素材,"ex:2025-09-29|pay:2025-12:20.0, ex:2026-03-30|pay:2026-06:40.0"
4028,石原産業,2898.0,449,130.0,素材,"ex:2025-09-29|pay:2025-12:30.0, ex:2026-03-30|pay:2026-06:90.0"
402A,アクセルスペースホールディングス,549.0,0,0.0,資本財,
4031,片倉コープアグリ,1073.0,261,28.0,素材,ex:2026-03-30|pay:2026-06:20.0
403A,北條組,2415.0,37,9.0,資本財,ex:2026-05-28|pay:2026-08:9.0
4040,南海化学,4010.0,162,65.0,素材,"ex:2025-09-29|pay:2025-12:25.0, ex:2026-03-30|pay:2026-06:35.0"
4041,日本曹達,3875.0,413,160.0,素材,"ex:2025-09-29|pay:2025-12:70.0, ex:2026-03-30|pay:2026-06:90.0"
4042,東ソー,2656.5,376,100.0,素材,"ex:2025-09-29|pay:2025-12:50.0, ex:2026-03-30|pay:2026-06:50.0"
4043,トクヤマ,4223.0,341,144.0,素材,"ex:2025-09-29|pay:2025-12:60.0, ex:2026-03-30|pay:2026-06:60.0"
4044,セントラル硝子,4635.0,367,170.0,素材,"ex:2025-09-29|pay:2025-12:85.0, ex:2026-03-30|pay:2026-06:85.0"
4045,東亞合成,1827.5,394,72.0,素材,"ex:2025-12-29|pay:2026-03:32.5, ex:2026-06-29|pay:2026-09:36.0"
4046,大阪ソーダ,2012.0,149,30.0,素材,"ex:2025-09-29|pay:2025-12:12.0, ex:2026-03-30|pay:2026-06:16.0"
4047,関東電化工業,2401.0,150,36.0,素材,"ex:2025-09-29|pay:2025-12:9.0, ex:2026-03-30|pay:2026-06:11.0"
404A,グローバルＸ　チャイナテック・トップ１０　ＥＴＦ,1240.0,0,0.0,,
4051,ＧＭＯフィナンシャルゲート,6200.0,202,125.0,情報技術,ex:2025-09-29|pay:2025-12:99.0
4052,フィーチャ,1016.0,0,0.0,情報技術,
4053,Ｓｕｎ　Ａｓｔｅｒｉｓｋ,505.0,198,10.0,情報技術,
4054,日本情報クリエイト,521.0,250,13.0,情報技術,"ex:2025-12-29|pay:2026-03:3.0, ex:2026-06-29|pay:2026-09:9.0"
4055,ティアンドエスグループ,1655.0,66,11.0,情報技術,ex:2025-09-29|pay:2025-12:10.0
4056,ニューラルグループ,206.0,0,0.0,情報技術,
4057,インターファクトリー,352.0,0,0.0,コミュニケーション・サービス,
4058,トヨクモ,2248.0,120,27.0,情報技術,ex:2025-12-29|pay:2026-03:20.0
4059,まぐまぐ,384.0,0,0.0,コミュニケーション・サービス,
405A,コヤマ・ミライエ,3500.0,0,0.0,一般消費財,
4060,ｒａｋｕｍｏ,1195.0,117,14.0,情報技術,ex:2025-12-29|pay:2026-03:9.0
4061,デンカ,3352.0,298,100.0,素材,"ex:2025-09-29|pay:2025-12:50.0, ex:2026-03-30|pay:2026-06:50.0"
4062,イビデン,23345.0,9,20.0,情報技術,"ex:2025-09-29|pay:2025-12:15.0, ex:2026-03-30|pay:2026-06:15.0"
4063,信越化学工業,5889.0,197,116.0,素材,"ex:2025-09-29|pay:2025-12:53.0, ex:2026-03-30|pay:2026-06:53.0"
4064,日本カーバイド工業,3625.0,370,134.0,素材,"ex:2025-09-29|pay:2025-12:41.0, ex:2026-03-30|pay:2026-06:51.0"
4068,ベイシス,1777.0,0,0.0,情報技術,
4069,ＢｌｕｅＭｅｍｅ,635.0,0,0.0,情報技術,
406A,環境のミカタホールディングス,5450.0,110,60.0,資本財,ex:2025-09-29|pay:2025-12:60.0
4071,プラスアルファ・コンサルティング,2107.0,237,50.0,情報技術,ex:2025-09-29|pay:2025-12:29.0
4072,電算システムホールディングス,3260.0,307,100.0,情報技術,"ex:2025-12-29|pay:2026-03:50.0, ex:2026-06-29|pay:2026-09:50.0"
4073,ジィ・シィ企画,637.0,0,0.0,情報技術,
4074,ラキール,795.0,0,0.0,情報技術,
4075,ブレインズテクノロジー,1458.0,0,0.0,情報技術,
4076,シイエヌエス,2020.0,347,70.0,情報技術,ex:2026-05-28|pay:2026-08:61.0
4078,堺化学工業,3725.0,430,160.0,素材,"ex:2025-09-29|pay:2025-12:65.0, ex:2026-03-30|pay:2026-06:80.0"
407A,ＵＮＩＣＯＮホールディングス,924.0,649,60.0,資本財,"ex:2025-12-29|pay:2026-03:15.0, ex:2026-06-29|pay:2026-09:30.0"
4082,第一稀元素化学工業,2311.0,130,30.0,素材,"ex:2025-09-29|pay:2025-12:14.0, ex:2026-03-30|pay:2026-06:14.0"
4088,エア・ウォーター,2911.0,258,75.0,素材,"ex:2025-09-29|pay:2025-12:37.5, ex:2026-03-30|pay:2026-06:37.5"
408A,ｉシェアーズ　ＡＩ　グローバル・イノベーション　アクティブ　ＥＴＦ,307.4,107,3.3,,ex:2026-02-09|pay:2026-05:3.3
4091,日本酸素ホールディングス,5630.0,117,66.0,素材,"ex:2025-09-29|pay:2025-12:29.0, ex:2026-03-30|pay:2026-06:33.0"
4092,日本化学工業,5650.0,425,240.0,素材,"ex:2025-09-29|pay:2025-12:60.0, ex:2026-03-30|pay:2026-06:60.0"
4093,東邦アセチレン,436.0,413,18.0,素材,"ex:2025-09-29|pay:2025-12:5.0, ex:2026-03-30|pay:2026-06:9.0"
4094,日本化学産業,2276.0,395,90.0,素材,"ex:2025-09-29|pay:2025-12:45.0, ex:2026-03-30|pay:2026-06:45.0"
4095,日本パーカライジング,1800.0,278,50.0,素材,"ex:2025-09-29|pay:2025-12:25.0, ex:2026-03-30|pay:2026-06:25.0"
4097,高圧ガス工業,1233.0,324,40.0,素材,"ex:2025-09-29|pay:2025-12:20.0, ex:2026-03-30|pay:2026-06:20.0"
4098,チタン工業,1000.0,120,12.0,素材,ex:2026-03-30|pay:2026-06:12.0
4099,四国化成ホールディングス,2225.0,180,40.0,素材,"ex:2025-12-29|pay:2026-03:15.0, ex:2026-06-29|pay:2026-09:15.0"
409A,オリオンビール,1160.0,293,34.0,生活必需品,"ex:2025-09-29|pay:2025-12:20.0, ex:2026-03-30|pay:2026-06:24.0"
4100,戸田工業,1916.0,0,0.0,素材,
4102,丸尾カルシウム,1444.0,208,30.0,素材,ex:2026-03-30|pay:2026-06:60.0
4107,伊勢化学工業,3895.0,103,40.0,素材,"ex:2025-12-29|pay:2026-03:20.0, ex:2026-06-29|pay:2026-09:20.0"
4109,ステラ　ケミファ,5420.0,332,180.0,素材,"ex:2025-09-29|pay:2025-12:85.0, ex:2026-03-30|pay:2026-06:95.0"
410A,ＧＭＯコマース,1280.0,377,48.24,情報技術,ex:2025-12-29|pay:2026-03:40.3
4112,保土谷化学工業,2160.0,278,60.0,素材,"ex:2025-09-29|pay:2025-12:25.0, ex:2026-03-30|pay:2026-06:25.0"
4113,田岡化学工業,816.0,74,6.0,素材,"ex:2025-09-29|pay:2025-12:18.0, ex:2026-03-30|pay:2026-06:18.0"
4114,日本触媒,2600.0,538,140.0,素材,"ex:2025-09-29|pay:2025-12:50.0, ex:2026-03-30|pay:2026-06:63.0"
4116,大日精化工業,1363.0,348,47.5,素材,"ex:2025-09-29|pay:2025-12:21.75, ex:2026-03-30|pay:2026-06:44.5"
4118,カネカ,6154.0,341,210.0,素材,"ex:2025-09-29|pay:2025-12:80.0, ex:2026-03-30|pay:2026-06:80.0"
4119,日本ピグメントホールディングス,6170.0,162,100.0,素材,ex:2026-03-30|pay:2026-06:120.0
411A,日本マリタイムバンク,370.0,0,0.0,金融,
4120,スガイ化学工業,3110.0,289,90.0,素材,ex:2026-03-30|pay:2026-06:90.0
4124,大阪油化工業,3050.0,184,56.0,素材,"ex:2025-09-29|pay:2025-12:36.0, ex:2026-03-30|pay:2026-06:23.0"
4125,三和油化工業,3625.0,138,50.0,資本財,ex:2026-03-30|pay:2026-06:50.0
412A,ＮＥＸＴ　ＦＵＮＤＳ　ＴＩＰ　ＦａｃｔＳｅｔ　台湾イノベイティブ・テクノロジー５０指数連動型上場投信,4794.0,163,78.0,,ex:2026-04-07|pay:2026-07:78.0
413A,ｉＦｒｅｅＥＴＦ　キャセイ台湾テックリーダー指数,4059.0,431,175.0,,ex:2026-04-07|pay:2026-07:175.0
414A,オーバーラップホールディングス,874.0,503,44.0,コミュニケーション・サービス,ex:2026-08-28|pay:2026-11:44.0
4151,協和キリン,2267.0,309,70.0,ヘルスケア,"ex:2025-12-29|pay:2026-03:32.0, ex:2026-06-29|pay:2026-09:35.0"
415A,ＧＭＯ　ＴＥＣＨホールディングス,5330.0,519,276.5,コミュニケーション・サービス,ex:2025-12-29|pay:2026-03:246.6
4165,プレイド,669.0,0,0.0,情報技術,
4166,かっこ,650.0,0,0.0,情報技術,
4167,ココペリ,333.0,0,0.0,情報技術,
4168,ヤプリ,795.0,189,15.0,情報技術,"ex:2025-12-29|pay:2026-03:7.0, ex:2026-06-29|pay:2026-09:7.5"
4169,ＥＮＥＣＨＡＮＧＥ,245.0,0,0.0,情報技術,
416A,富士ユナイトホールディングス,1388.0,447,62.0,エネルギー,"ex:2025-09-29|pay:2025-12:31.0, ex:2026-03-30|pay:2026-06:31.0"
4170,Ｋａｉｚｅｎ　Ｐｌａｔｆｏｒｍ,112.0,0,0.0,コミュニケーション・サービス,
4171,グローバルインフォメーション,1665.0,360,60.0,資本財,ex:2025-12-29|pay:2026-03:30.0
4172,Ｈｉクラテス,2321.0,379,88.0,ヘルスケア,"ex:2025-09-29|pay:2025-12:49.0, ex:2026-03-30|pay:2026-06:44.0"
4174,アピリッツ,1001.0,290,29.0,情報技術,"ex:2026-01-29|pay:2026-04:14.0, ex:2026-07-30|pay:2026-10:14.5"
4175,ｃｏｌｙ,2980.0,0,0.0,コミュニケーション・サービス,
4176,ココナラ,276.0,0,0.0,コミュニケーション・サービス,
4177,ｉ‐ｐｌｕｇ,1372.0,394,54.0,資本財,ex:2026-03-30|pay:2026-06:54.0
4178,Ｓｈａｒｉｎｇ　Ｉｎｎｏｖａｔｉｏｎｓ,551.0,0,0.0,情報技術,
4179,ジーネクスト,344.0,0,0.0,情報技術,
417A,ブルーゾーンホールディングス,1888.5,169,32.0,生活必需品,"ex:2025-09-29|pay:2025-12:12.5, ex:2026-03-30|pay:2026-06:97.5"
4180,Ａｐｐｉｅｒ　Ｇｒｏｕｐ,1476.0,16,2.3,情報技術,ex:2025-12-29|pay:2026-03:2.25
4182,三菱瓦斯化学,3906.0,282,110.0,素材,"ex:2025-09-29|pay:2025-12:50.0, ex:2026-03-30|pay:2026-06:50.0"
4183,三井化学,2121.5,354,75.0,素材,"ex:2025-09-29|pay:2025-12:37.5, ex:2026-03-30|pay:2026-06:37.5"
4186,東京応化工業,8358.0,96,80.0,情報技術,"ex:2025-12-29|pay:2026-03:37.0, ex:2026-06-29|pay:2026-09:40.0"
4187,大阪有機化学工業,4250.0,202,86.0,素材,"ex:2025-11-27|pay:2026-02:40.0, ex:2026-05-28|pay:2026-08:43.0"
4188,三菱ケミカルグループ,1170.5,273,32.0,素材,"ex:2025-09-29|pay:2025-12:16.0, ex:2026-03-30|pay:2026-06:16.0"
4189,ＫＨネオケム,3300.0,455,150.0,素材,"ex:2025-12-29|pay:2026-03:52.5, ex:2026-06-29|pay:2026-09:55.0"
4192,スパイダープラス,314.0,0,0.0,情報技術,
4193,ファブリカホールディングス,2190.0,237,52.0,情報技術,"ex:2025-09-29|pay:2025-12:19.0, ex:2026-03-30|pay:2026-06:19.0"
4194,ビジョナル,8503.0,0,0.0,コミュニケーション・サービス,
4196,ネオマーケティング,1341.0,0,0.0,コミュニケーション・サービス,
4197,アスマーク,2374.0,329,78.0,資本財,"ex:2025-11-27|pay:2026-02:40.0, ex:2026-05-28|pay:2026-08:38.0"
4198,テンダ,512.0,430,22.0,情報技術,ex:2026-05-28|pay:2026-08:22.0
4199,ワンダープラネット,804.0,0,0.0,情報技術,
419A,ラングローブ,2700.0,0,0.0,一般消費財,
4202,ダイセル,1442.5,485,70.0,素材,"ex:2025-09-29|pay:2025-12:30.0, ex:2026-03-30|pay:2026-06:30.0"
4203,住友ベークライト,8183.0,147,120.0,素材,"ex:2025-09-29|pay:2025-12:50.0, ex:2026-03-30|pay:2026-06:60.0"
4204,積水化学工業,2525.0,325,82.0,資本財,"ex:2025-09-29|pay:2025-12:40.0, ex:2026-03-30|pay:2026-06:40.0"
4205,日本ゼオン,2440.0,324,79.0,素材,"ex:2025-09-29|pay:2025-12:36.0, ex:2026-03-30|pay:2026-06:40.0"
4206,アイカ工業,4367.0,330,144.0,資本財,"ex:2025-09-29|pay:2025-12:66.0, ex:2026-03-30|pay:2026-06:72.0"
4208,ＵＢＥ,3467.0,461,160.0,素材,"ex:2025-09-29|pay:2025-12:55.0, ex:2026-03-30|pay:2026-06:55.0"
4212,積水樹脂,3000.0,293,88.0,資本財,"ex:2025-09-29|pay:2025-12:36.0, ex:2026-03-30|pay:2026-06:36.0"
4216,旭有機材,6090.0,213,130.0,資本財,"ex:2025-09-29|pay:2025-12:60.0, ex:2026-03-30|pay:2026-06:60.0"
4218,ニチバン,1935.0,207,40.0,資本財,ex:2026-03-30|pay:2026-06:40.0
421A,ムービン・ストラテジック・キャリア,3925.0,0,0.0,資本財,
4220,リケンテクノス,2426.0,350,85.0,素材,"ex:2025-09-29|pay:2025-12:20.0, ex:2026-03-30|pay:2026-06:34.0"
4221,大倉工業,5740.0,453,260.0,素材,"ex:2025-12-29|pay:2026-03:100.0, ex:2026-06-29|pay:2026-09:110.0"
4222,児玉化学工業,668.0,150,10.0,一般消費財,ex:2026-03-30|pay:2026-06:10.0
4224,ロンシール工業,2111.0,403,85.0,資本財,ex:2026-03-30|pay:2026-06:85.0
4228,積水化成品工業,629.0,270,17.0,素材,ex:2026-03-30|pay:2026-06:15.0
4229,群栄化学工業,4210.0,261,110.0,素材,"ex:2025-09-29|pay:2025-12:50.0, ex:2026-03-30|pay:2026-06:50.0"
422A,ｔａｎｅ　ＣＲＥＡＴＩＶＥ,2450.0,0,0.0,情報技術,
4231,タイガースポリマー,1039.0,366,38.0,素材,"ex:2025-09-29|pay:2025-12:14.0, ex:2026-03-30|pay:2026-06:24.0"
4234,サンエー化研,1017.0,177,18.0,素材,"ex:2025-09-29|pay:2025-12:9.0, ex:2026-03-30|pay:2026-06:9.0"
4235,ウルトラファブリックス・ホールディングス,680.0,515,35.0,一般消費財,ex:2025-12-29|pay:2026-03:35.0
4237,フジプレアム,336.0,179,6.0,情報技術,ex:2026-03-30|pay:2026-06:6.0
4238,ミライアル,2025.0,296,60.0,情報技術,"ex:2026-01-29|pay:2026-04:40.0, ex:2026-07-30|pay:2026-10:30.0"
423A,ライオン事務器,326.0,215,7.0,資本財,ex:2026-03-30|pay:2026-06:8.0
4240,クラスターテクノロジー,305.0,164,5.0,情報技術,ex:2026-03-30|pay:2026-06:6.0
4241,アテクト,756.0,132,10.0,資本財,ex:2026-03-30|pay:2026-06:10.0
4242,タカギセイコー,1767.0,340,60.0,素材,"ex:2025-09-29|pay:2025-12:25.0, ex:2026-03-30|pay:2026-06:25.0"
4243,ニックス,1069.0,187,20.0,素材,ex:2025-09-29|pay:2025-12:20.0
4245,ダイキアクシス,718.0,334,24.0,資本財,"ex:2025-12-29|pay:2026-03:12.0, ex:2026-06-29|pay:2026-09:12.0"
4246,ダイキョーニシカワ,1113.0,521,58.0,一般消費財,"ex:2025-09-29|pay:2025-12:19.0, ex:2026-03-30|pay:2026-06:33.0"
4247,ポバール興業,1399.0,300,42.0,素材,"ex:2025-09-29|pay:2025-12:19.5, ex:2026-03-30|pay:2026-06:21.5"
4248,竹本容器,881.0,431,38.0,一般消費財,"ex:2025-12-29|pay:2026-03:18.0, ex:2026-06-29|pay:2026-09:19.0"
4249,森六,2922.0,428,125.0,素材,"ex:2025-09-29|pay:2025-12:57.5, ex:2026-03-30|pay:2026-06:57.5"
424A,グローバルＸ　ゴールド　ＥＴＦ（為替ヘッジあり）,324.4,0,0.0,,
4251,恵和,1195.0,418,50.0,情報技術,ex:2025-12-29|pay:2026-03:40.0
4255,ＴＨＥＣＯＯ,3480.0,0,0.0,情報技術,
4256,サインド,1183.0,0,0.0,情報技術,
4258,網屋,5580.0,72,40.0,情報技術,ex:2025-12-29|pay:2026-03:15.73
4259,エクサウィザーズ,864.0,116,10.0,情報技術,
425A,グローバルＸ　ゴールド　ＥＴＦ,361.6,0,0.0,,
4260,ハイブリッドテクノロジーズ,203.0,0,0.0,情報技術,
4261,アジアクエスト,2939.0,0,0.0,情報技術,
4262,ニフティライフスタイル,1390.0,460,64.0,不動産,"ex:2025-09-29|pay:2025-12:27.0, ex:2026-03-30|pay:2026-06:32.0"
4263,サスメド,439.0,0,0.0,ヘルスケア,
4264,セキュア,1414.0,0,0.0,資本財,
4265,Ｉｎｓｔｉｔｕｔｉｏｎ　ｆｏｒ　ａ　Ｇｌｏｂａｌ　Ｓｏｃｉｅｔｙ,279.0,0,0.0,資本財,
426A,ニッセイＥＴＦ　Ｓ＆Ｐ５００イコール・ウェイト（為替ヘッジなし）,1190.0,84,10.0,,"ex:2026-01-27|pay:2026-04:3.0, ex:2026-07-27|pay:2026-10:7.0"
4270,ＢｅｅＸ,1907.0,131,25.0,情報技術,ex:2026-02-26|pay:2026-05:25.0
4272,日本化薬,2129.5,310,66.0,素材,"ex:2025-09-29|pay:2025-12:30.0, ex:2026-03-30|pay:2026-06:36.0"
4274,細谷火工,1132.0,115,13.0,素材,ex:2026-03-30|pay:2026-06:15.0
4275,カーリット,1985.0,212,42.0,素材,ex:2026-03-30|pay:2026-06:42.0
4284,ソルクシーズ,455.0,308,14.0,情報技術,ex:2025-12-29|pay:2026-03:14.0
4286,ＣＬホールディングス,1396.0,222,31.0,コミュニケーション・サービス,ex:2025-12-29|pay:2026-03:18.0
4287,ジャストプランニング,489.0,266,13.0,情報技術,ex:2026-01-29|pay:2026-04:11.0
4288,アズジェント,430.0,0,0.0,情報技術,
428A,サイプレス・ホールディングス,1618.0,62,10.0,一般消費財,ex:2026-08-28|pay:2026-11:10.0
4290,プレステージ・インターナショナル,723.0,387,28.0,資本財,"ex:2025-09-29|pay:2025-12:13.0, ex:2026-03-30|pay:2026-06:13.0"
4293,セプテーニ・ホールディングス,500.0,360,18.0,コミュニケーション・サービス,"ex:2025-12-29|pay:2026-03:18.0, ex:2026-06-29|pay:2026-09:9.0"
4299,ハイマックス,1226.0,375,46.0,情報技術,"ex:2025-09-29|pay:2025-12:23.0, ex:2026-03-30|pay:2026-06:23.0"
429A,テクセンドフォトマスク,3880.0,180,70.0,情報技術,ex:2026-03-30|pay:2026-06:56.0
4301,アミューズ,1892.0,338,64.0,コミュニケーション・サービス,"ex:2025-09-29|pay:2025-12:20.0, ex:2026-03-30|pay:2026-06:20.0"
4307,野村総合研究所,5089.0,165,84.0,情報技術,"ex:2025-09-29|pay:2025-12:35.0, ex:2026-03-30|pay:2026-06:42.0"
4308,Ｊストリーム,356.0,393,14.0,コミュニケーション・サービス,ex:2026-03-30|pay:2026-06:14.0
430A,ネクストハンズ,2480.0,0,0.0,情報技術,
4310,ドリームインキュベータ,2574.0,1064,274.0,金融,ex:2026-03-30|pay:2026-06:137.0
4316,ビーマップ,54.0,0,0.0,情報技術,
4317,レイ,559.0,268,15.0,コミュニケーション・サービス,ex:2026-02-26|pay:2026-05:20.0
4318,クイック,863.0,440,38.0,資本財,"ex:2025-09-29|pay:2025-12:16.6667, ex:2026-03-30|pay:2026-06:21.0"
431A,ユーソナー,2682.0,0,0.0,情報技術,
4320,ＣＥホールディングス,1629.0,270,44.0,ヘルスケア,ex:2025-09-29|pay:2025-12:52.0
4323,日本システム技術,1896.0,264,50.0,情報技術,"ex:2025-09-29|pay:2025-12:11.0, ex:2026-03-30|pay:2026-06:34.0"
4324,電通グループ,3585.0,0,0.0,コミュニケーション・サービス,
4326,インテージホールディングス,2001.0,250,50.0,コミュニケーション・サービス,"ex:2025-12-29|pay:2026-03:24.0, ex:2026-06-29|pay:2026-09:24.0"
432A,クリニファー,1450.0,0,0.0,ヘルスケア,
4331,テイクアンドギヴ・ニーズ,749.0,534,40.0,一般消費財,"ex:2025-12-29|pay:2026-03:31.0, ex:2026-06-29|pay:2026-09:20.0"
4333,東邦システムサイエンス,1144.0,437,50.0,情報技術,"ex:2025-09-29|pay:2025-12:20.0, ex:2026-03-30|pay:2026-06:25.0"
4334,ユークス,380.0,263,10.0,コミュニケーション・サービス,ex:2026-01-29|pay:2026-04:10.0
4335,ＩＰＳホールディングス,1080.0,352,38.0,情報技術,ex:2026-06-29|pay:2026-09:38.0
4337,ぴあ,2600.0,115,30.0,コミュニケーション・サービス,ex:2026-03-30|pay:2026-06:35.0
433A,ＭＪＥ,710.0,183,13.0,資本財,ex:2026-03-30|pay:2026-06:13.0
4341,西菱電機,927.0,324,30.0,コミュニケーション・サービス,ex:2026-03-30|pay:2026-06:33.0
4343,イオンファンタジー,2746.0,73,20.0,一般消費財,"ex:2026-02-26|pay:2026-05:15.0, ex:2026-08-28|pay:2026-11:10.0"
4344,ソースネクスト,104.0,0,0.0,情報技術,
4345,シーティーエス,855.0,351,30.0,資本財,"ex:2025-09-29|pay:2025-12:14.0, ex:2026-03-30|pay:2026-06:15.0"
4346,ＮＥＸＹＺ．Ｇｒｏｕｐ,1037.0,579,60.0,資本財,ex:2025-09-29|pay:2025-12:30.0
4347,ブロードメディア,1887.0,344,65.0,コミュニケーション・サービス,ex:2026-03-30|pay:2026-06:60.0
434A,ＬＯＯＰＬＡＣＥ,930.0,0,0.0,不動産,
4350,メディカルシステムネットワーク,523.0,229,12.0,ヘルスケア,"ex:2025-09-29|pay:2025-12:6.0, ex:2026-03-30|pay:2026-06:6.0"
4351,山田再生系債権回収総合事務所,848.0,118,10.0,資本財,ex:2025-12-29|pay:2026-03:10.0
4356,応用技術,1649.0,243,40.0,情報技術,ex:2025-12-29|pay:2026-03:40.0
435A,ｉＦｒｅｅＥＴＦ　日本株配当ローテーション戦略,2793.0,397,111.0,,"ex:2026-01-07|pay:2026-04:27.0, ex:2026-04-07|pay:2026-07:52.0, ex:2026-07-07|pay:2026-10:32.0"
4360,マナック・ケミカル・パートナーズ,986.0,152,15.0,素材,"ex:2025-09-29|pay:2025-12:5.0, ex:2026-03-30|pay:2026-06:7.5"
4361,川口化学工業,1617.0,371,60.0,素材,ex:2025-11-27|pay:2026-02:60.0
4362,日本精化,2708.0,384,104.0,素材,"ex:2025-09-29|pay:2025-12:47.0, ex:2026-03-30|pay:2026-06:51.0"
4365,松本油脂製薬,23500.0,383,900.0,,ex:2026-03-30|pay:2026-06:450.0
4366,ダイトーケミックス,487.0,185,9.0,素材,ex:2026-03-30|pay:2026-06:8.0
4367,広栄化学,2550.0,314,80.0,素材,"ex:2025-09-29|pay:2025-12:30.0, ex:2026-03-30|pay:2026-06:50.0"
4368,扶桑化学工業,3060.0,92,28.0,素材,"ex:2025-09-29|pay:2025-12:13.6667, ex:2026-03-30|pay:2026-06:13.666"
4369,トリケミカル研究所,2992.0,117,35.0,素材,ex:2026-01-29|pay:2026-04:35.0
436A,サイバーソリューションズ,1295.0,293,38.0,情報技術,"ex:2025-10-30|pay:2026-01:16.0, ex:2026-04-28|pay:2026-07:16.0"
4370,モビルス,437.0,0,0.0,情報技術,
4371,コアコンセプト・テクノロジー,1457.0,144,21.0,情報技術,ex:2025-12-29|pay:2026-03:19.0
4372,ユミルリンク,1345.0,149,20.0,情報技術,ex:2025-12-29|pay:2026-03:19.0
4373,シンプレクス・ホールディングス,1150.0,209,24.0,情報技術,ex:2026-03-30|pay:2026-06:18.0
4374,ＲＯＢＯＴ　ＰＡＹＭＥＮＴ,2442.0,127,31.0,情報技術,ex:2025-12-29|pay:2026-03:28.0
4375,セーフィー,660.0,0,0.0,情報技術,
4376,くふうカンパニーホールディングス,177.0,0,0.0,資本財,
4377,ワンキャリア,2360.0,297,70.0,資本財,ex:2025-12-29|pay:2026-03:25.0
4378,ＣＩＮＣ,475.0,0,0.0,情報技術,
4379,Ｐｈｏｔｏｓｙｎｔｈ,508.0,0,0.0,情報技術,
437A,ジェイウェイブ,1024.0,283,29.0,資本財,ex:2026-03-30|pay:2026-06:29.0
4380,Ｍマート,714.0,182,13.0,生活必需品,ex:2026-01-29|pay:2026-04:12.5
4381,ビープラッツ,212.0,0,0.0,情報技術,
4382,ＨＥＲＯＺ,856.0,0,0.0,情報技術,
4384,ラクスル,1890.0,16,3.0,資本財,ex:2025-07-30|pay:2025-10:3.0
4385,メルカリ,3635.0,0,0.0,一般消費財,
4386,ＳＩＧグループ,900.0,378,34.0,情報技術,"ex:2025-09-29|pay:2025-12:14.0, ex:2026-03-30|pay:2026-06:15.0"
4387,ＺＵＵ,610.0,0,0.0,情報技術,
4388,エーアイ,364.0,110,4.0,情報技術,ex:2026-03-30|pay:2026-06:4.0
4389,プロパティデータバンク,1046.0,306,32.0,情報技術,ex:2026-03-30|pay:2026-06:32.0
438A,インフキュリオン,1044.0,0,0.0,情報技術,
4390,ＩＰＳ,4130.0,97,40.0,コミュニケーション・サービス,"ex:2025-09-29|pay:2025-12:20.0, ex:2026-03-30|pay:2026-06:20.0"
4391,ロジザード,1135.0,335,38.0,情報技術,ex:2026-06-29|pay:2026-09:19.0
4392,ＦＩＧ,946.0,106,10.0,情報技術,ex:2025-12-29|pay:2026-03:10.0
4393,バンク・オブ・イノベーション,6030.0,0,0.0,コミュニケーション・サービス,
4394,エクスモーション,712.0,281,20.0,情報技術,"ex:2025-11-27|pay:2026-02:10.0, ex:2026-05-28|pay:2026-08:2.5"
4395,アクリート,595.0,168,10.0,コミュニケーション・サービス,"ex:2025-12-29|pay:2026-03:5.0, ex:2026-06-29|pay:2026-09:5.0"
4396,システムサポートホールディングス,1353.0,310,42.0,情報技術,"ex:2025-12-29|pay:2026-03:16.0, ex:2026-06-29|pay:2026-09:16.0"
4397,チームスピリット,391.0,0,0.0,情報技術,
4398,ブロードバンドセキュリティ,1319.0,136,18.0,情報技術,"ex:2025-12-29|pay:2026-03:8.0, ex:2026-06-29|pay:2026-09:8.0"
439A,アクトビ,5000.0,0,0.0,情報技術,
4401,ＡＤＥＫＡ,4650.0,284,132.0,素材,"ex:2025-09-29|pay:2025-12:52.0, ex:2026-03-30|pay:2026-06:60.0"
4403,日油,2577.0,272,70.0,素材,"ex:2025-09-29|pay:2025-12:26.0, ex:2026-03-30|pay:2026-06:35.0"
4404,ミヨシ油脂,2203.0,318,70.0,生活必需品,ex:2025-12-29|pay:2026-03:100.0
4406,新日本理化,235.0,191,4.5,素材,ex:2026-03-30|pay:2026-06:4.5
4409,東邦化学工業,826.0,303,25.0,素材,ex:2026-03-30|pay:2026-06:22.0
4410,ハリマ化成グループ,1158.0,363,42.0,素材,"ex:2025-09-29|pay:2025-12:21.0, ex:2026-03-30|pay:2026-06:21.0"
4412,サイエンスアーツ,1390.0,7,1.0,情報技術,ex:2026-08-28|pay:2026-11:1.0
4413,ボードルア,2964.0,26,7.58,情報技術,ex:2026-02-26|pay:2026-05:7.58
4414,フレクト,1125.0,0,0.0,情報技術,
4415,ブロードエンタープライズ,1436.0,295,42.32,コミュニケーション・サービス,
4416,Ｔｒｕｅ　Ｄａｔａ,410.0,0,0.0,情報技術,
4417,グローバルセキュリティエキスパート,5400.0,91,49.12,情報技術,"ex:2025-09-29|pay:2025-12:16.36, ex:2026-03-30|pay:2026-06:18.24"
4418,ＪＤＳＣ,1129.0,0,0.0,情報技術,
4419,Ｆｉｎａｔｅｘｔホールディングス,1386.0,0,0.0,情報技術,
441A,ＮＥ,275.0,0,0.0,情報技術,
4420,イーソル,818.0,67,5.5,情報技術,"ex:2025-12-29|pay:2026-03:4.0, ex:2026-06-29|pay:2026-09:1.5"
4421,ディ・アイ・システム,949.0,295,28.0,情報技術,ex:2025-09-29|pay:2025-12:27.0
4422,ＶＡＬＵＥＮＥＸ,500.0,0,0.0,資本財,
4424,Ａｍａｚｉａ,314.0,0,0.0,情報技術,
4425,Ｋｕｄａｎ,1463.0,0,0.0,情報技術,
4426,パスロジ,163.0,1043,17.0,,ex:2026-06-29|pay:2026-09:17.0
4427,ＥｄｕＬａｂ,221.0,0,0.0,情報技術,
4428,シノプス,705.0,241,17.0,情報技術,"ex:2025-12-29|pay:2026-03:8.0, ex:2026-06-29|pay:2026-09:8.0"
4429,リックソフト,737.0,0,0.0,情報技術,
442A,クラシコ,754.0,0,0.0,一般消費財,
4430,東海ソフト,1741.0,385,67.0,情報技術,ex:2026-05-28|pay:2026-08:65.0
4431,スマレジ,3330.0,87,29.0,情報技術,ex:2026-04-28|pay:2026-07:24.0
4432,ウイングアーク１ｓｔ,3340.0,323,108.0,情報技術,"ex:2026-02-26|pay:2026-05:52.0, ex:2026-08-28|pay:2026-11:54.0"
4433,ヒト・コミュニケーションズ・ホールディングス,859.0,437,37.5,資本財,"ex:2026-02-26|pay:2026-05:18.0, ex:2026-08-28|pay:2026-11:19.5"
4434,サーバーワークス,2461.0,122,30.0,情報技術,"ex:2026-02-26|pay:2026-05:25.0, ex:2026-08-28|pay:2026-11:15.0"
4436,ミンカブ・ジ・インフォノイド,715.0,0,0.0,コミュニケーション・サービス,
4437,ｇｏｏｄｄａｙｓホールディングス,744.0,67,5.0,不動産,ex:2026-03-30|pay:2026-06:5.0
4438,Ｗｅｌｂｙ,277.0,0,0.0,ヘルスケア,
4439,東名,829.0,169,14.0,資本財,"ex:2026-02-26|pay:2026-05:6.0, ex:2026-08-28|pay:2026-11:7.0"
443A,ｉＦｒｅｅＥＴＦ　東証ＲＥＩＴ指数（２・５・８・１１月決算型）,1797.0,267,48.0,,"ex:2026-02-04|pay:2026-05:12.0, ex:2026-05-04|pay:2026-08:17.0, ex:2026-08-04|pay:2026-11:19.0"
4440,ヴィッツ,2585.0,70,18.0,情報技術,ex:2026-08-28|pay:2026-11:18.0
4441,トビラシステムズ,1521.0,131,20.0,情報技術,ex:2025-10-30|pay:2026-01:21.3
4442,バルテス・ホールディングス,407.0,98,4.0,情報技術,ex:2026-03-30|pay:2026-06:4.0
4443,Ｓａｎｓａｎ,2060.0,24,5.0,情報技術,ex:2026-05-28|pay:2026-08:2.5
4444,インフォネット,980.0,0,0.0,情報技術,
4445,リビン・テクノロジーズ,1960.0,0,0.0,不動産,
4446,Ｌｉｎｋ－Ｕグループ,760.0,0,0.0,情報技術,
4447,ピー・ビーシステムズ,502.0,498,25.0,情報技術,"ex:2025-09-29|pay:2025-12:20.0, ex:2026-03-30|pay:2026-06:10.0"
4448,ｋｕｂｅｌｌ,372.0,0,0.0,情報技術,
4449,ギフティ,995.0,161,16.0,一般消費財,ex:2025-12-29|pay:2026-03:13.0
444A,アイテル,1945.0,483,94.0,一般消費財,ex:2025-12-29|pay:2026-03:94.0
4450,パワーソリューションズ,2368.0,110,26.0,情報技術,"ex:2025-12-29|pay:2026-03:12.5, ex:2026-06-29|pay:2026-09:13.0"
4452,花王,3513.0,222,78.0,生活必需品,"ex:2025-12-29|pay:2026-03:38.5, ex:2026-06-29|pay:2026-09:39.0"
445A,東洋コーポレーション,274.0,0,0.0,不動産,
4461,第一工業製薬,13950.0,108,150.0,素材,"ex:2025-09-29|pay:2025-12:60.0, ex:2026-03-30|pay:2026-06:90.0"
4462,石原ケミカル,2801.0,171,48.0,素材,"ex:2025-09-29|pay:2025-12:22.0, ex:2026-03-30|pay:2026-06:22.0"
4463,日華化学,2005.0,349,70.0,素材,"ex:2025-12-29|pay:2026-03:30.0, ex:2026-06-29|pay:2026-09:35.0"
4464,ソフト９９コーポレーション,4060.0,167,68.0,素材,"ex:2025-09-29|pay:2025-12:23.5, ex:2026-03-30|pay:2026-06:23.5"
4465,ニイタカ,2345.0,358,84.0,生活必需品,"ex:2025-11-27|pay:2026-02:38.0, ex:2026-05-28|pay:2026-08:39.0"
446A,ノースサンド,2313.0,303,70.0,,
4471,三洋化成工業,6540.0,191,125.0,素材,"ex:2025-09-29|pay:2025-12:85.0, ex:2026-03-30|pay:2026-06:85.0"
4475,ＨＥＮＮＧＥ,1780.0,34,6.0,情報技術,"ex:2025-09-29|pay:2025-12:5.0, ex:2026-03-30|pay:2026-06:3.0"
4476,ＡＩ　ＣＲＯＳＳ,1084.0,0,0.0,情報技術,
4477,ＢＡＳＥ,337.0,297,10.0,情報技術,ex:2025-12-29|pay:2026-03:5.0
4478,フリー,3670.0,0,0.0,情報技術,
4479,マクアケ,985.0,0,0.0,金融,
447A,ステート・ストリート・スパイダー　ゴールド　ＥＴＦ（為替ヘッジなし）,275.1,0,0.0,,
4480,メドレー,2349.0,153,36.0,ヘルスケア,
4481,ベース,3210.0,393,126.0,情報技術,"ex:2025-12-29|pay:2026-03:60.0, ex:2026-06-29|pay:2026-09:93.0"
4482,ウィルズ,746.0,241,18.0,コミュニケーション・サービス,"ex:2025-12-29|pay:2026-03:6.5, ex:2026-06-29|pay:2026-09:9.0"
4483,ＪＭＤＣ,3605.0,50,18.0,ヘルスケア,ex:2026-03-30|pay:2026-06:18.0
4484,ランサーズ,302.0,99,3.0,情報技術,ex:2026-03-30|pay:2026-06:2.0
4486,ユナイトアンドグロウ,691.0,232,16.0,情報技術,ex:2025-12-29|pay:2026-03:13.0
4487,スペースマーケット,225.0,0,0.0,不動産,
4488,ＡＩ　ｉｎｓｉｄｅ,2118.0,0,0.0,情報技術,
448A,ステート・ストリート・スパイダー　ゴールド　ＥＴＦ（為替ヘッジあり）,256.0,0,0.0,,
4490,ビザスク,675.0,0,0.0,資本財,
4491,コンピューターマネージメント,3325.0,180,60.0,情報技術,ex:2026-03-30|pay:2026-06:60.0
4492,ゼネテック,386.0,324,12.5,情報技術,"ex:2025-09-29|pay:2025-12:8.0, ex:2026-03-30|pay:2026-06:14.0"
4493,サイバーセキュリティクラウド,1961.0,31,6.0,情報技術,ex:2025-12-29|pay:2026-03:5.0
4494,バリオセキュア,680.0,0,0.0,情報技術,
4495,アイキューブドシステムズ,2087.0,192,40.0,情報技術,"ex:2025-12-29|pay:2026-03:18.0, ex:2026-06-29|pay:2026-09:20.0"
4496,コマースＯｎｅホールディングス,767.0,287,22.0,情報技術,"ex:2025-09-29|pay:2025-12:10.0, ex:2026-03-30|pay:2026-06:11.0"
4498,サイバートラスト,1169.0,120,14.0,情報技術,ex:2026-03-30|pay:2026-06:12.0
4499,Ｓｐｅｅｅ,2229.0,0,0.0,コミュニケーション・サービス,
449A,ステート・ストリート・スパイダー　Ｓ＆Ｐ５００　ＥＴＦ（為替ヘッジなし）,829.3,8,0.7,,ex:2026-04-20|pay:2026-07:0.7
4502,武田薬品工業,5969.0,342,204.0,ヘルスケア,"ex:2025-09-29|pay:2025-12:100.0, ex:2026-03-30|pay:2026-06:100.0"
4503,アステラス製薬,2399.0,333,80.0,ヘルスケア,"ex:2025-09-29|pay:2025-12:39.0, ex:2026-03-30|pay:2026-06:39.0"
4506,住友ファーマ,1595.0,0,0.0,ヘルスケア,
4507,塩野義製薬,2938.0,259,76.0,ヘルスケア,"ex:2025-09-29|pay:2025-12:33.0, ex:2026-03-30|pay:2026-06:38.0"
450A,ステート・ストリート・スパイダー　Ｓ＆Ｐ５００　ＥＴＦ（為替ヘッジあり）,791.2,13,1.0,,ex:2026-04-20|pay:2026-07:1.0
4512,わかもと製薬,296.0,118,3.5,ヘルスケア,ex:2026-03-30|pay:2026-06:3.5
4516,日本新薬,3509.0,353,124.0,ヘルスケア,"ex:2025-09-29|pay:2025-12:62.0, ex:2026-03-30|pay:2026-06:62.0"
4519,中外製薬,6616.0,200,132.0,ヘルスケア,"ex:2025-12-29|pay:2026-03:147.0, ex:2026-06-29|pay:2026-09:66.0"
451A,ステート・ストリート・スパイダー　Ｓ＆Ｐ５００高配当株　ＥＴＦ,280.6,360,10.1,,"ex:2026-01-20|pay:2026-04:2.9, ex:2026-04-20|pay:2026-07:2.4, ex:2026-07-20|pay:2026-10:2.4, ex:2026-07-21|pay:2026-10:2.4"
4521,科研製薬,3965.0,479,190.0,ヘルスケア,"ex:2025-09-29|pay:2025-12:95.0, ex:2026-03-30|pay:2026-06:95.0"
4523,エーザイ,4955.0,323,160.0,ヘルスケア,"ex:2025-09-29|pay:2025-12:80.0, ex:2026-03-30|pay:2026-06:80.0"
4524,森下仁丹,2254.0,288,65.0,ヘルスケア,ex:2026-03-30|pay:2026-06:65.0
4526,理研ビタミン,3340.0,329,110.0,生活必需品,"ex:2025-09-29|pay:2025-12:55.0, ex:2026-03-30|pay:2026-06:55.0"
4527,ロート製薬,2822.0,177,50.0,生活必需品,"ex:2025-09-29|pay:2025-12:21.0, ex:2026-03-30|pay:2026-06:25.0"
4528,小野薬品工業,2442.0,328,80.0,ヘルスケア,"ex:2025-09-29|pay:2025-12:40.0, ex:2026-03-30|pay:2026-06:40.0"
452A,ｉシェアーズ　Ｓ＆Ｐ　５００　プレミアムインカム　ＥＴＦ,813.8,1224,99.6,,"ex:2025-12-18|pay:2026-03:22.9, ex:2026-01-18|pay:2026-04:7.3, ex:2026-02-18|pay:2026-05:8.1, ex:2026-03-18|pay:2026-06:7.9, ex:2026-04-18|pay:2026-07:11.9, ex:2026-05-18|pay:2026-08:9.4, ex:2026-06-18|pay:2026-09:13.7, ex:2026-07-18|pay:2026-10:7.5, ex:2026-08-18|pay:2026-11:7.0, ex:2026-09-18|pay:2026-12:3.9"
4530,久光製薬,6040.0,146,88.0,ヘルスケア,ex:2025-08-28|pay:2025-11:60.0
4531,有機合成薬品工業,363.0,275,10.0,素材,ex:2026-03-30|pay:2026-06:10.0
4534,持田製薬,3300.0,258,85.0,ヘルスケア,"ex:2025-09-29|pay:2025-12:40.0, ex:2026-03-30|pay:2026-06:40.0"
4536,参天製薬,1748.5,240,42.0,ヘルスケア,"ex:2025-09-29|pay:2025-12:19.0, ex:2026-03-30|pay:2026-06:19.0"
4538,扶桑薬品工業,2250.0,400,90.0,ヘルスケア,"ex:2025-09-29|pay:2025-12:45.0, ex:2026-03-30|pay:2026-06:45.0"
4539,日本ケミファ,1573.0,318,50.0,ヘルスケア,ex:2026-03-30|pay:2026-06:50.0
453A,ｉシェアーズ　米国債２０年超　プレミアムインカム　ＥＴＦ,734.1,729,53.5,,"ex:2025-12-18|pay:2026-03:4.6, ex:2026-01-18|pay:2026-04:5.0, ex:2026-02-18|pay:2026-05:6.2, ex:2026-03-18|pay:2026-06:7.0, ex:2026-04-18|pay:2026-07:5.8, ex:2026-05-18|pay:2026-08:2.5, ex:2026-06-18|pay:2026-09:8.7, ex:2026-07-18|pay:2026-10:4.6, ex:2026-08-18|pay:2026-11:5.0, ex:2026-09-18|pay:2026-12:4.1"
4540,ツムラ,3878.0,407,158.0,ヘルスケア,"ex:2025-09-29|pay:2025-12:68.0, ex:2026-03-30|pay:2026-06:79.0"
4543,テルモ,2296.5,157,36.0,ヘルスケア,"ex:2025-09-29|pay:2025-12:15.0, ex:2026-03-30|pay:2026-06:15.0"
4544,Ｈ．Ｕ．グループホールディングス,3600.0,347,125.0,ヘルスケア,"ex:2025-09-29|pay:2025-12:62.0, ex:2026-03-30|pay:2026-06:63.0"
4547,キッセイ薬品工業,4005.0,325,130.0,ヘルスケア,"ex:2025-09-29|pay:2025-12:60.0, ex:2026-03-30|pay:2026-06:100.0"
4548,生化学工業,623.0,321,20.0,ヘルスケア,"ex:2025-09-29|pay:2025-12:15.0, ex:2026-03-30|pay:2026-06:15.0"
4549,栄研化学,2391.0,243,58.0,ヘルスケア,"ex:2025-09-29|pay:2025-12:29.0, ex:2026-03-30|pay:2026-06:29.0"
4552,ＪＣＲファーマ,515.0,388,20.0,ヘルスケア,"ex:2025-09-29|pay:2025-12:10.0, ex:2026-03-30|pay:2026-06:10.0"
4553,東和薬品,3710.0,229,85.0,ヘルスケア,"ex:2025-09-29|pay:2025-12:40.0, ex:2026-03-30|pay:2026-06:40.0"
4554,富士製薬工業,1831.0,268,49.0,ヘルスケア,"ex:2025-09-29|pay:2025-12:25.5, ex:2026-03-30|pay:2026-06:23.0"
4556,カイノス,2268.0,282,64.0,ヘルスケア,
4558,中京医薬品,200.0,250,5.0,一般消費財,"ex:2025-09-29|pay:2025-12:2.5, ex:2026-03-30|pay:2026-06:2.5"
4559,ゼリア新薬工業,2035.0,246,50.0,ヘルスケア,"ex:2025-09-29|pay:2025-12:24.0, ex:2026-03-30|pay:2026-06:25.0"
455A,バリューソフトホールディングス,5970.0,0,0.0,情報技術,
4563,アンジェス,36.0,0,0.0,ヘルスケア,
4564,オンコセラピー・サイエンス,21.0,0,0.0,ヘルスケア,
4565,ネクセラファーマ,1260.0,0,0.0,ヘルスケア,
4568,第一三共,2929.0,341,100.0,ヘルスケア,"ex:2025-09-29|pay:2025-12:39.0, ex:2026-03-30|pay:2026-06:39.0"
4569,杏林製薬,1140.0,219,25.0,ヘルスケア,"ex:2025-09-29|pay:2025-12:20.0, ex:2026-03-30|pay:2026-06:37.0"
456A,ＨＵＭＡＮ　ＭＡＤＥ,1763.0,0,0.0,一般消費財,
4570,免疫生物研究所,1210.0,62,7.5,ヘルスケア,ex:2026-03-30|pay:2026-06:6.0
4571,ＮＡＮＯホールディングス,99.0,0,0.0,ヘルスケア,
4572,カルナバイオサイエンス,455.0,0,0.0,ヘルスケア,
4574,大幸薬品,259.0,135,3.5,ヘルスケア,ex:2025-12-29|pay:2026-03:3.3
4575,キャンバス,733.0,0,0.0,ヘルスケア,
4576,デ・ウエスタン・セラピテクス研究所,70.0,0,0.0,ヘルスケア,
4577,ダイト,1350.0,333,45.0,ヘルスケア,"ex:2025-11-27|pay:2026-02:20.0, ex:2026-05-28|pay:2026-08:20.0"
4578,大塚ホールディングス,11160.0,179,200.0,ヘルスケア,"ex:2025-12-29|pay:2026-03:70.0, ex:2026-06-29|pay:2026-09:100.0"
4579,ラクオリア創薬,607.0,0,0.0,ヘルスケア,
457A,ルリアン,4130.0,0,0.0,一般消費財,
4582,シンバイオ製薬,58.0,0,0.0,ヘルスケア,
4583,カイオム・バイオサイエンス,103.0,0,0.0,ヘルスケア,
4584,キッズウェル・バイオ,166.0,0,0.0,ヘルスケア,
4586,メドレックス,59.0,0,0.0,ヘルスケア,
4587,ペプチドリーム,1069.0,0,0.0,ヘルスケア,
4588,オンコリスバイオファーマ,6280.0,0,0.0,ヘルスケア,
458A,プラン・ドゥ,1387.0,87,12.0,不動産,ex:2025-11-27|pay:2026-02:12.0
4591,リボミック,76.0,0,0.0,ヘルスケア,
4592,サンバイオ,951.0,0,0.0,ヘルスケア,
4593,ヘリオス,290.0,0,0.0,ヘルスケア,
4594,ブライトパス・バイオ,51.0,0,0.0,ヘルスケア,
4595,ミズホメディー,1745.0,573,100.0,ヘルスケア,"ex:2025-12-29|pay:2026-03:50.0, ex:2026-06-29|pay:2026-09:50.0"
4596,窪田製薬ホールディングス,66.0,0,0.0,ヘルスケア,
4597,ソレイジア・ファーマ,31.0,0,0.0,ヘルスケア,
4598,Ｄｅｌｔａ－Ｆｌｙ　Ｐｈａｒｍａ,117.0,0,0.0,ヘルスケア,
4599,ステムリム,175.0,0,0.0,ヘルスケア,
459A,野村高利回りＪリート指数ＥＴＦ,9890.0,322,318.0,,"ex:2026-03-12|pay:2026-06:120.0, ex:2026-06-12|pay:2026-09:110.0, ex:2026-09-12|pay:2026-12:88.0"
460A,ＢＲＡＮＵ,1300.0,0,0.0,情報技術,
4611,大日本塗料,1593.0,364,58.0,素材,ex:2026-03-30|pay:2026-06:58.0
4612,日本ペイントホールディングス,1179.5,144,17.0,素材,"ex:2025-12-29|pay:2026-03:8.0, ex:2026-06-29|pay:2026-09:8.0"
4613,関西ペイント,2867.0,405,116.0,素材,"ex:2025-09-29|pay:2025-12:55.0, ex:2026-03-30|pay:2026-06:55.0"
4615,神東塗料,130.0,0,0.0,素材,
4616,川上塗料,2544.0,177,45.0,素材,ex:2025-11-27|pay:2026-02:44.0
4617,中国塗料,3580.0,279,100.0,素材,"ex:2025-09-29|pay:2025-12:48.0, ex:2026-03-30|pay:2026-06:63.0"
4619,日本特殊塗料,2698.0,556,150.0,一般消費財,"ex:2025-09-29|pay:2025-12:50.0, ex:2026-03-30|pay:2026-06:75.0"
461A,ＭＡＸＩＳ日本株高配当ＳＭＡＲＴ５０上場投信,2731.0,128,35.0,,"ex:2026-02-10|pay:2026-05:2.0, ex:2026-05-10|pay:2026-08:29.0, ex:2026-08-10|pay:2026-11:4.0"
4620,藤倉化成,1093.0,183,20.0,素材,"ex:2025-09-29|pay:2025-12:9.0, ex:2026-03-30|pay:2026-06:11.0"
4623,アサヒペン,1894.0,317,60.0,素材,"ex:2025-09-29|pay:2025-12:30.0, ex:2026-03-30|pay:2026-06:30.0"
4624,イサム塗料,4055.0,123,50.0,素材,"ex:2025-09-29|pay:2025-12:25.0, ex:2026-03-30|pay:2026-06:25.0"
4625,アトミクス,878.0,228,20.0,素材,ex:2026-03-30|pay:2026-06:20.0
4626,太陽ホールディングス,4780.0,329,157.5,素材,ex:2025-09-29|pay:2025-12:82.5
4627,ナトコ,1965.0,275,54.0,素材,"ex:2025-10-30|pay:2026-01:29.0, ex:2026-04-28|pay:2026-07:27.0"
4628,エスケー化研,10190.0,177,180.0,素材,ex:2026-03-30|pay:2026-06:230.0
4629,大伸化学,2530.0,178,45.0,素材,ex:2026-03-30|pay:2026-06:45.0
462A,ＦＵＮＤＩＮＮＯ,255.0,0,0.0,金融,
4631,ＤＩＣ,4846.0,330,160.0,素材,"ex:2025-12-29|pay:2026-03:150.0, ex:2026-06-29|pay:2026-09:70.0"
4633,サカタインクス,2684.0,373,100.0,素材,"ex:2025-12-29|pay:2026-03:50.0, ex:2026-06-29|pay:2026-09:50.0"
4634,ａｒｔｉｅｎｃｅ,5130.0,234,120.0,素材,"ex:2025-12-29|pay:2026-03:50.0, ex:2026-06-29|pay:2026-09:60.0"
4635,東京インキ,2041.0,465,95.0,素材,"ex:2025-09-29|pay:2025-12:26.0, ex:2026-03-30|pay:2026-06:37.0"
463A,インテリックスホールディングス,1025.0,468,48.0,不動産,"ex:2025-11-27|pay:2026-02:23.0, ex:2026-05-28|pay:2026-08:24.0"
4641,アルプス技研,872.0,413,36.0,資本財,"ex:2025-12-29|pay:2026-03:20.3333, ex:2026-06-29|pay:2026-09:18.0"
4642,オリジナル設計,1408.0,249,35.0,資本財,ex:2025-12-29|pay:2026-03:35.0
4644,イマジニア,1054.0,569,60.0,コミュニケーション・サービス,"ex:2025-09-29|pay:2025-12:25.0, ex:2026-03-30|pay:2026-06:35.0"
4645,市進ホールディングス,439.0,228,10.0,生活必需品,ex:2026-02-26|pay:2026-05:10.0
464A,ＱＰＳホールディングス,1749.0,0,0.0,資本財,
4650,ＳＤエンターテイメント,270.0,0,0.0,コミュニケーション・サービス,
4651,サニックスホールディングス,246.0,122,3.0,資本財,ex:2026-03-30|pay:2026-06:2.0
4657,環境管理センター,455.0,220,10.0,資本財,ex:2026-06-29|pay:2026-09:8.0
4658,日本空調サービス,1651.0,345,57.0,資本財,"ex:2025-09-29|pay:2025-12:23.0, ex:2026-03-30|pay:2026-06:31.0"
4659,エイジス,4420.0,215,95.0,資本財,
465A,グローバルＸ　日経平均株主還元４０－日本株式　ＥＴＦ,1345.0,112,15.0,,"ex:2026-04-04|pay:2026-07:12.0, ex:2026-07-04|pay:2026-10:3.0"
4661,オリエンタルランド,2968.0,54,16.0,一般消費財,"ex:2025-09-29|pay:2025-12:7.0, ex:2026-03-30|pay:2026-06:8.0"
4662,フォーカスシステムズ,1647.0,413,68.0,情報技術,"ex:2025-09-29|pay:2025-12:12.0, ex:2026-03-30|pay:2026-06:52.0"
4664,アール・エス・シー,1170.0,291,34.0,資本財,"ex:2025-09-29|pay:2025-12:7.0, ex:2026-03-30|pay:2026-06:17.0"
4665,ダスキン,4772.0,314,150.0,資本財,"ex:2025-09-29|pay:2025-12:50.0, ex:2026-03-30|pay:2026-06:68.0"
4666,パーク２４,2013.5,323,65.0,資本財,ex:2025-10-30|pay:2026-01:30.0
4667,アイサンテクノロジー,3310.0,45,15.0,情報技術,ex:2026-03-30|pay:2026-06:37.0
4668,明光ネットワークジャパン,761.0,394,30.0,生活必需品,"ex:2026-02-26|pay:2026-05:14.0, ex:2026-08-28|pay:2026-11:15.0"
466A,グローバルＸ　防衛テック　ＥＴＦ,1012.0,10,1.0,,ex:2026-06-10|pay:2026-09:1.0
4671,ファルコホールディングス,2823.0,453,128.0,ヘルスケア,"ex:2025-09-29|pay:2025-12:62.5, ex:2026-03-30|pay:2026-06:62.5"
4673,川崎地質,4995.0,240,120.0,資本財,"ex:2025-11-27|pay:2026-02:120.0, ex:2026-05-28|pay:2026-08:25.0"
4674,クレスコ,1904.0,368,70.0,情報技術,"ex:2025-09-29|pay:2025-12:29.0, ex:2026-03-30|pay:2026-06:35.0"
4676,フジ・メディア・ホールディングス,4075.0,491,200.0,コミュニケーション・サービス,"ex:2025-09-29|pay:2025-12:25.0, ex:2026-03-30|pay:2026-06:100.0"
4678,秀英予備校,335.0,299,10.0,生活必需品,ex:2026-03-30|pay:2026-06:10.0
4679,田谷,264.0,0,0.0,一般消費財,
467A,グローバルＸ　米ドル建て投資適格社債　ＥＴＦ（為替ヘッジあり）,270.3,522,14.1,,"ex:2026-03-10|pay:2026-06:6.6, ex:2026-05-10|pay:2026-08:2.2, ex:2026-07-10|pay:2026-10:3.1, ex:2026-09-10|pay:2026-12:2.2"
4680,ラウンドワン,1187.5,152,18.0,一般消費財,"ex:2025-09-29|pay:2025-12:4.5, ex:2025-12-29|pay:2026-03:4.5, ex:2026-03-30|pay:2026-06:4.5, ex:2026-06-29|pay:2026-09:4.5"
4681,リゾートトラスト,1787.5,201,36.0,一般消費財,"ex:2025-09-29|pay:2025-12:17.0, ex:2026-03-30|pay:2026-06:17.0"
4684,オービック,5061.0,186,94.0,情報技術,"ex:2025-09-29|pay:2025-12:37.0, ex:2026-03-30|pay:2026-06:47.0"
4685,菱友システムズ,2785.0,359,100.0,資本財,"ex:2025-09-29|pay:2025-12:42.5, ex:2026-03-30|pay:2026-06:55.0"
4686,ジャストシステム,4440.0,68,30.0,情報技術,"ex:2025-09-29|pay:2025-12:12.0, ex:2026-03-30|pay:2026-06:15.0"
4687,ＴＤＣソフト,1063.0,320,34.0,情報技術,ex:2026-03-30|pay:2026-06:33.0
4689,ＬＩＮＥヤフー,512.3,215,11.0,一般消費財,ex:2026-03-30|pay:2026-06:7.3
468A,グローバルＸ　米ドル建て投資適格社債　ＥＴＦ,274.2,718,19.7,,"ex:2026-03-10|pay:2026-06:12.8, ex:2026-05-10|pay:2026-08:2.2, ex:2026-07-10|pay:2026-10:2.4, ex:2026-09-10|pay:2026-12:2.3"
4690,日本パレットプール,2501.0,236,59.0,一般消費財,
4691,ワシントンホテル,2015.0,223,45.0,一般消費財,ex:2026-03-30|pay:2026-06:40.0
4694,ビー・エム・エル,3700.0,338,125.0,ヘルスケア,"ex:2025-09-29|pay:2025-12:60.0, ex:2026-03-30|pay:2026-06:65.0"
469A,フィットクルー,1620.0,0,0.0,一般消費財,
4704,トレンドマイクロ,6541.0,283,185.0,情報技術,ex:2025-12-29|pay:2026-03:185.0
4705,クリップコーポレーション,783.0,511,40.0,生活必需品,ex:2026-03-30|pay:2026-06:45.0
4707,キタック,354.0,198,7.0,資本財,ex:2025-10-17|pay:2026-01:7.0
4709,ＩＤホールディングス,1111.0,450,50.0,情報技術,"ex:2025-09-29|pay:2025-12:17.5, ex:2026-03-30|pay:2026-06:22.5"
470A,ローカル,501.0,0,0.0,生活必需品,
4712,ＫｅｙＨｏｌｄｅｒ,818.0,134,11.0,コミュニケーション・サービス,ex:2025-12-29|pay:2026-03:10.0
4714,リソー教育グループ,214.0,467,10.0,生活必需品,ex:2026-02-26|pay:2026-05:10.0
4716,日本オラクル,9890.0,200,198.0,情報技術,ex:2026-05-28|pay:2026-08:858.0
4718,早稲田アカデミー,2470.0,364,90.0,生活必需品,"ex:2025-09-29|pay:2025-12:20.0, ex:2026-03-30|pay:2026-06:35.0"
4719,アルファシステムズ,3350.0,418,140.0,情報技術,"ex:2025-09-29|pay:2025-12:60.0, ex:2026-03-30|pay:2026-06:75.0"
471A,ＮＳグループ,1547.0,491,76.0,資本財,"ex:2025-12-29|pay:2026-03:35.0, ex:2026-06-29|pay:2026-09:38.0"
4720,城南進学研究社,243.0,206,5.0,生活必需品,ex:2026-03-30|pay:2026-06:7.0
4722,フューチャー,2425.0,194,47.0,情報技術,"ex:2025-12-29|pay:2026-03:23.0, ex:2026-06-29|pay:2026-09:24.0"
4725,ＣＡＣ　Ｈｏｌｄｉｎｇｓ,1952.0,512,100.0,情報技術,"ex:2025-12-29|pay:2026-03:50.0, ex:2026-06-29|pay:2026-09:50.0"
4728,トーセ,651.0,384,25.0,コミュニケーション・サービス,"ex:2026-02-26|pay:2026-05:12.5, ex:2026-08-28|pay:2026-11:12.5"
472A,ミラティブ,564.0,0,0.0,コミュニケーション・サービス,
4732,ユー・エス・エス,1875.0,301,56.4,一般消費財,"ex:2025-09-29|pay:2025-12:25.2, ex:2026-03-30|pay:2026-06:29.5"
4733,オービックビジネスコンサルタント,8261.0,157,130.0,情報技術,"ex:2025-09-29|pay:2025-12:53.0, ex:2026-03-30|pay:2026-06:58.0"
4735,京進,286.0,273,7.81,生活必需品,ex:2026-02-26|pay:2026-05:5.0
4736,日本ラッド,589.0,170,10.0,情報技術,ex:2026-03-30|pay:2026-06:10.0
473A,ニッセイＥＴＦ　日経２２５インデックス,1333.0,53,7.0,,ex:2026-04-20|pay:2026-07:7.0
4743,アイティフォー,1669.0,479,80.0,情報技術,"ex:2025-09-29|pay:2025-12:30.0, ex:2026-03-30|pay:2026-06:50.0"
4746,東計電算,7540.0,259,195.0,情報技術,"ex:2025-12-29|pay:2026-03:110.5, ex:2026-06-29|pay:2026-09:86.5"
4750,ダイサン,549.0,401,22.0,資本財,"ex:2025-10-17|pay:2026-01:11.0, ex:2026-04-17|pay:2026-07:11.0"
4751,サイバーエージェント,1249.5,160,20.0,コミュニケーション・サービス,ex:2025-09-29|pay:2025-12:17.0
4752,昭和システムエンジニアリング,1610.0,379,61.0,情報技術,ex:2026-03-30|pay:2026-06:66.0
4754,トスネット,1497.0,247,37.0,資本財,ex:2025-09-29|pay:2025-12:37.0
4755,楽天グループ,680.2,0,0.0,一般消費財,
475A,ギミック,689.0,0,0.0,ヘルスケア,
4760,アルファ,1203.0,582,70.0,コミュニケーション・サービス,ex:2026-08-28|pay:2026-11:70.0
4761,さくらケーシーエス,1488.0,417,62.0,情報技術,"ex:2025-09-29|pay:2025-12:17.0, ex:2026-03-30|pay:2026-06:38.0"
4762,エックスネット,2165.0,266,57.5,情報技術,"ex:2025-09-29|pay:2025-12:22.5, ex:2026-03-30|pay:2026-06:25.0"
4763,クリーク・アンド・リバー社,1493.0,335,50.0,資本財,ex:2026-02-26|pay:2026-05:50.0
4765,ＳＢＩグローバルアセットマネジメント,627.0,371,23.25,金融,"ex:2025-09-29|pay:2025-12:9.0, ex:2026-03-30|pay:2026-06:13.75"
4766,ピーエイ,207.0,251,5.2,資本財,ex:2025-12-29|pay:2026-03:8.2
4767,テー・オー・ダブリュー,395.0,473,18.7,コミュニケーション・サービス,"ex:2025-12-29|pay:2026-03:9.15, ex:2026-06-29|pay:2026-09:9.15"
4768,大塚商会,3662.0,287,105.0,情報技術,"ex:2025-12-29|pay:2026-03:45.0, ex:2026-06-29|pay:2026-09:55.0"
4769,ＩＣ,1145.0,349,40.0,情報技術,ex:2025-09-29|pay:2025-12:40.0
476A,辻・本郷ＩＴコンサルティング,1688.0,0,0.0,資本財,
4771,エフアンドエム,2770.0,217,60.0,資本財,"ex:2025-09-29|pay:2025-12:21.0, ex:2026-03-30|pay:2026-06:30.0"
4772,ＳＭ　ＥＮＴＥＲＴＡＩＮＭＥＮＴ　ＪＡＰＡＮ,74.0,135,1.0,コミュニケーション・サービス,ex:2025-12-29|pay:2026-03:2.0
4776,サイボウズ,3015.0,166,50.0,情報技術,ex:2025-12-29|pay:2026-03:40.0
4777,ガーラ,199.0,0,0.0,コミュニケーション・サービス,
477A,スタートライン,836.0,0,0.0,資本財,
4783,ＮＣＤ,2628.0,457,120.0,情報技術,"ex:2025-09-29|pay:2025-12:60.0, ex:2026-03-30|pay:2026-06:60.0"
4784,ＧＭＯインターネット,551.0,265,14.6,情報技術,"ex:2025-09-29|pay:2025-12:5.84, ex:2025-12-29|pay:2026-03:5.64, ex:2026-03-30|pay:2026-06:6.02, ex:2026-06-29|pay:2026-09:4.85"
478A,フツパー,735.0,0,0.0,情報技術,
4792,山田コンサルティンググループ,1791.0,430,77.0,資本財,"ex:2025-09-29|pay:2025-12:38.0, ex:2026-03-30|pay:2026-06:39.0"
479A,ＰＲＯＮＩ,2163.0,0,0.0,情報技術,
4800,オリコン,1359.0,265,36.0,コミュニケーション・サービス,ex:2026-03-30|pay:2026-06:36.0
4801,セントラルスポーツ,2401.0,167,40.0,一般消費財,"ex:2025-09-29|pay:2025-12:20.0, ex:2026-03-30|pay:2026-06:20.0"
4809,パラカ,2040.0,353,72.0,資本財,ex:2025-09-29|pay:2025-12:67.0
480A,リブ・コンサルティング,970.0,0,0.0,資本財,
4811,ドリーム・アーツ,886.0,226,20.0,情報技術,ex:2025-12-29|pay:2026-03:20.0
4812,電通総研,2860.0,157,45.0,情報技術,"ex:2025-12-29|pay:2026-03:19.3333, ex:2026-06-29|pay:2026-09:22.5"
4813,ＡＣＣＥＳＳ,410.0,0,0.0,情報技術,
4814,ネクストウェア,166.0,0,0.0,情報技術,
4816,東映アニメーション,2978.0,148,44.0,コミュニケーション・サービス,ex:2026-03-30|pay:2026-06:44.0
4819,デジタルガレージ,2407.0,195,47.0,情報技術,ex:2026-03-30|pay:2026-06:47.0
481A,ＪＳｅｃｕｒｉｔｙ,750.0,0,0.0,情報技術,
4820,イーエムシステムズ,596.0,386,23.0,ヘルスケア,"ex:2025-12-29|pay:2026-03:22.0, ex:2026-06-29|pay:2026-09:5.0"
4825,ウェザーニューズ,2003.0,250,50.0,コミュニケーション・サービス,"ex:2025-11-27|pay:2026-02:22.5, ex:2026-05-28|pay:2026-08:62.5"
4826,ＣＩＪ,544.0,404,22.0,情報技術,"ex:2025-12-29|pay:2026-03:10.0, ex:2026-06-29|pay:2026-09:10.0"
4828,ビジネスエンジニアリング,1385.0,303,42.0,情報技術,"ex:2025-09-29|pay:2025-12:15.6, ex:2026-03-30|pay:2026-06:26.0"
4829,日本エンタープライズ,108.0,556,6.0,情報技術,ex:2026-05-28|pay:2026-08:3.0
4832,ＪＦＥシステムズ,1923.0,364,70.0,情報技術,"ex:2025-09-29|pay:2025-12:28.0, ex:2026-03-30|pay:2026-06:40.0"
4833,Ｄｅｆ　ｃｏｎｓｕｌｔｉｎｇ,58.0,0,0.0,資本財,
4838,スペースシャワーＳＫＩＹＡＫＩホールディングス,711.0,422,30.0,コミュニケーション・サービス,ex:2026-03-30|pay:2026-06:25.0
4839,ＷＯＷＯＷ,1000.0,300,30.0,コミュニケーション・サービス,ex:2026-03-30|pay:2026-06:30.0
483A,テラテクノロジー,2156.0,417,90.0,情報技術,ex:2026-03-30|pay:2026-06:89.0
4840,トライアイズ,762.0,289,22.0,資本財,
4845,スカラ,350.0,514,18.0,情報技術,"ex:2025-12-29|pay:2026-03:8.5, ex:2026-06-29|pay:2026-09:8.5"
4847,インテリジェント　ウェイブ,1535.0,241,37.0,情報技術,"ex:2025-12-29|pay:2026-03:17.0, ex:2026-06-29|pay:2026-09:20.0"
4848,フルキャストホールディングス,1882.0,340,64.0,資本財,"ex:2025-12-29|pay:2026-03:32.0, ex:2026-06-29|pay:2026-09:32.0"
4849,エン,1727.0,395,68.3,資本財,ex:2026-03-30|pay:2026-06:32.7
484A,ニューズドテック,430.0,0,0.0,情報技術,
485A,パワーエックス,2118.0,0,0.0,資本財,
486A,ＮＥＸＴ　ＦＵＮＤＳ　ユーロ・ストックス５０指数（為替ヘッジなし）連動型上場投信,2179.0,124,27.0,,ex:2026-06-08|pay:2026-09:27.0
4875,メディシノバ・インク,425.0,0,0.0,ヘルスケア,
487A,ＮＥＸＴ　ＦＵＮＤＳ　ドイツ株式・ＤＡＸ（為替ヘッジなし）連動型上場投信,2014.0,149,30.0,,ex:2026-06-08|pay:2026-09:30.0
4880,セルソース,325.0,154,5.0,ヘルスケア,ex:2025-10-30|pay:2026-01:5.0
4881,ファンペップ,49.0,0,0.0,ヘルスケア,
4882,ペルセウスプロテオミクス,171.0,0,0.0,ヘルスケア,
4883,モダリス,33.0,0,0.0,ヘルスケア,
4884,クリングルファーマ,507.0,0,0.0,ヘルスケア,
4885,室町ケミカル,906.0,287,26.0,素材,"ex:2025-11-27|pay:2026-02:10.0, ex:2026-05-28|pay:2026-08:16.0"
4886,あすか製薬ホールディングス,2157.0,306,66.0,ヘルスケア,"ex:2025-09-29|pay:2025-12:27.0, ex:2026-03-30|pay:2026-06:33.0"
4887,サワイグループホールディングス,1666.5,336,56.0,ヘルスケア,"ex:2025-09-29|pay:2025-12:27.0, ex:2026-03-30|pay:2026-06:28.0"
4888,ステラファーマ,428.0,0,0.0,ヘルスケア,
4889,レナサイエンス,1218.0,0,0.0,ヘルスケア,
488A,ｉシェアーズ　円高フォーカス　ＥＴＦ,770.8,0,0.0,,
4890,坪田ラボ,257.0,0,0.0,ヘルスケア,
4891,ティムス,134.0,0,0.0,ヘルスケア,
4892,サイフューズ,690.0,0,0.0,ヘルスケア,
4893,ノイルイミューン・バイオテック,124.0,0,0.0,ヘルスケア,
4894,クオリプス,5930.0,0,0.0,ヘルスケア,
4896,ケイファーマ,800.0,0,0.0,ヘルスケア,
489A,東証ＲＥＩＴ物流フォーカスＥＴＦ,843.0,308,26.0,,"ex:2026-05-15|pay:2026-08:11.0, ex:2026-07-15|pay:2026-10:3.0, ex:2026-09-15|pay:2026-12:12.0"
4901,富士フイルムホールディングス,3449.0,217,75.0,資本財,"ex:2025-09-29|pay:2025-12:35.0, ex:2026-03-30|pay:2026-06:35.0"
4902,コニカミノルタ,670.8,268,18.0,資本財,"ex:2025-09-29|pay:2025-12:5.0, ex:2026-03-30|pay:2026-06:7.0"
490A,センス・トラスト,15750.0,175,276.0,不動産,ex:2026-03-30|pay:2026-06:230.0
4911,資生堂,3500.0,171,60.0,生活必需品,"ex:2025-12-29|pay:2026-03:20.0, ex:2026-06-29|pay:2026-09:30.0"
4912,ライオン,1730.5,196,34.0,生活必需品,"ex:2025-12-29|pay:2026-03:15.0, ex:2026-06-29|pay:2026-09:17.0"
4914,高砂香料工業,1335.0,390,52.0,素材,"ex:2025-09-29|pay:2025-12:24.0, ex:2026-03-30|pay:2026-06:28.0"
4917,マンダム,3085.0,130,40.0,生活必需品,
4918,アイビー化粧品,300.0,500,15.0,生活必需品,ex:2026-03-30|pay:2026-06:15.0
4919,ミルボン,3260.0,270,88.0,生活必需品,"ex:2025-12-29|pay:2026-03:48.0, ex:2026-06-29|pay:2026-09:40.0"
491A,ｉシェアーズ　Ｓ＆Ｐ　５００　除く金融　ＥＴＦ（為替ヘッジあり）,556.5,29,1.6,,ex:2026-08-09|pay:2026-11:1.6
4920,日本色材工業研究所,1145.0,262,30.0,生活必需品,ex:2026-02-26|pay:2026-05:30.0
4922,コーセーホールディングス,5716.0,245,140.0,生活必需品,"ex:2025-12-29|pay:2026-03:70.0, ex:2026-06-29|pay:2026-09:70.0"
4923,コタ,1232.0,162,20.0,生活必需品,ex:2026-03-30|pay:2026-06:19.047
4925,ハーバー研究所,1732.0,231,40.0,生活必需品,ex:2026-03-30|pay:2026-06:40.0
4926,シーボン,1250.0,160,20.0,生活必需品,"ex:2025-09-29|pay:2025-12:10.0, ex:2026-03-30|pay:2026-06:10.0"
4927,ポーラ・オルビスホールディングス,1390.0,374,52.0,生活必需品,"ex:2025-12-29|pay:2026-03:31.0, ex:2026-06-29|pay:2026-09:21.0"
4928,ノエビアホールディングス,4815.0,478,230.0,生活必需品,ex:2025-09-29|pay:2025-12:230.0
4929,アジュバンホールディングス,743.0,162,12.0,生活必需品,ex:2026-03-18|pay:2026-06:12.0
492A,Ｏｎｅ　ＥＴＦ　日本国債　高クーポン（平均残存１０年未満）,953.0,149,14.2,,"ex:2026-03-20|pay:2026-06:2.0, ex:2026-06-20|pay:2026-09:6.0, ex:2026-09-20|pay:2026-12:6.2"
4931,新日本製薬,2065.0,276,57.0,一般消費財,ex:2025-09-29|pay:2025-12:52.0
4932,アルマード,815.0,515,42.0,生活必需品,ex:2026-03-30|pay:2026-06:42.0
4933,Ｉ－ｎｅ,2284.0,66,15.0,生活必需品,"ex:2025-12-29|pay:2026-03:15.0, ex:2026-06-29|pay:2026-09:7.0"
4934,プレミアアンチエイジング,587.0,0,0.0,生活必需品,
4935,リベルタ,174.0,115,2.0,生活必需品,ex:2025-12-29|pay:2026-03:2.0
4936,アクシージア,308.0,325,10.0,生活必需品,"ex:2026-01-29|pay:2026-04:5.0, ex:2026-07-30|pay:2026-10:5.0"
4937,Ｗａｑｏｏ,2369.0,0,0.0,一般消費財,
493A,Ｏｎｅ　ＥＴＦ　日本国債　１－３年,996.6,0,0.0,,
494A,Ｏｎｅ　ＥＴＦ　日本国債　３－７年,979.1,0,0.0,,
4951,エステー,1539.0,299,46.0,生活必需品,"ex:2025-09-29|pay:2025-12:22.0, ex:2026-03-30|pay:2026-06:22.0"
4956,コニシ,1519.0,250,38.0,素材,"ex:2025-09-29|pay:2025-12:19.0, ex:2026-03-30|pay:2026-06:19.0"
4957,ヤスハラケミカル,0.0,0,0.0,素材,
4958,長谷川香料,3455.0,289,100.0,素材,"ex:2025-09-29|pay:2025-12:37.0, ex:2026-03-30|pay:2026-06:50.0"
495A,Ｏｎｅ　ＥＴＦ　日本国債　７－１０年,953.4,50,4.8,,ex:2026-09-20|pay:2026-12:4.8
4960,ケミプロ化成,620.0,48,3.0,素材,ex:2026-03-30|pay:2026-06:5.0
4966,上村工業,20050.0,145,290.0,素材,ex:2026-03-30|pay:2026-06:290.0
4967,小林製薬,6885.0,154,106.0,生活必需品,"ex:2025-12-29|pay:2026-03:60.0, ex:2026-06-29|pay:2026-09:45.0"
4968,荒川化学工業,2418.0,215,52.0,素材,"ex:2025-09-29|pay:2025-12:25.0, ex:2026-03-30|pay:2026-06:25.0"
496A,Ｏｎｅ　ＥＴＦ　日本国債　１７－２０年,915.7,141,12.9,,"ex:2026-03-20|pay:2026-06:2.7, ex:2026-09-20|pay:2026-12:10.2"
4970,東洋合成工業,9990.0,50,50.0,素材,"ex:2025-09-29|pay:2025-12:20.0, ex:2026-03-30|pay:2026-06:20.0"
4971,メック,6730.0,163,110.0,素材,"ex:2025-12-29|pay:2026-03:71.0, ex:2026-06-29|pay:2026-09:55.0"
4972,綜研化学,4195.0,179,75.0,素材,ex:2026-03-30|pay:2026-06:75.0
4973,日本高純度化学,4905.0,469,230.0,素材,"ex:2025-09-29|pay:2025-12:63.0, ex:2026-03-30|pay:2026-06:137.0"
4974,タカラバイオ,1144.0,149,17.0,ヘルスケア,
4975,ＪＣＵ,5870.0,307,180.0,素材,"ex:2025-09-29|pay:2025-12:41.0, ex:2026-03-30|pay:2026-06:54.0"
4976,東洋ドライルーブ,1575.0,267,42.0,素材,"ex:2025-12-29|pay:2026-03:16.6667, ex:2026-06-29|pay:2026-09:21.0"
4977,新田ゼラチン,1200.0,333,40.0,素材,"ex:2025-09-29|pay:2025-12:12.0, ex:2026-03-30|pay:2026-06:18.0"
4978,リプロセル,141.0,0,0.0,ヘルスケア,
4979,ＯＡＴアグリオ,2932.0,205,60.0,素材,"ex:2025-12-29|pay:2026-03:30.0, ex:2026-06-29|pay:2026-09:30.0"
497A,インバウンド消費関連　日本株（ネットリターン）ＥＴＮ,10200.0,0,0.0,,
4980,デクセリアルズ,3079.0,208,64.0,情報技術,"ex:2025-09-29|pay:2025-12:29.0, ex:2026-03-30|pay:2026-06:29.0"
4985,アース製薬,4730.0,275,130.0,生活必需品,ex:2025-12-29|pay:2026-03:125.0
498A,防衛・航空宇宙　欧州株（ネットリターン）ＥＴＮ,8925.0,0,0.0,,
4990,昭和化学工業,532.0,113,6.0,素材,"ex:2025-09-29|pay:2025-12:3.0, ex:2026-03-30|pay:2026-06:7.0"
4992,北興化学工業,1950.0,277,54.0,素材,"ex:2025-11-27|pay:2026-02:26.0, ex:2026-05-28|pay:2026-08:27.0"
4994,大成ラミックグループ,2730.0,256,70.0,一般消費財,"ex:2025-09-29|pay:2025-12:33.0, ex:2026-03-30|pay:2026-06:37.0"
4996,クミアイ化学工業,677.0,355,24.0,素材,"ex:2025-10-30|pay:2026-01:14.0, ex:2026-04-28|pay:2026-07:10.0"
4997,日本農薬,1222.0,393,48.0,素材,"ex:2025-09-29|pay:2025-12:12.0, ex:2026-03-30|pay:2026-06:24.0"
4998,フマキラー,1178.0,204,24.0,素材,ex:2026-03-30|pay:2026-06:24.0
499A,ラグジュアリー厳選１０　欧州株（ネットリターン）ＥＴＮ,7951.0,0,0.0,,
500A,ラグジュアリー厳選１０　欧州株（ネットリターン）ＥＴＮ,3635.0,209,76.0,コミュニケーション・サービス,ex:2026-04-28|pay:2026-07:76.0
5010,日本精蝋,289.0,0,0.0,エネルギー,
5011,ニチレキグループ,2354.0,382,90.0,資本財,"ex:2025-09-29|pay:2025-12:40.0, ex:2026-03-30|pay:2026-06:40.0"
5013,ユシロ,3135.0,389,122.0,素材,"ex:2025-09-29|pay:2025-12:30.0, ex:2026-03-30|pay:2026-06:82.0"
5015,ビーピー・カストロール,1001.0,500,50.0,エネルギー,"ex:2025-12-29|pay:2026-03:26.0, ex:2026-06-29|pay:2026-09:28.0"
5016,ＪＸ金属,3555.0,56,20.0,情報技術,"ex:2025-09-29|pay:2025-12:6.0, ex:2026-03-30|pay:2026-06:25.0"
5018,ＭＯＲＥＳＣＯ,2361.0,233,55.0,素材,"ex:2026-02-26|pay:2026-05:35.0, ex:2026-08-28|pay:2026-11:25.0"
5019,出光興産,1663.0,216,36.0,エネルギー,"ex:2025-09-29|pay:2025-12:18.0, ex:2026-03-30|pay:2026-06:18.0"
501A,ラグジュアリー厳選１０　欧州株（ネットリターン）ＥＴＮ,1750.0,121,21.15,資本財,ex:2026-03-30|pay:2026-06:21.15
5020,ＥＮＥＯＳホールディングス,1436.0,237,34.0,エネルギー,"ex:2025-09-29|pay:2025-12:17.0, ex:2026-03-30|pay:2026-06:17.0"
5021,コスモエネルギーホールディングス,4510.0,366,165.0,エネルギー,"ex:2025-09-29|pay:2025-12:75.0, ex:2026-03-30|pay:2026-06:90.0"
5022,レボインターナショナル,1840.0,0,0.0,,
5025,マーキュリー,604.0,0,0.0,情報技術,
5026,トリプルアイズ,611.0,0,0.0,情報技術,
5027,ＡｎｙＭｉｎｄ　Ｇｒｏｕｐ,801.0,25,2.0,情報技術,ex:2025-12-29|pay:2026-03:2.0
5028,セカンドサイトアナリティカ,356.0,0,0.0,情報技術,
5029,サークレイス,964.0,0,0.0,情報技術,
502A,グローバルＸ　超短期円建て債券　ＥＴＦ,901.8,28,2.5,,ex:2026-07-10|pay:2026-10:2.5
5031,モイ,376.0,0,0.0,情報技術,
5032,ＡＮＹＣＯＬＯＲ,2960.0,209,62.0,コミュニケーション・サービス,"ex:2025-10-30|pay:2026-01:35.0, ex:2026-04-28|pay:2026-07:40.0"
5033,ヌーラボ,1213.0,0,0.0,情報技術,
5034,ｕｎｅｒｒｙ,2476.0,0,0.0,コミュニケーション・サービス,
5035,ＨＯＵＳＥＩ,375.0,160,6.0,情報技術,ex:2025-12-29|pay:2026-03:3.0
5036,日本ビジネスシステムズ,1613.0,347,56.0,情報技術,"ex:2025-09-29|pay:2025-12:23.0, ex:2026-03-30|pay:2026-06:22.0"
5037,フィットワークス,4240.0,0,0.0,,
5038,ｅＷｅＬＬ,2156.0,97,21.0,ヘルスケア,ex:2025-12-29|pay:2026-03:16.0
503A,グローバルＸ　超短期円建て債券　ＥＴＦ,2290.0,721,165.0,情報技術,ex:2026-03-30|pay:2026-06:165.0
504A,グローバルＸ　超短期円建て債券　ＥＴＦ,579.0,0,0.0,ヘルスケア,
505A,グローバルＸ　超短期円建て債券　ＥＴＦ,1377.0,414,57.0,資本財,ex:2026-05-28|pay:2026-08:32.0
506A,グローバルＸ　超短期円建て債券　ＥＴＦ,1010.0,0,0.0,ヘルスケア,
5071,ヴィス,1405.0,420,59.0,資本財,ex:2026-03-30|pay:2026-06:49.0
5072,アートフォースジャパン,3500.0,0,0.0,,
5074,テスホールディングス,567.0,338,19.14,公益事業,ex:2026-06-29|pay:2026-09:9.54
5076,インフロニア・ホールディングス,2897.0,456,132.0,資本財,"ex:2025-09-29|pay:2025-12:30.0, ex:2026-03-30|pay:2026-06:90.0"
50765,ベルーナ,4633.0,281,130.0,資本財,"ex:2025-09-29|pay:2025-12:65.0, ex:2026-03-30|pay:2026-06:65.0"
5077,インフロニア・ホールディングス,2046.0,0,0.0,,
5078,インフロニア・ホールディングス,4730.0,338,160.0,不動産,ex:2026-02-26|pay:2026-05:135.0
5079,インフロニア・ホールディングス,2589.0,463,120.0,資本財,"ex:2025-10-30|pay:2026-01:60.0, ex:2026-04-28|pay:2026-07:60.0"
507A,グローバルＸ　超短期円建て債券　ＥＴＦ,2156.0,0,0.0,生活必需品,
5101,横浜ゴム,6986.0,319,223.0,一般消費財,"ex:2025-12-29|pay:2026-03:86.0, ex:2026-06-29|pay:2026-09:87.0"
5103,昭和ホールディングス,1.0,0,0.0,素材,
5105,ＴＯＹＯ　ＴＩＲＥ,3871.0,362,140.0,一般消費財,"ex:2025-12-29|pay:2026-03:70.0, ex:2026-06-29|pay:2026-09:65.0"
5108,ブリヂストン,3839.0,339,130.0,一般消費財,"ex:2025-12-29|pay:2026-03:57.5, ex:2026-06-29|pay:2026-09:60.0"
510A,グローバルＸ　超短期円建て債券　ＥＴＦ,1712.0,0,0.0,生活必需品,
5110,住友ゴム工業,2036.0,413,84.0,一般消費財,"ex:2025-12-29|pay:2026-03:42.0, ex:2026-06-29|pay:2026-09:42.0"
5121,藤倉コンポジット,3000.0,287,86.0,一般消費財,"ex:2025-09-29|pay:2025-12:33.0, ex:2026-03-30|pay:2026-06:43.0"
5122,オカモト,6400.0,203,130.0,素材,"ex:2025-09-29|pay:2025-12:60.0, ex:2026-03-30|pay:2026-06:60.0"
5125,ファインズ,526.0,0,0.0,コミュニケーション・サービス,
5126,ポーターズ,1419.0,0,0.0,情報技術,
5129,ＦＩＸＥＲ,253.0,0,0.0,情報技術,
512A,グローバルＸ　超短期円建て債券　ＥＴＦ,1185.0,0,0.0,,
5130,ヒロホールディングス,447.0,0,0.0,,
5131,リンカーズ,172.0,0,0.0,資本財,
5132,ｐｌｕｓｚｅｒｏ,1863.0,0,0.0,情報技術,
5133,テリロジーホールディングス,307.0,176,5.4,情報技術,ex:2026-03-30|pay:2026-06:5.2
5134,ＰＯＰＥＲ,460.0,0,0.0,情報技術,
5135,ＡＩＲ－Ｕ,3595.0,0,0.0,,
5136,ｔｒｉｐｌａ,2410.0,0,0.0,情報技術,
5137,スマートドライブ,307.0,0,0.0,情報技術,
5138,Ｒｅｂａｓｅ,438.0,0,0.0,コミュニケーション・サービス,
5139,オープンワーク,949.0,95,9.0,情報技術,ex:2026-06-29|pay:2026-09:4.5
513A,グローバルＸ　超短期円建て債券　ＥＴＦ,836.0,0,0.0,,
5142,アキレス,1903.0,158,30.0,素材,ex:2026-03-30|pay:2026-06:40.0
5161,西川ゴム工業,3625.0,508,184.0,一般消費財,"ex:2025-09-29|pay:2025-12:91.0, ex:2026-03-30|pay:2026-06:92.0"
5162,朝日ラバー,796.0,302,24.0,一般消費財,"ex:2025-09-29|pay:2025-12:10.0, ex:2026-03-30|pay:2026-06:10.0"
5184,ニチリン,4115.0,462,190.0,一般消費財,"ex:2025-12-29|pay:2026-03:94.0, ex:2026-06-29|pay:2026-09:95.0"
5185,フコク,2040.0,490,100.0,一般消費財,"ex:2025-09-29|pay:2025-12:42.5, ex:2026-03-30|pay:2026-06:42.5"
5186,ニッタ,6880.0,247,170.0,資本財,"ex:2025-09-29|pay:2025-12:72.0, ex:2026-03-30|pay:2026-06:88.0"
5187,クリエートメディック,1164.0,404,47.0,ヘルスケア,"ex:2025-12-29|pay:2026-03:28.0, ex:2026-06-29|pay:2026-09:20.0"
5189,櫻護謨,3490.0,344,120.0,一般消費財,ex:2026-03-30|pay:2026-06:100.0
5192,三ツ星ベルト,4330.0,446,193.0,資本財,"ex:2025-09-29|pay:2025-12:90.0, ex:2026-03-30|pay:2026-06:101.0"
5194,相模ゴム工業,634.0,158,10.0,生活必需品,ex:2026-03-30|pay:2026-06:10.0
5195,バンドー化学,2527.0,396,100.0,資本財,"ex:2025-09-29|pay:2025-12:40.0, ex:2026-03-30|pay:2026-06:80.0"
5199,不二ラテックス,1991.0,417,83.0,素材,ex:2026-03-30|pay:2026-06:81.0
5201,ＡＧＣ,5710.0,368,210.0,資本財,"ex:2025-12-29|pay:2026-03:105.0, ex:2026-06-29|pay:2026-09:105.0"
5202,日本板硝子,496.0,0,0.0,一般消費財,
5204,石塚硝子,3080.0,234,72.0,一般消費財,ex:2026-03-18|pay:2026-06:70.0
5208,有沢製作所,2785.0,395,110.0,情報技術,"ex:2025-09-29|pay:2025-12:44.0, ex:2026-03-30|pay:2026-06:78.0"
5210,日本山村硝子,2871.0,522,150.0,一般消費財,"ex:2025-09-29|pay:2025-12:75.0, ex:2026-03-30|pay:2026-06:75.0"
5214,日本電気硝子,4875.0,328,160.0,情報技術,"ex:2025-12-29|pay:2026-03:80.0, ex:2026-06-29|pay:2026-09:80.0"
5216,倉元製作所,136.0,0,0.0,情報技術,
5218,オハラ,1691.0,148,25.0,情報技術,ex:2025-10-30|pay:2026-01:25.0
5232,住友大阪セメント,5745.0,70,40.0,素材,"ex:2025-09-29|pay:2025-12:60.0, ex:2026-03-30|pay:2026-06:60.0"
5233,太平洋セメント,4148.0,289,120.0,素材,"ex:2025-09-29|pay:2025-12:50.0, ex:2026-03-30|pay:2026-06:50.0"
5237,ノザワ,1248.0,345,43.0,資本財,ex:2026-03-30|pay:2026-06:43.0
5240,ｍｏｎｏＡＩ　ｔｅｃｈｎｏｌｏｇｙ,181.0,0,0.0,情報技術,
5242,アイズ,2325.0,0,0.0,情報技術,
5243,ｎｏｔｅ,3055.0,0,0.0,情報技術,
5244,ｊｉｇ．ｊｐ,174.0,168,2.93,情報技術,ex:2026-03-30|pay:2026-06:2.93
5246,ＥＬＥＭＥＮＴＳ,865.0,0,0.0,情報技術,
5247,ＢＴＭ,552.0,0,0.0,情報技術,
5248,テクノロジーズ,522.0,0,0.0,情報技術,
5249,あさかわシステムズ,1253.0,56,7.0,,ex:2026-03-30|pay:2026-06:7.0
5250,プライム・ストラテジー,1123.0,196,22.0,情報技術,ex:2025-11-27|pay:2026-02:22.0
5251,ウイズ・ワン,2240.0,0,0.0,,
5252,日本ナレッジ,1024.0,68,7.0,情報技術,ex:2026-03-30|pay:2026-06:10.0
5253,カバー,1480.0,0,0.0,情報技術,
5254,Ａｒｅｎｔ,4110.0,0,0.0,情報技術,
5255,モンスターラボ,80.0,0,0.0,情報技術,
5256,Ｆｕｓｉｃ,3535.0,0,0.0,情報技術,
5257,ノバシステム,2925.0,359,105.0,情報技術,ex:2025-12-29|pay:2026-03:105.0
5258,トランザクション・メディア・ネットワークス,432.0,0,0.0,情報技術,
5259,ＢＢＤイニシアティブ,990.0,0,0.0,情報技術,
5261,リソルホールディングス,7590.0,158,120.0,一般消費財,ex:2026-03-30|pay:2026-06:110.0
5262,日本ヒューム,1128.0,230,26.0,資本財,"ex:2025-09-29|pay:2025-12:11.0, ex:2026-03-30|pay:2026-06:13.0"
5268,旭コンクリート工業,860.0,163,14.0,資本財,ex:2026-03-30|pay:2026-06:17.0
5269,日本コンクリート工業,364.0,275,10.0,素材,"ex:2025-09-29|pay:2025-12:4.0, ex:2026-03-30|pay:2026-06:4.0"
5271,トーヨーアサノ,2214.0,384,85.0,資本財,"ex:2026-02-26|pay:2026-05:45.0, ex:2026-08-28|pay:2026-11:40.0"
5273,三谷セキサン,2140.0,203,43.5,資本財,"ex:2025-09-29|pay:2025-12:20.25, ex:2026-03-30|pay:2026-06:30.0"
5279,日本興業,1205.0,373,45.0,資本財,ex:2026-03-30|pay:2026-06:55.0
5280,ヨシコン,2217.0,406,90.0,不動産,ex:2026-03-30|pay:2026-06:85.0
5282,ジオスター,406.0,246,10.0,素材,"ex:2025-09-29|pay:2025-12:4.0, ex:2026-03-30|pay:2026-06:9.0"
5283,高見澤,3185.0,220,70.0,素材,ex:2026-06-29|pay:2026-09:70.0
5284,ヤマウホールディングス,2225.0,503,112.0,素材,ex:2026-03-30|pay:2026-06:110.0
5285,ヤマックス,1341.0,447,60.0,素材,ex:2026-03-30|pay:2026-06:66.0
5287,イトーヨーギョー,909.0,220,20.0,資本財,ex:2026-03-30|pay:2026-06:22.0
5288,アジアパイルホールディングス,1510.0,464,70.0,素材,"ex:2025-09-29|pay:2025-12:24.0, ex:2026-03-30|pay:2026-06:31.0"
5290,ベルテクスコーポレーション,1245.0,321,40.0,素材,ex:2026-03-30|pay:2026-06:35.0
5301,東海カーボン,2289.5,175,40.0,素材,"ex:2025-12-29|pay:2026-03:15.0, ex:2026-06-29|pay:2026-09:20.0"
5302,日本カーボン,5110.0,391,200.0,素材,"ex:2025-12-29|pay:2026-03:100.0, ex:2026-06-29|pay:2026-09:100.0"
5304,ＳＥＣカーボン,2518.0,397,100.0,素材,"ex:2025-09-29|pay:2025-12:50.0, ex:2026-03-30|pay:2026-06:50.0"
5310,東洋炭素,7590.0,191,145.0,資本財,ex:2025-12-29|pay:2026-03:145.0
5331,ノリタケ,3710.0,323,120.0,資本財,"ex:2025-09-29|pay:2025-12:40.0, ex:2026-03-30|pay:2026-06:50.0"
5332,ＴＯＴＯ,5916.0,203,120.0,資本財,"ex:2025-09-29|pay:2025-12:50.0, ex:2026-03-30|pay:2026-06:60.0"
5333,日本碍子,5415.0,196,106.0,資本財,"ex:2025-09-29|pay:2025-12:38.0, ex:2026-03-30|pay:2026-06:42.0"
5334,日本特殊陶業,7621.0,138,105.0,一般消費財,"ex:2025-09-29|pay:2025-12:93.0, ex:2026-03-30|pay:2026-06:112.0"
5337,ダントーホールディングス,858.0,0,0.0,資本財,
5341,ＡＳＡＨＩ　ＥＩＴＯホールディングス,137.0,0,0.0,生活必需品,
5344,ＭＡＲＵＷＡ,55630.0,20,110.0,情報技術,"ex:2025-09-29|pay:2025-12:51.0, ex:2026-03-30|pay:2026-06:51.0"
5351,品川リフラ,2091.0,459,96.0,資本財,"ex:2025-09-29|pay:2025-12:45.0, ex:2026-03-30|pay:2026-06:45.0"
5352,黒崎播磨,4180.0,287,120.0,素材,
5355,日本坩堝,663.0,302,20.0,資本財,ex:2026-03-30|pay:2026-06:18.0
5356,美濃窯業,1274.0,408,52.0,素材,"ex:2025-09-29|pay:2025-12:21.0, ex:2026-03-30|pay:2026-06:21.0"
5357,ヨータイ,1753.0,513,90.0,素材,"ex:2025-09-29|pay:2025-12:45.0, ex:2026-03-30|pay:2026-06:45.0"
5363,東京窯業,725.0,588,42.6,素材,"ex:2025-09-29|pay:2025-12:9.3, ex:2026-03-30|pay:2026-06:16.0"
5367,ニッカトー,1398.0,193,27.0,資本財,"ex:2025-09-29|pay:2025-12:10.0, ex:2026-03-30|pay:2026-06:11.0"
5368,日本インシュレーション,1053.0,380,40.0,資本財,ex:2026-03-30|pay:2026-06:40.0
5380,新東,1401.0,268,37.5,資本財,ex:2026-06-29|pay:2026-09:37.5
5381,マイポックス,1052.0,95,10.0,素材,ex:2026-03-30|pay:2026-06:10.0
5384,フジミインコーポレーテッド,3465.0,222,77.0,情報技術,"ex:2025-09-29|pay:2025-12:36.67, ex:2026-03-30|pay:2026-06:38.33"
5386,鶴弥,0.0,0,0.0,資本財,
5388,クニミネ工業,1408.0,355,50.0,素材,"ex:2025-09-29|pay:2025-12:15.0, ex:2026-03-30|pay:2026-06:25.0"
5391,エーアンドエーマテリアル,1525.0,459,70.0,資本財,"ex:2025-09-29|pay:2025-12:30.0, ex:2026-03-30|pay:2026-06:30.0"
5393,ニチアス,3405.0,176,60.0,資本財,"ex:2025-09-29|pay:2025-12:25.3333, ex:2026-03-30|pay:2026-06:29.3333"
5401,日本製鉄,685.5,350,24.0,素材,"ex:2025-09-29|pay:2025-12:60.0, ex:2026-03-30|pay:2026-06:12.0"
5406,神戸製鋼所,2080.0,385,80.0,素材,"ex:2025-09-29|pay:2025-12:40.0, ex:2026-03-30|pay:2026-06:40.0"
5408,中山製鋼所,642.0,218,14.0,素材,"ex:2025-09-29|pay:2025-12:8.0, ex:2026-03-30|pay:2026-06:6.0"
5410,合同製鐵,3025.0,331,100.0,素材,"ex:2025-09-29|pay:2025-12:100.0, ex:2026-03-30|pay:2026-06:80.0"
5411,ＪＦＥホールディングス,1845.5,433,80.0,素材,"ex:2025-09-29|pay:2025-12:40.0, ex:2026-03-30|pay:2026-06:40.0"
5423,東京製鐵,1716.0,233,40.0,素材,"ex:2025-09-29|pay:2025-12:25.0, ex:2026-03-30|pay:2026-06:25.0"
5440,共英製鋼,2014.0,348,70.0,素材,"ex:2025-09-29|pay:2025-12:30.0, ex:2026-03-30|pay:2026-06:60.0"
5444,大和工業,12565.0,318,400.0,素材,"ex:2025-09-29|pay:2025-12:200.0, ex:2026-03-30|pay:2026-06:200.0"
5445,東京鐵鋼,2067.0,484,100.0,素材,"ex:2025-09-29|pay:2025-12:33.3333, ex:2026-03-30|pay:2026-06:66.6667"
5446,北越メタル,1086.0,359,39.0,素材,ex:2025-09-29|pay:2025-12:4.0
5449,大阪製鐵,2650.0,143,38.0,素材,
5451,ヨドコウ,1448.0,428,62.0,素材,"ex:2025-09-29|pay:2025-12:20.0, ex:2026-03-30|pay:2026-06:71.0"
5458,高砂鐵工,1333.0,338,45.0,素材,ex:2026-03-30|pay:2026-06:40.0
5461,中部鋼鈑,2117.0,534,113.0,素材,"ex:2025-09-29|pay:2025-12:50.0, ex:2026-03-30|pay:2026-06:54.0"
5463,丸一鋼管,1732.0,300,52.0,素材,"ex:2025-09-29|pay:2025-12:22.33, ex:2026-03-30|pay:2026-06:22.5"
5464,モリ工業,940.0,362,34.0,素材,"ex:2025-09-29|pay:2025-12:16.0, ex:2026-03-30|pay:2026-06:20.0"
5471,大同特殊鋼,2479.5,210,52.0,素材,"ex:2025-09-29|pay:2025-12:22.0, ex:2026-03-30|pay:2026-06:27.0"
5480,日本冶金工業,5500.0,400,220.0,素材,"ex:2025-09-29|pay:2025-12:110.0, ex:2026-03-30|pay:2026-06:110.0"
5482,愛知製鋼,3225.0,223,72.0,素材,"ex:2025-09-29|pay:2025-12:69.0, ex:2026-03-30|pay:2026-06:76.0"
5484,東北特殊鋼,4445.0,67,30.0,素材,ex:2025-09-29|pay:2025-12:15.0
5491,日本金属,910.0,55,5.0,素材,ex:2026-03-30|pay:2026-06:5.0
5525,フロンティアホールディングス,1274.0,0,0.0,,
5527,ｐｒｏｐｅｒｔｙ　ｔｅｃｈｎｏｌｏｇｉｅｓ,744.0,336,25.0,不動産,ex:2025-11-27|pay:2026-02:25.0
5528,フロンティアハウス,1500.0,0,0.0,,
5531,中山不動産,6050.0,0,0.0,,
5532,リアルゲイト,3675.0,0,0.0,不動産,
5533,エリッツホールディングス,2215.0,316,70.0,不動産,ex:2025-09-29|pay:2025-12:68.0
5534,エンゼルグループ,850.0,0,0.0,,
5535,ミガロホールディングス,290.0,310,9.0,不動産,"ex:2025-09-29|pay:2025-12:3.0, ex:2026-03-30|pay:2026-06:5.5"
5536,京橋アートレジデンス,352.0,0,0.0,,
5537,ＡｌｂａＬｉｎｋ,3785.0,0,0.0,不動産,
5541,大平洋金属,2713.0,479,130.0,素材,"ex:2025-09-29|pay:2025-12:60.0, ex:2026-03-30|pay:2026-06:75.0"
5542,新報国マテリアル,1121.0,268,30.0,素材,"ex:2025-12-29|pay:2026-03:15.0, ex:2026-06-29|pay:2026-09:10.0"
5563,新日本電工,452.0,376,17.0,素材,"ex:2025-12-29|pay:2026-03:7.0, ex:2026-06-29|pay:2026-09:5.5"
5570,ジェノバ,616.0,114,7.0,コミュニケーション・サービス,ex:2025-09-29|pay:2025-12:6.0
5571,エキサイトホールディングス,1025.0,319,32.7,情報技術,ex:2026-03-30|pay:2026-06:31.5
5572,Ｒｉｄｇｅ－ｉ,3185.0,0,0.0,情報技術,
5573,働楽ホールディングス,1700.0,0,0.0,,
5574,ＡＢＥＪＡ,3210.0,0,0.0,情報技術,
5575,Ｇｌｏｂｅｅ,1186.0,0,0.0,情報技術,
5576,オービーシステム,3130.0,415,130.0,情報技術,"ex:2025-09-29|pay:2025-12:50.0, ex:2026-03-30|pay:2026-06:55.0"
5578,ＡＲアドバンストテクノロジ,896.0,223,20.0,情報技術,ex:2026-08-28|pay:2026-11:10.0
5580,プロディライト,1560.0,0,0.0,情報技術,
5581,カイテクノロジー,193.0,389,7.5,情報技術,ex:2026-08-28|pay:2026-11:7.5
5582,グリッド,2134.0,0,0.0,情報技術,
5584,Ｓｔｒａｗｂｅｒｒｙ　ｊａｍｓ,1182.0,0,0.0,,
5586,Ｌａｂｏｒｏ．ＡＩ,935.0,0,0.0,情報技術,
5587,インバウンドプラットフォーム,801.0,0,0.0,資本財,
5588,ファーストアカウンティング,913.0,43,3.9,情報技術,ex:2025-12-29|pay:2026-03:3.7
5589,オートサーバー,2929.0,229,67.0,一般消費財,ex:2025-12-29|pay:2026-03:66.0
5590,ネットスターズ,724.0,0,0.0,情報技術,
5591,ＡＶＩＬＥＮ,885.0,0,0.0,情報技術,
5592,くすりの窓口,2647.0,151,40.0,ヘルスケア,ex:2026-03-30|pay:2026-06:38.0
5594,エム・デー・ビー,500.0,0,0.0,,
5597,ブルーイノベーション,1374.0,0,0.0,情報技術,
5598,Ｙｏｔｔａｖｉａｓ,3200.0,0,0.0,情報技術,
5599,Ｓ＆Ｊ,1076.0,158,17.0,情報技術,ex:2026-03-30|pay:2026-06:15.0
5602,栗本鐵工所,1672.0,359,60.0,素材,"ex:2025-09-29|pay:2025-12:28.8, ex:2026-03-30|pay:2026-06:28.8"
5603,虹技,1300.0,308,40.0,資本財,ex:2026-03-30|pay:2026-06:50.0
5609,日本鋳造,929.0,646,60.0,素材,ex:2026-03-30|pay:2026-06:20.0
5612,日本鋳鉄管,1590.0,157,25.0,資本財,ex:2026-03-30|pay:2026-06:25.0
5616,雨風太陽,642.0,0,0.0,一般消費財,
5617,ウィル・ドゥ,1437.0,0,0.0,,
5618,ナイル,293.0,0,0.0,コミュニケーション・サービス,
5619,マーソ,849.0,0,0.0,ヘルスケア,
5620,エスピーオー,2200.0,0,0.0,,
5621,ヒューマンテクノロジーズ,1616.0,217,35.0,情報技術,ex:2026-03-30|pay:2026-06:32.0
5622,ワンビ,1200.0,0,0.0,,
5631,日本製鋼所,7319.0,126,92.0,資本財,"ex:2025-09-29|pay:2025-12:44.0, ex:2026-03-30|pay:2026-06:48.0"
5632,三菱製鋼,2593.0,401,104.0,素材,"ex:2025-09-29|pay:2025-12:40.0, ex:2026-03-30|pay:2026-06:41.0"
5644,メタルアート,7280.0,220,160.0,資本財,"ex:2025-09-29|pay:2025-12:75.0, ex:2026-03-30|pay:2026-06:75.0"
5658,日亜鋼業,408.0,245,10.0,資本財,"ex:2025-09-29|pay:2025-12:4.0, ex:2026-03-30|pay:2026-06:6.0"
5659,日本精線,1465.0,314,46.0,資本財,"ex:2025-09-29|pay:2025-12:16.0, ex:2026-03-30|pay:2026-06:26.0"
5660,神鋼鋼線工業,1900.0,342,65.0,素材,"ex:2025-09-29|pay:2025-12:25.0, ex:2026-03-30|pay:2026-06:40.0"
5695,パウダーテック,2978.0,336,100.0,素材,"ex:2025-09-29|pay:2025-12:50.0, ex:2026-03-30|pay:2026-06:70.0"
5697,サンユウ,829.0,362,30.0,素材,ex:2026-03-30|pay:2026-06:30.0
5698,エンビプロ・ホールディングス,737.0,299,22.0,資本財,ex:2026-06-29|pay:2026-09:25.0
5699,イボキン,1563.0,205,32.0,資本財,ex:2025-12-29|pay:2026-03:32.0
5702,大紀アルミニウム工業所,1835.0,490,90.0,素材,"ex:2025-09-29|pay:2025-12:25.0, ex:2026-03-30|pay:2026-06:30.0"
5703,日本軽金属ホールディングス,2995.0,367,110.0,素材,"ex:2025-09-29|pay:2025-12:25.0, ex:2026-03-30|pay:2026-06:55.0"
5704,ＪＭＣ,390.0,0,0.0,資本財,
5706,三井金属,22975.0,12,28.0,資本財,"ex:2025-09-29|pay:2025-12:100.0, ex:2026-03-30|pay:2026-06:145.0"
5707,東邦亜鉛,926.0,0,0.0,素材,
5711,三菱マテリアル,5148.0,225,116.0,素材,"ex:2025-09-29|pay:2025-12:50.0, ex:2026-03-30|pay:2026-06:50.0"
5713,住友金属鉱山,9587.0,217,208.0,素材,"ex:2025-09-29|pay:2025-12:65.0, ex:2026-03-30|pay:2026-06:163.0"
5714,ＤＯＷＡホールディングス,8972.0,377,338.0,素材,ex:2026-03-30|pay:2026-06:368.0
5715,古河機械金属,4145.0,193,80.0,素材,"ex:2025-09-29|pay:2025-12:30.0, ex:2026-03-30|pay:2026-06:50.0"
5721,エス・サイエンス,61.0,0,0.0,資本財,
5724,アサカ理研,3085.0,39,12.0,素材,"ex:2025-09-29|pay:2025-12:12.0, ex:2026-03-30|pay:2026-06:4.0"
5726,大阪チタニウムテクノロジーズ,2462.0,53,13.0,素材,"ex:2025-09-29|pay:2025-12:5.0, ex:2026-03-30|pay:2026-06:13.0"
5727,東邦チタニウム,2811.0,64,18.0,素材,"ex:2025-09-29|pay:2025-12:9.0, ex:2026-03-30|pay:2026-06:9.0"
5729,日本精鉱,1700.0,588,100.0,素材,"ex:2025-09-29|pay:2025-12:42.5, ex:2026-03-30|pay:2026-06:57.5"
5741,ＵＡＣＪ,2230.0,314,70.0,素材,"ex:2025-09-29|pay:2025-12:20.0, ex:2026-03-30|pay:2026-06:35.0"
5742,エヌアイシ・オートテック,755.0,543,41.0,素材,"ex:2025-09-29|pay:2025-12:20.0, ex:2026-03-30|pay:2026-06:21.0"
5753,日本伸銅,2592.0,77,20.0,素材,"ex:2025-09-29|pay:2025-12:5.0, ex:2026-03-30|pay:2026-06:10.0"
5757,ＣＫサンエツ,5010.0,200,100.0,資本財,"ex:2025-09-29|pay:2025-12:45.0, ex:2026-03-30|pay:2026-06:45.0"
5801,古河電気工業,3826.0,58,22.0,資本財,ex:2026-03-30|pay:2026-06:21.0
5802,住友電気工業,2211.0,176,39.0,一般消費財,"ex:2025-09-29|pay:2025-12:12.5, ex:2026-03-30|pay:2026-06:26.0"
5803,フジクラ,4986.0,76,38.0,資本財,"ex:2025-09-29|pay:2025-12:15.8333, ex:2026-03-30|pay:2026-06:21.6667"
5805,ＳＷＣＣ,13540.0,51,68.4,資本財,"ex:2025-09-29|pay:2025-12:90.0, ex:2026-03-30|pay:2026-06:133.0"
5816,オーナンバ,1437.0,487,70.0,資本財,"ex:2025-12-29|pay:2026-03:21.0, ex:2026-06-29|pay:2026-09:35.0"
5817,ＪＭＡＣＳ,1130.0,133,15.0,情報技術,ex:2026-02-26|pay:2026-05:15.0
5819,カナレ電気,1745.0,378,66.0,資本財,"ex:2025-12-29|pay:2026-03:38.0, ex:2026-06-29|pay:2026-09:33.0"
5820,三ッ星,914.0,186,17.0,資本財,ex:2026-03-30|pay:2026-06:17.0
5821,平河ヒューテック,3190.0,182,58.0,資本財,"ex:2025-09-29|pay:2025-12:23.0, ex:2026-03-30|pay:2026-06:24.0"
5830,いよぎんホールディングス,3917.0,204,80.0,金融,"ex:2025-09-29|pay:2025-12:30.0, ex:2026-03-30|pay:2026-06:30.0"
5831,しずおかフィナンシャルグループ,3624.0,298,108.0,金融,"ex:2025-09-29|pay:2025-12:39.0, ex:2026-03-30|pay:2026-06:41.0"
5832,ちゅうぎんフィナンシャルグループ,3794.0,269,102.0,金融,"ex:2025-09-29|pay:2025-12:37.0, ex:2026-03-30|pay:2026-06:53.0"
5834,ＳＢＩリーシングサービス,2900.0,397,115.0,資本財,"ex:2025-09-29|pay:2025-12:25.0, ex:2026-03-30|pay:2026-06:90.0"
5838,楽天銀行,6394.0,0,0.0,金融,
5840,日本総険,505.0,396,20.0,金融,ex:2025-11-27|pay:2026-02:7.5
5842,インテグラル,2957.0,125,37.0,金融,"ex:2025-12-29|pay:2026-03:20.0, ex:2026-06-29|pay:2026-09:18.5"
5843,ニッポンインシュア,2324.0,215,50.0,金融,ex:2025-09-29|pay:2025-12:19.0
5844,京都フィナンシャルグループ,4869.0,226,110.0,金融,"ex:2025-09-29|pay:2025-12:40.0, ex:2026-03-30|pay:2026-06:140.0"
5845,全保連,1226.0,881,108.0,資本財,ex:2026-03-30|pay:2026-06:40.0
5851,リョービ,2769.0,390,108.0,資本財,"ex:2025-12-29|pay:2026-03:50.0, ex:2026-06-29|pay:2026-09:52.0"
5852,アーレスティ,668.0,719,48.0,資本財,"ex:2025-09-29|pay:2025-12:16.0, ex:2026-03-30|pay:2026-06:26.0"
5856,エルアイイーエイチ,1.0,0,0.0,資本財,
5857,ＡＲＥホールディングス,3660.0,369,135.0,資本財,"ex:2025-09-29|pay:2025-12:60.0, ex:2026-03-30|pay:2026-06:65.0"
5858,ＳＴＧ,1200.0,167,20.0,資本財,ex:2026-03-30|pay:2026-06:20.0
5866,ＷｉｚＢｉｚ,300.0,0,0.0,資本財,
5867,エスネットワークス,1344.0,372,50.0,資本財,ex:2025-12-29|pay:2026-03:50.0
5868,ロココ,1064.0,376,40.0,情報技術,"ex:2025-12-29|pay:2026-03:35.0, ex:2026-06-29|pay:2026-09:20.0"
5869,早稲田学習研究会,1261.0,515,65.0,生活必需品,"ex:2025-11-27|pay:2026-02:27.0, ex:2026-05-28|pay:2026-08:35.0"
5870,ナルネットコミュニケーションズ,904.0,332,30.0,,ex:2026-03-30|pay:2026-06:29.0
5871,ＳＯＬＩＺＥ　Ｈｏｌｄｉｎｇｓ,1378.0,399,55.0,情報技術,ex:2025-12-29|pay:2026-03:55.0
5883,ＧＴホールディングス,1600.0,0,0.0,,
5884,クラダシ,603.0,0,0.0,生活必需品,
5885,ジーデップ・アドバンス,3170.0,151,48.0,情報技術,ex:2026-05-28|pay:2026-08:44.0
5886,ＯＯＫＡＢＥ　ＧＬＡＳＳ,430.0,0,0.0,,
5887,光響,1700.0,0,0.0,,
5888,ＤＡＩＷＡ　ＣＹＣＬＥ,2750.0,265,73.0,一般消費財,ex:2026-01-29|pay:2026-04:70.0
5889,Ｊａｐａｎ　Ｅｙｅｗｅａｒ　Ｈｏｌｄｉｎｇｓ,2260.0,381,86.0,ヘルスケア,"ex:2026-01-29|pay:2026-04:42.0, ex:2026-07-30|pay:2026-10:43.0"
5890,オフィスバスターズ,3500.0,0,0.0,,
5891,魁力屋,1699.0,135,23.0,一般消費財,ex:2025-12-29|pay:2026-03:23.0
5892,ｙｕｔｏｒｉ,3035.0,0,0.0,一般消費財,
5893,ＲＡＶＩＰＡ,510.0,314,16.0,,"ex:2025-11-27|pay:2026-02:8.0, ex:2026-05-28|pay:2026-08:8.0"
5900,ダイケン,874.0,286,25.0,資本財,ex:2026-02-26|pay:2026-05:20.0
5901,東洋製罐グループホールディングス,4564.0,408,186.0,一般消費財,"ex:2025-09-29|pay:2025-12:57.0, ex:2026-03-30|pay:2026-06:75.0"
5902,ホッカンホールディングス,2755.0,508,140.0,一般消費財,"ex:2025-09-29|pay:2025-12:30.0, ex:2026-03-30|pay:2026-06:64.0"
5903,シンポ,1685.0,249,42.0,資本財,
5905,日本製罐,1361.0,147,20.0,一般消費財,ex:2026-03-30|pay:2026-06:20.0
5906,エムケー精工,772.0,233,18.0,情報技術,ex:2026-03-18|pay:2026-06:15.0
5909,コロナ,973.0,288,28.0,一般消費財,"ex:2025-09-29|pay:2025-12:14.0, ex:2026-03-30|pay:2026-06:14.0"
5911,横河ブリッジホールディングス,3030.0,429,130.0,資本財,"ex:2025-09-29|pay:2025-12:60.0, ex:2026-03-30|pay:2026-06:60.0"
5915,駒井ハルテック,2430.0,288,70.0,資本財,"ex:2025-09-29|pay:2025-12:35.0, ex:2026-03-30|pay:2026-06:35.0"
5918,瀧上工業,7840.0,128,100.0,資本財,"ex:2025-09-29|pay:2025-12:50.0, ex:2026-03-30|pay:2026-06:70.0"
5921,川岸工業,4415.0,204,90.0,素材,ex:2025-09-29|pay:2025-12:160.0
5922,那須電機鉄工,20000.0,225,450.0,資本財,ex:2026-03-30|pay:2026-06:640.0
5923,高田機工,1205.0,415,50.0,資本財,"ex:2025-09-29|pay:2025-12:25.0, ex:2026-03-30|pay:2026-06:25.0"
5928,アルメタックス,292.0,274,8.0,資本財,"ex:2025-09-29|pay:2025-12:4.0, ex:2026-03-30|pay:2026-06:4.0"
5929,三和ホールディングス,3500.0,377,132.0,資本財,"ex:2025-09-29|pay:2025-12:62.0, ex:2026-03-30|pay:2026-06:68.0"
5930,文化シヤッター,1928.0,384,74.0,資本財,"ex:2025-09-29|pay:2025-12:37.0, ex:2026-03-30|pay:2026-06:37.0"
5932,三協立山,664.0,377,25.0,資本財,"ex:2025-11-27|pay:2026-02:12.5, ex:2026-05-28|pay:2026-08:12.5"
5933,アルインコ,1116.0,412,46.0,情報技術,"ex:2026-03-18|pay:2026-06:22.0, ex:2026-09-17|pay:2026-12:22.0"
5936,東洋シヤッター,904.0,476,43.0,資本財,ex:2026-03-30|pay:2026-06:42.0
5938,ＬＩＸＩＬ,1728.0,521,90.0,資本財,"ex:2025-09-29|pay:2025-12:45.0, ex:2026-03-30|pay:2026-06:45.0"
5939,大谷工業,4680.0,64,30.0,資本財,ex:2026-03-30|pay:2026-06:30.0
5940,不二サッシ,751.0,399,30.0,資本財,ex:2026-03-30|pay:2026-06:30.0
5941,中西製作所,2700.0,370,100.0,一般消費財,ex:2026-03-30|pay:2026-06:110.0
5942,日本フイルコン,668.0,419,28.0,資本財,"ex:2025-11-27|pay:2026-02:14.0, ex:2026-05-28|pay:2026-08:14.0"
5943,ノーリツ,2218.0,424,94.0,資本財,"ex:2025-12-29|pay:2026-03:39.0, ex:2026-06-29|pay:2026-09:47.0"
5945,天龍製鋸,2294.0,362,83.0,資本財,ex:2026-03-30|pay:2026-06:85.0
5946,長府製作所,1980.0,232,46.0,一般消費財,"ex:2025-12-29|pay:2026-03:23.0, ex:2026-06-29|pay:2026-09:23.0"
5947,リンナイ,3450.0,307,106.0,一般消費財,"ex:2025-09-29|pay:2025-12:50.0, ex:2026-03-30|pay:2026-06:50.0"
5949,ユニプレス,1342.0,522,70.0,一般消費財,"ex:2025-09-29|pay:2025-12:30.0, ex:2026-03-30|pay:2026-06:30.0"
5950,日本パワーファスニング,151.0,166,2.5,資本財,ex:2025-12-29|pay:2026-03:2.5
5951,ダイニチ工業,1131.0,248,28.0,一般消費財,ex:2026-03-30|pay:2026-06:28.0
5952,アマテイ,190.0,263,5.0,資本財,ex:2026-03-30|pay:2026-06:5.0
5955,ワイズホールディングス,83.0,120,1.0,資本財,ex:2026-03-30|pay:2026-06:1.0
5956,トーソー,580.0,224,13.0,一般消費財,"ex:2025-09-29|pay:2025-12:5.0, ex:2026-03-30|pay:2026-06:10.5"
5957,日東精工,781.0,307,24.0,資本財,"ex:2025-12-29|pay:2026-03:13.0, ex:2026-06-29|pay:2026-09:12.0"
5958,三洋工業,4395.0,501,220.0,資本財,"ex:2025-09-29|pay:2025-12:100.0, ex:2026-03-30|pay:2026-06:120.0"
5959,岡部,941.0,340,32.0,資本財,"ex:2025-12-29|pay:2026-03:21.0, ex:2026-06-29|pay:2026-09:21.0"
5962,浅香工業,2130.0,235,50.0,資本財,ex:2026-03-30|pay:2026-06:90.0
5965,フジマック,1206.0,332,40.0,一般消費財,"ex:2025-12-29|pay:2026-03:20.0, ex:2026-06-29|pay:2026-09:30.0"
5966,京都機械工具,2729.0,293,80.0,資本財,"ex:2025-09-29|pay:2025-12:40.0, ex:2026-03-30|pay:2026-06:45.0"
5967,ＴＯＮＥ,439.0,296,13.0,資本財,ex:2026-05-28|pay:2026-08:13.0
5969,ロブテックス,1201.0,250,30.0,資本財,ex:2026-03-30|pay:2026-06:30.0
5970,ジーテクト,2304.0,425,98.0,一般消費財,"ex:2025-09-29|pay:2025-12:45.0, ex:2026-03-30|pay:2026-06:51.0"
5971,共和工業所,8630.0,93,80.0,資本財,ex:2026-04-28|pay:2026-07:80.0
5973,トーアミ,614.0,293,18.0,素材,"ex:2025-09-29|pay:2025-12:8.0, ex:2026-03-30|pay:2026-06:9.0"
5974,中国工業,855.0,269,23.0,公益事業,ex:2026-03-30|pay:2026-06:23.0
5975,東プレ,3475.0,288,100.0,一般消費財,"ex:2025-09-29|pay:2025-12:40.0, ex:2026-03-30|pay:2026-06:60.0"
5976,高周波熱錬,1482.0,486,72.0,素材,"ex:2025-09-29|pay:2025-12:33.0, ex:2026-03-30|pay:2026-06:38.0"
5981,東京製綱,1939.0,361,70.0,資本財,"ex:2025-09-29|pay:2025-12:25.0, ex:2026-03-30|pay:2026-06:45.0"
5982,マルゼン,4080.0,306,125.0,資本財,"ex:2026-02-26|pay:2026-05:70.0, ex:2026-08-28|pay:2026-11:60.0"
5983,イワブチ,13990.0,236,330.0,資本財,"ex:2025-09-29|pay:2025-12:155.0, ex:2026-03-30|pay:2026-06:145.0"
5984,兼房,787.0,292,23.0,資本財,"ex:2025-09-29|pay:2025-12:7.5, ex:2026-03-30|pay:2026-06:18.5"
5985,サンコール,2445.0,143,35.0,一般消費財,"ex:2025-09-29|pay:2025-12:5.0, ex:2026-03-30|pay:2026-06:15.0"
5986,モリテック　スチール,263.0,228,6.0,素材,ex:2026-03-30|pay:2026-06:12.0
5987,オーネックス,1660.0,120,20.0,資本財,ex:2026-06-29|pay:2026-09:20.0
5988,パイオラックス,1710.0,538,92.0,一般消費財,"ex:2025-09-29|pay:2025-12:39.0, ex:2026-03-30|pay:2026-06:53.0"
5989,エイチワン,1505.0,465,70.0,一般消費財,"ex:2025-09-29|pay:2025-12:32.0, ex:2026-03-30|pay:2026-06:32.0"
5990,スーパーツール,1943.0,309,60.0,資本財,"ex:2026-03-12|pay:2026-06:35.0, ex:2026-09-14|pay:2026-12:30.0"
5991,日本発條,3453.0,209,72.0,一般消費財,"ex:2025-09-29|pay:2025-12:33.0, ex:2026-03-30|pay:2026-06:33.0"
5992,中央発條,3720.0,242,90.0,一般消費財,"ex:2025-09-29|pay:2025-12:30.0, ex:2026-03-30|pay:2026-06:30.0"
5994,ファインシンター,995.0,302,30.0,資本財,"ex:2025-09-29|pay:2025-12:10.0, ex:2026-03-30|pay:2026-06:15.0"
5997,協立エアテック,892.0,224,20.0,資本財,ex:2025-12-29|pay:2026-03:20.0
5998,アドバネクス,2828.0,177,50.0,資本財,ex:2026-03-30|pay:2026-06:35.0
6005,三浦工業,3200.0,134,43.0,資本財,"ex:2025-09-29|pay:2025-12:30.0, ex:2026-03-30|pay:2026-06:42.0"
6013,タクマ,3030.0,356,108.0,資本財,"ex:2025-09-29|pay:2025-12:39.0, ex:2026-03-30|pay:2026-06:54.0"
6016,ジャパンエンジンコーポレーション,12070.0,83,100.0,資本財,"ex:2025-09-29|pay:2025-12:20.0, ex:2026-03-30|pay:2026-06:68.0"
6018,阪神内燃機工業,6100.0,149,91.0,資本財,"ex:2025-09-29|pay:2025-12:35.0, ex:2026-03-30|pay:2026-06:56.0"
6022,赤阪鐵工所,2910.0,103,30.0,資本財,ex:2026-03-30|pay:2026-06:30.0
6023,ダイハツインフィニアース,3335.0,249,83.0,資本財,ex:2026-03-30|pay:2026-06:69.0
6027,弁護士ドットコム,5110.0,0,0.0,資本財,
6029,アトラグループ,191.0,0,0.0,ヘルスケア,
6030,アドベンチャー,1717.0,175,30.0,一般消費財,ex:2026-06-29|pay:2026-09:15.0
6031,ＺＥＴＡ,283.0,159,4.5,情報技術,ex:2025-12-29|pay:2026-03:4.4
6033,エクストリーム,1750.0,389,68.0,コミュニケーション・サービス,ex:2026-03-30|pay:2026-06:62.0
6034,ＭＲＴ,577.0,0,0.0,ヘルスケア,
6035,アイ・アールジャパンホールディングス,755.0,424,32.0,資本財,"ex:2025-09-29|pay:2025-12:13.0, ex:2026-03-30|pay:2026-06:15.0"
6036,ＫｅｅＰｅｒ技研,3515.0,284,100.0,素材,"ex:2026-03-30|pay:2026-06:40.0, ex:2026-06-29|pay:2026-09:60.0"
6037,楽待,1070.0,150,16.0,コミュニケーション・サービス,"ex:2026-01-29|pay:2026-04:6.5, ex:2026-07-30|pay:2026-10:6.5"
6038,イード,835.0,287,24.0,コミュニケーション・サービス,ex:2026-06-29|pay:2026-09:23.0
6039,日本動物高度医療センター,1002.0,130,13.0,一般消費財,ex:2026-03-30|pay:2026-06:12.0
6040,日本スキー場開発,458.0,153,7.0,一般消費財,"ex:2026-01-29|pay:2026-04:1.5, ex:2026-07-30|pay:2026-10:3.5"
6042,ニッキ,3830.0,313,120.0,一般消費財,ex:2026-03-30|pay:2026-06:120.0
6044,三機サービス,1891.0,159,30.0,資本財,ex:2026-05-28|pay:2026-08:30.0
6045,レントラックス,2065.0,126,26.0,コミュニケーション・サービス,"ex:2025-09-29|pay:2025-12:12.0, ex:2026-03-30|pay:2026-06:12.0"
6046,リンクバル,156.0,0,0.0,コミュニケーション・サービス,
6047,Ｇｕｎｏｓｙ,387.0,336,13.0,情報技術,ex:2026-05-28|pay:2026-08:22.0
6049,イトクロ,246.0,0,0.0,コミュニケーション・サービス,
6050,イー・ガーディアン,1812.0,210,38.0,情報技術,ex:2025-09-29|pay:2025-12:35.0
6054,リブセンス,112.0,0,0.0,コミュニケーション・サービス,
6055,ジャパンマテリアル,2309.0,152,35.0,資本財,ex:2026-03-30|pay:2026-06:32.0
6058,ベクトル,1930.0,187,36.0,コミュニケーション・サービス,ex:2026-02-26|pay:2026-05:33.0
6059,ウチヤマホールディングス,368.0,272,10.0,ヘルスケア,"ex:2025-09-29|pay:2025-12:5.0, ex:2026-03-30|pay:2026-06:5.0"
6061,ユニバーサル園芸社,3180.0,41,13.0,一般消費財,ex:2026-06-29|pay:2026-09:13.0
6062,チャーム・ケア・コーポレーション,1446.0,332,48.0,ヘルスケア,"ex:2025-12-29|pay:2026-03:20.0, ex:2026-06-29|pay:2026-09:23.0"
6063,日本エマージェンシーアシスタンス,1008.0,89,9.0,ヘルスケア,ex:2025-12-29|pay:2026-03:9.0
6069,トレンダーズ,679.0,530,36.0,コミュニケーション・サービス,ex:2026-03-30|pay:2026-06:35.0
6070,キャリアリンク,2571.0,467,120.0,資本財,ex:2026-03-30|pay:2026-06:120.0
6071,ＩＢＪ,890.0,427,38.0,一般消費財,ex:2025-12-29|pay:2026-03:10.0
6072,地盤ネットホールディングス,1077.0,0,0.0,資本財,
6073,アサンテ,1494.0,415,62.0,一般消費財,"ex:2025-09-29|pay:2025-12:31.0, ex:2026-03-30|pay:2026-06:31.0"
6074,ジェイエスエス,517.0,406,21.0,一般消費財,"ex:2025-09-29|pay:2025-12:10.0, ex:2026-03-30|pay:2026-06:10.0"
6078,バリューＨＲ,1577.0,171,27.0,ヘルスケア,"ex:2025-12-29|pay:2026-03:13.0, ex:2026-06-29|pay:2026-09:14.5"
6080,Ｍ＆Ａキャピタルパートナーズ,4255.0,341,144.94,金融,ex:2025-09-29|pay:2025-12:52.1
6081,アライドアーキテクツ,148.0,0,0.0,コミュニケーション・サービス,
6082,ライドオンエクスプレスホールディングス,991.0,151,15.0,一般消費財,ex:2026-03-30|pay:2026-06:15.0
6083,ＥＲＩホールディングス,1668.0,264,44.0,資本財,"ex:2025-11-27|pay:2026-02:18.3333, ex:2026-05-28|pay:2026-08:23.6667"
6085,アーキテクツ・スタジオ・ジャパン,115.0,0,0.0,資本財,
6086,シンメンテホールディングス,1028.0,214,22.0,資本財,ex:2026-02-26|pay:2026-05:20.0
6087,アビスト,3525.0,289,102.0,資本財,ex:2025-09-29|pay:2025-12:102.0
6088,シグマクシス・ホールディングス,589.0,441,26.0,資本財,ex:2026-03-30|pay:2026-06:26.0
6089,ウィルグループ,1171.0,376,44.0,資本財,ex:2026-03-30|pay:2026-06:44.0
6090,ヒューマン・メタボローム・テクノロジーズ,609.0,591,36.0,ヘルスケア,ex:2026-06-29|pay:2026-09:18.0
6091,ウエスコホールディングス,997.0,802,80.0,資本財,ex:2026-07-30|pay:2026-10:30.0
6092,エンバイオ・ホールディングス,819.0,293,24.0,資本財,ex:2026-03-30|pay:2026-06:9.0
6093,エスクロー・エージェント・ジャパン,161.0,373,6.0,資本財,"ex:2026-02-26|pay:2026-05:6.0, ex:2026-08-28|pay:2026-11:3.0"
6094,フリークアウト・ホールディングス,524.0,0,0.0,コミュニケーション・サービス,
6096,レアジョブ,395.0,203,8.0,生活必需品,ex:2026-03-30|pay:2026-06:8.0
6098,リクルートホールディングス,16335.0,16,26.0,コミュニケーション・サービス,"ex:2025-09-29|pay:2025-12:12.5, ex:2026-03-30|pay:2026-06:12.5"
6099,エラン,730.0,219,16.0,ヘルスケア,ex:2025-12-29|pay:2026-03:15.0
6101,ツガミ,5260.0,186,98.0,資本財,"ex:2025-09-29|pay:2025-12:36.0, ex:2026-03-30|pay:2026-06:49.0"
6103,オークマ,4665.0,257,120.0,資本財,"ex:2025-09-29|pay:2025-12:50.0, ex:2026-03-30|pay:2026-06:50.0"
6104,芝浦機械,4685.0,299,140.0,資本財,"ex:2025-09-29|pay:2025-12:70.0, ex:2026-03-30|pay:2026-06:70.0"
6113,アマダ,2504.0,256,64.0,資本財,"ex:2025-09-29|pay:2025-12:31.0, ex:2026-03-30|pay:2026-06:31.0"
6118,アイダエンジニアリング,1206.0,323,39.0,資本財,ex:2026-03-30|pay:2026-06:39.0
6125,岡本工作機械製作所,4805.0,333,160.0,資本財,"ex:2025-09-29|pay:2025-12:80.0, ex:2026-03-30|pay:2026-06:80.0"
6134,ＦＵＪＩ,7454.0,255,190.0,資本財,"ex:2025-09-29|pay:2025-12:40.0, ex:2026-03-30|pay:2026-06:50.0"
6135,牧野フライス製作所,15750.0,46,72.0,資本財,ex:2026-03-30|pay:2026-06:270.0
6136,オーエスジー,3564.0,426,152.0,資本財,"ex:2025-11-27|pay:2026-02:32.0, ex:2026-05-28|pay:2026-08:39.0"
6137,小池酸素工業,1538.0,325,50.0,資本財,ex:2026-03-30|pay:2026-06:50.0
6138,ダイジェット工業,1973.0,710,140.0,資本財,ex:2026-03-30|pay:2026-06:55.0
6140,旭ダイヤモンド工業,1124.0,302,34.0,資本財,"ex:2025-09-29|pay:2025-12:15.0, ex:2026-03-30|pay:2026-06:15.0"
6141,ＤＭＧ森精機,2933.5,358,105.0,資本財,"ex:2025-12-29|pay:2026-03:55.0, ex:2026-06-29|pay:2026-09:50.0"
6143,ソディック,1703.0,170,29.0,資本財,"ex:2025-12-29|pay:2026-03:15.0, ex:2026-06-29|pay:2026-09:20.0"
6144,西部電機,2821.0,319,90.0,資本財,"ex:2025-09-29|pay:2025-12:42.0, ex:2026-03-30|pay:2026-06:42.0"
6145,ＮＩＴＴＯＫＵ,2678.0,306,82.0,資本財,"ex:2025-09-29|pay:2025-12:30.0, ex:2026-03-30|pay:2026-06:52.0"
6146,ディスコ,54220.0,101,547.0,情報技術,"ex:2025-09-29|pay:2025-12:129.0, ex:2026-03-30|pay:2026-06:376.0"
6147,ヤマザキ,176.0,568,10.0,資本財,ex:2026-03-30|pay:2026-06:10.0
6149,小田原エンジニアリング,2260.0,310,70.0,資本財,ex:2025-12-29|pay:2026-03:70.0
6150,タケダ機械,2795.0,286,80.0,資本財,ex:2026-05-28|pay:2026-08:80.0
6151,日東工器,1762.0,182,32.0,資本財,"ex:2025-09-29|pay:2025-12:20.0, ex:2026-03-30|pay:2026-06:20.0"
6155,高松機械工業,542.0,185,10.0,資本財,"ex:2025-09-29|pay:2025-12:5.0, ex:2026-03-30|pay:2026-06:5.0"
6156,エーワン精密,1848.0,1082,200.0,資本財,ex:2026-06-29|pay:2026-09:100.0
6157,日進工具,820.0,366,30.0,資本財,"ex:2025-09-29|pay:2025-12:15.0, ex:2026-03-30|pay:2026-06:15.0"
6158,和井田製作所,1024.0,352,36.0,資本財,"ex:2025-09-29|pay:2025-12:17.0, ex:2026-03-30|pay:2026-06:17.0"
6159,ミクロン精密,1925.0,62,12.0,資本財,ex:2026-08-28|pay:2026-11:12.0
6161,エスティック,1057.0,293,31.0,資本財,ex:2026-03-18|pay:2026-06:29.0
6165,パンチ工業,552.0,364,20.1,資本財,"ex:2025-09-29|pay:2025-12:9.13, ex:2026-03-30|pay:2026-06:10.43"
6166,中村超硬,642.0,78,5.0,資本財,ex:2026-03-30|pay:2026-06:5.0
6167,冨士ダイス,1010.0,396,40.0,資本財,ex:2026-03-30|pay:2026-06:40.0
6168,ＯＮＥ　ＧＲＯＵＰ,486.0,0,0.0,,
6171,土木管理総合試験所,374.0,321,12.0,資本財,"ex:2025-12-29|pay:2026-03:6.0, ex:2026-06-29|pay:2026-09:6.0"
6173,アクアライン,13.0,0,0.0,資本財,
6174,デンタス,3200.0,0,0.0,,
6176,ブランジスタ,1036.0,290,30.0,コミュニケーション・サービス,"ex:2025-09-29|pay:2025-12:10.0, ex:2026-03-30|pay:2026-06:25.0"
6177,ＡｐｐＢａｎｋ,86.0,0,0.0,コミュニケーション・サービス,
6178,日本郵政,2579.0,233,60.0,金融,"ex:2025-09-29|pay:2025-12:25.0, ex:2026-03-30|pay:2026-06:25.0"
6180,ＧＭＯメディア,3765.0,558,210.0,コミュニケーション・サービス,ex:2025-12-29|pay:2026-03:241.0
6181,タメニー,90.0,0,0.0,一般消費財,
6182,メタリアル,537.0,0,0.0,情報技術,
6183,ベルシステム２４ホールディングス,1365.0,440,60.0,資本財,"ex:2026-02-26|pay:2026-05:30.0, ex:2026-08-28|pay:2026-11:30.0"
6184,鎌倉新書,608.0,329,20.0,一般消費財,ex:2026-01-29|pay:2026-04:20.0
6185,ＳＭＮ,367.0,0,0.0,コミュニケーション・サービス,
6186,一蔵,373.0,402,15.0,一般消費財,ex:2026-03-30|pay:2026-06:14.0
6189,グローバルキッズＣＯＭＰＡＮＹ,1009.0,396,40.0,資本財,"ex:2025-09-29|pay:2025-12:20.0, ex:2026-03-30|pay:2026-06:20.0"
6190,フェニックスバイオ,305.0,0,0.0,ヘルスケア,
6191,エアトリ,1481.0,2161,320.0,一般消費財,ex:2025-09-29|pay:2025-12:10.0
6193,バーチャレクス・ホールディングス,1196.0,125,15.0,情報技術,ex:2026-03-30|pay:2026-06:15.0
6194,アトラエ,882.0,794,70.0,資本財,ex:2025-09-29|pay:2025-12:31.0
6195,ホープ,206.0,221,4.55,コミュニケーション・サービス,
6196,ストライク,1424.0,456,65.0,金融,ex:2025-09-29|pay:2025-12:60.0
6197,ソラスト,1118.0,197,22.0,ヘルスケア,ex:2025-09-29|pay:2025-12:11.0
6198,キャリア,200.0,0,0.0,資本財,
6199,セラク,1368.0,127,17.4,情報技術,ex:2026-08-28|pay:2026-11:17.4
6200,インソース,675.0,437,29.5,生活必需品,ex:2025-09-29|pay:2025-12:25.0
6201,豊田自動織機,20450.0,137,280.0,資本財,
6203,豊和工業,2318.0,86,20.0,資本財,ex:2026-03-30|pay:2026-06:20.0
6208,石川製作所,1800.0,111,20.0,資本財,ex:2026-03-30|pay:2026-06:20.0
6209,リケンＮＰＲ,4010.0,524,210.0,一般消費財,"ex:2025-09-29|pay:2025-12:50.0, ex:2026-03-30|pay:2026-06:160.0"
6210,ＴＯＹＯイノベックス,655.0,534,35.0,資本財,"ex:2025-09-29|pay:2025-12:17.5, ex:2026-03-30|pay:2026-06:17.5"
6217,津田駒工業,807.0,0,0.0,資本財,
6218,エンシュウ,646.0,186,12.0,資本財,ex:2026-03-30|pay:2026-06:10.0
6222,島精機製作所,927.0,216,20.0,資本財,"ex:2025-09-29|pay:2025-12:10.0, ex:2026-03-30|pay:2026-06:10.0"
6223,西部技研,1941.0,361,70.0,資本財,ex:2025-12-29|pay:2026-03:70.0
6224,ＪＲＣ,1212.0,248,30.0,資本財,"ex:2026-02-26|pay:2026-05:19.0, ex:2026-08-28|pay:2026-11:15.0"
6226,守谷輸送機工業,2229.0,170,38.0,資本財,"ex:2025-09-29|pay:2025-12:10.0, ex:2026-03-30|pay:2026-06:19.5"
6227,ＡＩメカテック,6620.0,33,22.0,情報技術,ex:2026-06-29|pay:2026-09:5.6667
6228,ジェイ・イー・ティ,540.0,0,0.0,情報技術,
6229,オーケーエム,1479.0,338,50.0,資本財,ex:2026-03-30|pay:2026-06:55.0
6230,ＳＡＮＥＩ,2180.0,349,76.0,資本財,"ex:2025-09-29|pay:2025-12:32.0, ex:2026-03-30|pay:2026-06:37.0"
6231,木村工機,11910.0,168,200.0,資本財,ex:2026-03-30|pay:2026-06:200.0
6232,ＡＣＳＬ,1342.0,0,0.0,情報技術,
6233,ＫＬＡＳＳ,404.0,248,10.0,資本財,ex:2025-09-29|pay:2025-12:10.0
6235,オプトラン,2559.0,219,56.0,資本財,"ex:2025-12-29|pay:2026-03:27.0, ex:2026-06-29|pay:2026-09:28.0"
6237,イワキポンプ,4110.0,229,94.0,資本財,"ex:2025-09-29|pay:2025-12:35.0, ex:2026-03-30|pay:2026-06:42.0"
6238,フリュー,1433.0,279,40.0,一般消費財,ex:2026-03-30|pay:2026-06:40.0
6239,ナガオカ,1460.0,479,70.0,エネルギー,ex:2026-06-29|pay:2026-09:35.0
6240,ヤマシンフィルタ,527.0,380,20.0,資本財,"ex:2025-09-29|pay:2025-12:8.0, ex:2026-03-30|pay:2026-06:10.0"
6245,ヒラノテクシード,1829.0,459,84.0,資本財,"ex:2025-09-29|pay:2025-12:42.0, ex:2026-03-30|pay:2026-06:42.0"
6246,テクノスマート,1850.0,497,92.0,資本財,"ex:2025-09-29|pay:2025-12:44.0, ex:2026-03-30|pay:2026-06:46.0"
6247,日阪製作所,1718.0,326,56.0,資本財,"ex:2025-09-29|pay:2025-12:27.0, ex:2026-03-30|pay:2026-06:28.0"
6248,横田製作所,1829.0,328,60.0,資本財,"ex:2025-09-29|pay:2025-12:20.0, ex:2026-03-30|pay:2026-06:40.0"
6249,ゲームカードホールディングス,2841.0,352,100.0,資本財,"ex:2025-09-29|pay:2025-12:50.0, ex:2026-03-30|pay:2026-06:50.0"
6250,やまびこ,4510.0,244,110.0,資本財,"ex:2025-12-29|pay:2026-03:45.0, ex:2026-06-29|pay:2026-09:55.0"
6254,野村マイクロ・サイエンス,3420.0,249,85.0,資本財,"ex:2025-09-29|pay:2025-12:20.0, ex:2026-03-30|pay:2026-06:61.0"
6255,エヌ・ピー・シー,672.0,149,10.0,資本財,ex:2026-08-28|pay:2026-11:10.0
6257,藤商事,1018.0,491,50.0,一般消費財,"ex:2025-09-29|pay:2025-12:25.0, ex:2026-03-30|pay:2026-06:25.0"
6258,平田機工,3795.0,198,75.0,資本財,ex:2026-03-30|pay:2026-06:70.0
6262,ＰＥＧＡＳＵＳ,531.0,565,30.0,資本財,"ex:2025-09-29|pay:2025-12:10.0, ex:2026-03-30|pay:2026-06:20.0"
6264,マルマエ,1940.0,232,45.0,資本財,"ex:2026-02-26|pay:2026-05:19.0, ex:2026-08-28|pay:2026-11:26.0"
6265,コンバム,3315.0,241,80.0,資本財,"ex:2025-12-29|pay:2026-03:25.0, ex:2026-06-29|pay:2026-09:40.0"
6266,タツモ,3745.0,91,34.0,情報技術,ex:2025-12-29|pay:2026-03:34.0
6267,ゼネラルパッカー,4100.0,390,160.0,資本財,"ex:2026-01-29|pay:2026-04:45.0, ex:2026-07-30|pay:2026-10:85.0"
6268,ナブテスコ,4792.0,171,82.0,資本財,"ex:2025-12-29|pay:2026-03:40.0, ex:2026-06-29|pay:2026-09:41.0"
6269,三井海洋開発,9050.0,221,200.0,エネルギー,"ex:2025-12-29|pay:2026-03:80.0, ex:2026-06-29|pay:2026-09:100.0"
6272,レオン自動機,1528.0,393,60.0,資本財,"ex:2025-09-29|pay:2025-12:27.0, ex:2026-03-30|pay:2026-06:31.0"
6273,ＳＭＣ,69620.0,144,1000.0,資本財,"ex:2025-09-29|pay:2025-12:500.0, ex:2026-03-30|pay:2026-06:500.0"
6276,シリウスビジョン,360.0,0,0.0,資本財,
6277,ホソカワミクロン,6680.0,195,130.0,資本財,"ex:2025-09-29|pay:2025-12:60.0, ex:2026-03-30|pay:2026-06:65.0"
6278,ユニオンツール,14320.0,105,150.0,資本財,"ex:2025-12-29|pay:2026-03:70.0, ex:2026-06-29|pay:2026-09:75.0"
6279,瑞光,946.0,169,16.0,資本財,"ex:2026-02-19|pay:2026-05:6.0, ex:2026-08-19|pay:2026-11:12.0"
6282,オイレス工業,2991.0,318,95.0,資本財,"ex:2025-09-29|pay:2025-12:42.0, ex:2026-03-30|pay:2026-06:43.0"
6284,日精エー・エス・ビー機械,8550.0,281,240.0,資本財,ex:2025-09-29|pay:2025-12:200.0
6286,靜甲,1505.0,186,28.0,資本財,"ex:2025-09-29|pay:2025-12:12.0, ex:2026-03-30|pay:2026-06:14.0"
6287,サトー,2739.0,292,80.0,資本財,"ex:2025-09-29|pay:2025-12:38.0, ex:2026-03-30|pay:2026-06:38.0"
6289,技研製作所,1948.0,277,54.0,資本財,"ex:2026-02-26|pay:2026-05:27.0, ex:2026-08-28|pay:2026-11:27.0"
6291,日本エアーテック,1341.0,410,55.0,資本財,ex:2025-12-29|pay:2026-03:55.0
6292,カワタ,859.0,442,38.0,資本財,"ex:2025-09-29|pay:2025-12:19.0, ex:2026-03-30|pay:2026-06:19.0"
6293,日精樹脂工業,873.0,481,42.0,資本財,"ex:2025-09-29|pay:2025-12:16.0, ex:2026-03-30|pay:2026-06:21.0"
6294,オカダアイヨン,1966.0,387,76.0,資本財,ex:2026-03-30|pay:2026-06:75.0
6298,ワイエイシイホールディングス,1272.0,362,46.0,情報技術,"ex:2025-09-29|pay:2025-12:20.0, ex:2026-03-30|pay:2026-06:20.0"
6301,小松製作所,7640.0,249,190.0,資本財,"ex:2025-09-29|pay:2025-12:95.0, ex:2026-03-30|pay:2026-06:95.0"
6302,住友重機械工業,5957.0,243,145.0,資本財,"ex:2025-12-29|pay:2026-03:65.0, ex:2026-06-29|pay:2026-09:70.0"
6305,日立建機,5746.0,331,190.0,資本財,"ex:2025-09-29|pay:2025-12:75.0, ex:2026-03-30|pay:2026-06:100.0"
6306,日工,1020.0,412,42.0,資本財,"ex:2025-09-29|pay:2025-12:17.0, ex:2026-03-30|pay:2026-06:23.0"
6307,サンセイ,469.0,320,15.0,資本財,ex:2026-03-30|pay:2026-06:30.0
6309,巴工業,1984.0,383,76.0,資本財,"ex:2025-10-30|pay:2026-01:36.0, ex:2026-04-28|pay:2026-07:36.0"
6310,井関農機,1960.0,230,45.0,資本財,ex:2025-12-29|pay:2026-03:40.0
6315,ＴＯＷＡ,2193.0,109,24.0,情報技術,ex:2026-03-30|pay:2026-06:20.0
6316,丸山製作所,2993.0,267,80.0,資本財,ex:2025-09-29|pay:2025-12:80.0
6317,北川鉄工所,2550.0,471,120.0,資本財,"ex:2025-09-29|pay:2025-12:35.0, ex:2026-03-30|pay:2026-06:67.0"
6322,タクミナ,1612.0,335,54.0,資本財,"ex:2025-09-29|pay:2025-12:25.0, ex:2026-03-30|pay:2026-06:29.0"
6323,ローツェ,3786.0,53,20.0,情報技術,ex:2026-02-26|pay:2026-05:17.0
6324,ハーモニック・ドライブ・システムズ,6300.0,32,20.0,資本財,"ex:2025-09-29|pay:2025-12:10.0, ex:2026-03-30|pay:2026-06:10.0"
6325,タカキタ,418.0,239,10.0,資本財,"ex:2025-09-29|pay:2025-12:5.0, ex:2026-03-30|pay:2026-06:5.0"
6326,クボタ,2782.0,187,52.0,資本財,"ex:2025-12-29|pay:2026-03:25.0, ex:2026-06-29|pay:2026-09:26.0"
6327,北川精機,3210.0,78,25.0,資本財,ex:2026-06-29|pay:2026-09:23.0
6328,荏原実業,2382.0,315,75.0,資本財,"ex:2025-12-29|pay:2026-03:30.0, ex:2026-06-29|pay:2026-09:37.5"
6330,東洋エンジニアリング,2617.0,96,25.0,資本財,
6331,三菱化工機,3325.0,361,120.0,資本財,"ex:2025-09-29|pay:2025-12:40.0, ex:2026-03-30|pay:2026-06:75.0"
6332,月島ホールディングス,2694.0,327,88.0,資本財,"ex:2025-09-29|pay:2025-12:42.0, ex:2026-03-30|pay:2026-06:43.0"
6333,帝国電機製作所,3605.0,366,132.0,資本財,"ex:2025-09-29|pay:2025-12:55.0, ex:2026-03-30|pay:2026-06:78.0"
6334,明治機械,470.0,128,6.0,資本財,ex:2026-03-30|pay:2026-06:6.0
6335,東京機械製作所,582.0,0,0.0,資本財,
6336,石井表記,1466.0,559,82.0,資本財,ex:2026-01-29|pay:2026-04:28.0
6337,テセック,3665.0,273,100.0,情報技術,ex:2026-03-30|pay:2026-06:100.0
6338,タカトリ,1690.0,237,40.0,情報技術,ex:2025-09-29|pay:2025-12:40.0
6339,新東工業,1216.0,395,48.0,資本財,"ex:2025-09-29|pay:2025-12:22.0, ex:2026-03-30|pay:2026-06:22.0"
6340,澁谷工業,5560.0,234,130.0,資本財,"ex:2025-12-29|pay:2026-03:47.5, ex:2026-06-29|pay:2026-09:52.5"
6342,太平製作所,2881.0,347,100.0,素材,"ex:2025-09-29|pay:2025-12:20.0, ex:2026-03-30|pay:2026-06:60.0"
6343,フリージア・マクロス,147.0,41,0.6,資本財,ex:2026-03-30|pay:2026-06:0.6
6345,アイチ　コーポレーション,1487.0,437,65.0,資本財,"ex:2025-09-29|pay:2025-12:30.0, ex:2026-03-30|pay:2026-06:30.0"
6346,キクカワエンタープライズ,5590.0,358,200.0,資本財,"ex:2025-09-29|pay:2025-12:20.0, ex:2026-03-30|pay:2026-06:80.0"
6347,プラコー,249.0,241,6.0,資本財,ex:2026-03-30|pay:2026-06:6.0
6349,小森コーポレーション,2034.0,492,100.0,資本財,"ex:2025-09-29|pay:2025-12:35.0, ex:2026-03-30|pay:2026-06:35.0"
6351,鶴見製作所,2648.0,110,29.0,資本財,"ex:2025-09-29|pay:2025-12:13.0, ex:2026-03-30|pay:2026-06:16.0"
6356,日本ギア工業,1369.0,73,10.0,一般消費財,"ex:2025-09-29|pay:2025-12:4.0, ex:2026-03-30|pay:2026-06:6.0"
6357,三精テクノロジーズ,2779.0,342,95.0,資本財,"ex:2025-09-29|pay:2025-12:30.0, ex:2026-03-30|pay:2026-06:60.0"
6358,酒井重工業,2172.0,599,130.0,資本財,"ex:2025-09-29|pay:2025-12:45.0, ex:2026-03-30|pay:2026-06:62.0"
6360,東京自働機械製作所,4850.0,206,100.0,資本財,ex:2026-03-30|pay:2026-06:160.0
6361,荏原製作所,4440.0,149,66.0,資本財,"ex:2025-12-29|pay:2026-03:31.0, ex:2026-06-29|pay:2026-09:33.0"
6363,酉島製作所,2954.0,230,68.0,資本財,"ex:2025-09-29|pay:2025-12:31.0, ex:2026-03-30|pay:2026-06:32.0"
6364,ＡＩＲＭＡＮ,2585.0,402,104.0,資本財,"ex:2025-09-29|pay:2025-12:20.0, ex:2026-03-30|pay:2026-06:52.0"
6365,電業社機械製作所,5690.0,334,190.0,資本財,"ex:2025-09-29|pay:2025-12:80.0, ex:2026-03-30|pay:2026-06:130.0"
6366,千代田化工建設,673.0,0,0.0,資本財,
6367,ダイキン工業,20860.0,173,360.0,資本財,"ex:2025-09-29|pay:2025-12:165.0, ex:2026-03-30|pay:2026-06:175.0"
6368,オルガノ,12690.0,104,132.0,資本財,"ex:2025-09-29|pay:2025-12:95.0, ex:2026-03-30|pay:2026-06:105.0"
6369,トーヨーカネツ,2440.0,451,110.0,資本財,"ex:2025-09-29|pay:2025-12:50.0, ex:2026-03-30|pay:2026-06:53.0"
6370,栗田工業,7723.0,174,134.0,資本財,"ex:2025-09-29|pay:2025-12:56.0, ex:2026-03-30|pay:2026-06:56.0"
6371,椿本チエイン,2723.0,294,80.0,資本財,"ex:2025-09-29|pay:2025-12:40.0, ex:2026-03-30|pay:2026-06:40.0"
6376,日機装,3650.0,164,60.0,資本財,"ex:2025-12-29|pay:2026-03:22.0, ex:2026-06-29|pay:2026-09:30.0"
6378,木村化工機,1188.0,345,41.0,資本財,ex:2026-03-30|pay:2026-06:41.0
6379,レイズネクスト,3040.0,257,78.0,資本財,"ex:2025-09-29|pay:2025-12:45.0, ex:2026-03-30|pay:2026-06:72.0"
6380,オリエンタルチエン工業,3555.0,56,20.0,資本財,"ex:2025-09-29|pay:2025-12:15.0, ex:2026-03-30|pay:2026-06:15.0"
6381,アネスト岩田,1945.0,452,88.0,資本財,"ex:2025-09-29|pay:2025-12:41.0, ex:2026-03-30|pay:2026-06:46.0"
6382,トリニティ工業,1240.0,492,61.0,一般消費財,"ex:2025-09-29|pay:2025-12:26.0, ex:2026-03-30|pay:2026-06:41.0"
6383,ダイフク,5549.0,162,90.0,資本財,"ex:2025-12-29|pay:2026-03:44.0, ex:2026-06-29|pay:2026-09:40.0"
6384,昭和真空,1733.0,404,70.0,資本財,ex:2026-03-30|pay:2026-06:70.0
6387,サムコ,8000.0,188,150.0,情報技術,ex:2026-07-30|pay:2026-10:75.0
6390,加藤製作所,1331.0,526,70.0,資本財,"ex:2025-09-29|pay:2025-12:35.0, ex:2026-03-30|pay:2026-06:35.0"
6391,加地テック,4845.0,144,70.0,資本財,ex:2026-03-30|pay:2026-06:60.0
6392,ヤマダコーポレーション,7940.0,277,220.0,資本財,"ex:2025-09-29|pay:2025-12:100.0, ex:2026-03-30|pay:2026-06:120.0"
6393,油研工業,3090.0,485,150.0,資本財,"ex:2025-09-29|pay:2025-12:60.0, ex:2026-03-30|pay:2026-06:90.0"
6395,タダノ,1381.0,246,34.0,資本財,"ex:2025-12-29|pay:2026-03:26.0, ex:2026-06-29|pay:2026-09:17.0"
6396,宇野澤組鐵工所,4565.0,110,50.0,資本財,ex:2026-03-30|pay:2026-06:50.0
6400,不二精機,310.0,645,20.0,資本財,ex:2025-12-29|pay:2026-03:7.0
6402,兼松エンジニアリング,1636.0,73,12.0,資本財,ex:2026-03-30|pay:2026-06:74.0
6403,水道機工,4015.0,137,55.0,資本財,
6405,鈴茂器工,1265.0,277,35.0,資本財,"ex:2025-09-29|pay:2025-12:15.0, ex:2026-03-30|pay:2026-06:20.0"
6406,フジテック,0.0,0,0.0,資本財,
6407,ＣＫＤ,5240.0,155,81.0,資本財,"ex:2025-09-29|pay:2025-12:32.0, ex:2026-03-30|pay:2026-06:49.0"
6408,小倉クラッチ,4400.0,227,100.0,資本財,ex:2026-03-30|pay:2026-06:100.0
6412,平和,2216.0,361,80.0,一般消費財,"ex:2025-09-29|pay:2025-12:40.0, ex:2026-03-30|pay:2026-06:40.0"
6413,理想科学工業,1063.0,470,50.0,情報技術,ex:2026-03-30|pay:2026-06:50.0
6417,ＳＡＮＫＹＯ,2120.0,472,100.0,一般消費財,"ex:2025-09-29|pay:2025-12:45.0, ex:2026-03-30|pay:2026-06:45.0"
6418,日本金銭機械,1294.0,355,46.0,資本財,"ex:2025-09-29|pay:2025-12:20.0, ex:2026-03-30|pay:2026-06:20.0"
6419,マースグループホールディングス,3155.0,475,150.0,一般消費財,"ex:2025-09-29|pay:2025-12:75.0, ex:2026-03-30|pay:2026-06:75.0"
6420,ガリレイ,3510.0,254,89.0,資本財,ex:2026-03-30|pay:2026-06:82.0
6424,高見沢サイバネティックス,895.0,257,23.0,情報技術,ex:2026-03-30|pay:2026-06:23.0
6425,ユニバーサルエンターテインメント,713.0,0,0.0,一般消費財,
6428,オーイズミ,326.0,368,12.0,コミュニケーション・サービス,ex:2026-03-30|pay:2026-06:12.0
6430,ダイコク電機,2490.0,402,100.0,情報技術,"ex:2025-09-29|pay:2025-12:30.0, ex:2026-03-30|pay:2026-06:70.0"
6432,竹内製作所,7300.0,301,220.0,資本財,"ex:2026-02-26|pay:2026-05:210.0, ex:2026-08-28|pay:2026-11:110.0"
6433,ヒーハイスト,1327.0,15,2.0,資本財,
6436,アマノ,3909.0,640,250.0,情報技術,"ex:2025-09-29|pay:2025-12:55.0, ex:2026-03-30|pay:2026-06:125.0"
6440,ＪＵＫＩ,788.0,190,15.0,資本財,ex:2025-12-29|pay:2026-03:10.0
6444,サンデン,195.0,0,0.0,一般消費財,
6445,ジャノメ,1379.0,435,60.0,一般消費財,"ex:2025-09-29|pay:2025-12:20.0, ex:2026-03-30|pay:2026-06:35.0"
6448,ブラザー工業,4732.0,211,100.0,資本財,"ex:2025-09-29|pay:2025-12:50.0, ex:2026-03-30|pay:2026-06:50.0"
6454,マックス,1883.0,212,40.0,資本財,ex:2026-03-30|pay:2026-06:37.0
6455,モリタホールディングス,2540.0,315,80.0,資本財,"ex:2025-09-29|pay:2025-12:29.0, ex:2026-03-30|pay:2026-06:35.0"
6457,グローリー,4554.0,338,154.0,資本財,"ex:2025-09-29|pay:2025-12:56.0, ex:2026-03-30|pay:2026-06:56.0"
6458,新晃工業,1242.0,403,50.0,資本財,"ex:2025-09-29|pay:2025-12:20.0, ex:2026-03-30|pay:2026-06:30.0"
6459,大和冷機工業,1690.0,355,60.0,資本財,"ex:2025-12-29|pay:2026-03:25.0, ex:2026-06-29|pay:2026-09:35.0"
6460,セガサミーホールディングス,3265.0,168,55.0,コミュニケーション・サービス,"ex:2025-09-29|pay:2025-12:27.0, ex:2026-03-30|pay:2026-06:28.0"
6463,ＴＰＲ,1595.0,376,60.0,一般消費財,"ex:2025-09-29|pay:2025-12:25.0, ex:2026-03-30|pay:2026-06:31.0"
6464,ツバキ・ナカシマ,344.0,0,0.0,資本財,
6465,ホシザキ,5347.0,215,115.0,資本財,"ex:2025-12-29|pay:2026-03:65.0, ex:2026-06-29|pay:2026-09:55.0"
6466,ＴＶＥ,4190.0,167,70.0,資本財,"ex:2025-09-29|pay:2025-12:20.0, ex:2026-03-30|pay:2026-06:20.0"
6467,ニチダイ,349.0,172,6.0,資本財,"ex:2025-09-29|pay:2025-12:2.0, ex:2026-03-30|pay:2026-06:2.0"
6469,放電精密加工研究所,2945.0,68,20.0,資本財,ex:2026-02-26|pay:2026-05:18.0
6470,大豊工業,1152.0,200,23.0,一般消費財,"ex:2025-09-29|pay:2025-12:10.0, ex:2026-03-30|pay:2026-06:18.0"
6471,日本精工,1100.0,309,34.0,一般消費財,"ex:2025-09-29|pay:2025-12:17.0, ex:2026-03-30|pay:2026-06:17.0"
6472,ＮＴＮ,391.3,332,13.0,資本財,"ex:2025-09-29|pay:2025-12:5.5, ex:2026-03-30|pay:2026-06:5.5"
6473,ジェイテクト,2125.5,329,70.0,一般消費財,"ex:2025-09-29|pay:2025-12:30.0, ex:2026-03-30|pay:2026-06:30.0"
6474,不二越,5510.0,200,110.0,資本財,ex:2025-11-27|pay:2026-02:100.0
6479,ミネベアミツミ,3595.0,167,60.0,情報技術,"ex:2025-09-29|pay:2025-12:25.0, ex:2026-03-30|pay:2026-06:25.0"
6480,日本トムソン,1869.0,171,32.0,資本財,"ex:2025-09-29|pay:2025-12:14.0, ex:2026-03-30|pay:2026-06:15.5"
6481,ＴＨＫ,6429.0,308,198.0,資本財,"ex:2025-12-29|pay:2026-03:123.0, ex:2026-06-29|pay:2026-09:96.0"
6482,ＹＵＳＨＩＮ,719.0,278,20.0,資本財,"ex:2025-09-29|pay:2025-12:10.0, ex:2026-03-30|pay:2026-06:10.0"
6484,ＫＶＫ,2256.0,399,90.0,一般消費財,"ex:2025-09-29|pay:2025-12:40.0, ex:2026-03-30|pay:2026-06:40.0"
6485,前澤給装工業,1678.0,358,60.0,資本財,"ex:2025-09-29|pay:2025-12:30.0, ex:2026-03-30|pay:2026-06:33.0"
6486,イーグル工業,3055.0,458,140.0,資本財,"ex:2025-09-29|pay:2025-12:60.0, ex:2026-03-30|pay:2026-06:65.0"
6488,ヨシタケ,1046.0,344,36.0,資本財,ex:2026-03-30|pay:2026-06:35.0
6489,前澤工業,1719.0,279,48.0,資本財,"ex:2025-11-27|pay:2026-02:24.0, ex:2026-05-28|pay:2026-08:24.0"
6490,ＰＩＬＬＡＲ,10350.0,155,160.0,資本財,"ex:2025-09-29|pay:2025-12:50.0, ex:2026-03-30|pay:2026-06:80.0"
6492,岡野バルブ製造,15160.0,53,80.0,資本財,"ex:2025-09-29|pay:2025-12:40.0, ex:2026-03-30|pay:2026-06:40.0"
6493,ＮＩＴＴＡＮ,490.0,408,20.0,一般消費財,"ex:2025-09-29|pay:2025-12:7.0, ex:2026-03-30|pay:2026-06:13.0"
6494,ＮＦＫホールディングス,100.0,0,0.0,資本財,
6495,宮入バルブ製作所,110.0,182,2.0,資本財,ex:2026-03-30|pay:2026-06:2.0
6496,中北製作所,5740.0,200,115.0,資本財,"ex:2025-11-27|pay:2026-02:55.0, ex:2026-05-28|pay:2026-08:55.0"
6497,ハマイ,1455.0,309,45.0,資本財,"ex:2025-12-29|pay:2026-03:25.0, ex:2026-06-29|pay:2026-09:20.0"
6498,キッツ,2004.0,329,66.0,資本財,"ex:2025-12-29|pay:2026-03:32.0, ex:2026-06-29|pay:2026-09:29.0"
6501,日立製作所,5536.0,101,56.0,資本財,"ex:2025-09-29|pay:2025-12:23.0, ex:2026-03-30|pay:2026-06:27.0"
6503,三菱電機,5239.0,115,60.0,資本財,"ex:2025-09-29|pay:2025-12:25.0, ex:2026-03-30|pay:2026-06:30.0"
6504,富士電機,13615.0,157,214.0,資本財,"ex:2025-09-29|pay:2025-12:91.0, ex:2026-03-30|pay:2026-06:109.0"
6505,東洋電機製造,2463.0,471,116.0,資本財,ex:2026-05-28|pay:2026-08:100.0
6506,安川電機,4480.0,161,72.0,資本財,"ex:2026-02-26|pay:2026-05:34.0, ex:2026-08-28|pay:2026-11:36.0"
6507,シンフォニアテクノロジー,12700.0,127,161.0,資本財,ex:2026-03-30|pay:2026-06:155.0
6508,明電舎,11460.0,145,166.0,資本財,"ex:2025-09-29|pay:2025-12:47.0, ex:2026-03-30|pay:2026-06:110.0"
6513,オリジン,1319.0,303,40.0,情報技術,"ex:2025-09-29|pay:2025-12:20.0, ex:2026-03-30|pay:2026-06:15.0"
6516,山洋電気,5430.0,331,180.0,資本財,"ex:2025-09-29|pay:2025-12:33.33, ex:2026-03-30|pay:2026-06:70.0"
6517,デンヨー,4110.0,414,170.0,資本財,"ex:2025-09-29|pay:2025-12:45.0, ex:2026-03-30|pay:2026-06:55.0"
6518,三相電機,1730.0,145,25.0,資本財,ex:2026-03-30|pay:2026-06:25.0
6521,オキサイド,3260.0,0,0.0,情報技術,
6522,アスタリスク,1327.0,0,0.0,情報技術,
6523,ＰＨＣホールディングス,1430.0,294,42.0,ヘルスケア,"ex:2025-09-29|pay:2025-12:21.0, ex:2026-03-30|pay:2026-06:21.0"
6524,湖北工業,5350.0,75,40.0,情報技術,"ex:2025-12-29|pay:2026-03:33.0, ex:2026-06-29|pay:2026-09:20.0"
6525,ＫＯＫＵＳＡＩ　ＥＬＥＣＴＲＩＣ,9300.0,71,66.0,情報技術,"ex:2025-09-29|pay:2025-12:18.0, ex:2026-03-30|pay:2026-06:19.0"
6526,ソシオネクスト,2244.0,223,50.0,資本財,"ex:2025-09-29|pay:2025-12:25.0, ex:2026-03-30|pay:2026-06:25.0"
6527,ワカ製作所,706.0,0,0.0,,
6532,ベイカレント,7673.0,169,130.0,資本財,"ex:2026-02-26|pay:2026-05:50.0, ex:2026-08-28|pay:2026-11:65.0"
6533,Ｏｒｃｈｅｓｔｒａ　Ｈｏｌｄｉｎｇｓ,1228.0,407,50.0,コミュニケーション・サービス,ex:2025-12-29|pay:2026-03:12.0
6535,アイモバイル,499.0,401,20.0,コミュニケーション・サービス,ex:2026-07-30|pay:2026-10:27.0
6537,ＷＡＳＨハウス,293.0,0,0.0,一般消費財,
6538,ディスラプターズ,251.0,199,5.0,資本財,"ex:2025-09-29|pay:2025-12:2.0, ex:2026-03-30|pay:2026-06:5.0"
6539,ＭＳ－Ｊａｐａｎ,992.0,565,56.0,資本財,ex:2026-03-30|pay:2026-06:56.0
6540,船場,1513.0,516,78.0,資本財,ex:2025-12-29|pay:2026-03:76.0
6543,日宣,1184.0,279,33.0,コミュニケーション・サービス,"ex:2026-02-26|pay:2026-05:18.0, ex:2026-08-28|pay:2026-11:16.0"
6544,ジャパンエレベーターサービスホールディングス,1505.5,139,21.0,資本財,ex:2026-03-30|pay:2026-06:21.0
6545,インターネットインフィニティー,779.0,321,25.0,ヘルスケア,ex:2026-03-30|pay:2026-06:18.0
6546,フルテック,1189.0,286,34.0,資本財,"ex:2025-12-29|pay:2026-03:22.0, ex:2026-06-29|pay:2026-09:10.0"
6547,グリーンズ,2103.0,271,57.0,一般消費財,ex:2026-06-29|pay:2026-09:52.0
6548,旅工房,127.0,0,0.0,一般消費財,
6549,ディーエムソリューションズ,1118.0,188,21.0,コミュニケーション・サービス,"ex:2025-09-29|pay:2025-12:7.5, ex:2026-03-30|pay:2026-06:10.5"
6551,ツナググループ・ホールディングス,606.0,330,20.0,資本財,ex:2025-09-29|pay:2025-12:14.0
6552,ＧａｍｅＷｉｔｈ,171.0,0,0.0,コミュニケーション・サービス,
6554,エスユーエス,1171.0,427,50.0,資本財,ex:2025-09-29|pay:2025-12:45.0
6555,ＭＳ＆Ｃｏｎｓｕｌｔｉｎｇ,425.0,0,0.0,情報技術,
6557,ＡＩＡＩグループ,700.0,0,0.0,ヘルスケア,
6558,クックビズ,660.0,0,0.0,資本財,
6560,エル・ティー・エス,1790.0,223,40.0,資本財,ex:2025-12-29|pay:2026-03:35.0
6561,ＨＡＮＡＴＯＵＲ　ＪＡＰＡＮ,821.0,512,42.0,一般消費財,ex:2025-12-29|pay:2026-03:40.0
6562,ジーニー,1006.0,0,0.0,コミュニケーション・サービス,
6563,みらいワークス,466.0,0,0.0,資本財,
6564,ミダックホールディングス,2009.0,100,20.0,資本財,ex:2026-03-30|pay:2026-06:18.0
6565,ＡＢホテル,1388.0,173,24.0,一般消費財,ex:2026-03-30|pay:2026-06:34.0
6566,要興業,1269.0,229,29.0,資本財,ex:2026-03-30|pay:2026-06:29.0
6568,神戸天然物化学,1237.0,275,34.0,素材,"ex:2025-09-29|pay:2025-12:16.0, ex:2026-03-30|pay:2026-06:17.0"
6570,共和コーポレーション,3825.0,105,40.0,一般消費財,"ex:2025-09-29|pay:2025-12:12.5, ex:2026-03-30|pay:2026-06:12.5"
6571,キュービーネットホールディングス,1282.0,624,80.0,一般消費財,ex:2026-06-29|pay:2026-09:40.0
6572,オープングループ,268.0,243,6.5,情報技術,ex:2026-02-26|pay:2026-05:4.9
6573,ＣＲＡＶＩＡ,27.0,0,0.0,コミュニケーション・サービス,
6574,コンヴァノ,123.0,81,1.0,一般消費財,ex:2026-03-30|pay:2026-06:1.0
6576,揚工舎,0.0,0,0.0,,
6577,ベストワンドットコム,1379.0,370,51.0,一般消費財,ex:2026-07-30|pay:2026-10:30.0
6578,コレックホールディングス,480.0,188,9.0,資本財,ex:2026-02-26|pay:2026-05:9.0
6579,ログリー,343.0,0,0.0,コミュニケーション・サービス,
6580,ライトアップ,858.0,221,19.0,資本財,ex:2026-03-30|pay:2026-06:14.0
6584,三櫻工業,792.0,354,28.0,一般消費財,"ex:2025-09-29|pay:2025-12:14.0, ex:2026-03-30|pay:2026-06:14.0"
6586,マキタ,5396.0,387,209.0,資本財,"ex:2025-09-29|pay:2025-12:20.0, ex:2026-03-30|pay:2026-06:130.0"
6588,東芝テック,2942.0,136,40.0,情報技術,ex:2026-03-30|pay:2026-06:20.0
6590,芝浦メカトロニクス,3785.0,169,64.0,情報技術,ex:2026-03-30|pay:2026-06:60.0
6592,マブチモーター,1724.5,406,70.0,一般消費財,"ex:2025-12-29|pay:2026-03:33.5, ex:2026-06-29|pay:2026-09:35.0"
6594,ニデック,2840.0,141,40.0,資本財,
6596,筑波精工,990.0,0,0.0,情報技術,
6597,ＨＰＣシステムズ,4165.0,86,36.0,情報技術,ex:2026-06-29|pay:2026-09:32.0
6599,エブレン,4420.0,131,58.0,情報技術,ex:2026-03-30|pay:2026-06:48.0
6612,バルミューダ,583.0,0,0.0,一般消費財,
6613,ＱＤレーザ,2244.0,0,0.0,情報技術,
6614,シキノハイテック,870.0,172,15.0,情報技術,ex:2026-03-30|pay:2026-06:15.0
6615,ユー・エム・シー・エレクトロニクス,239.0,418,10.0,情報技術,"ex:2025-09-29|pay:2025-12:5.0, ex:2026-03-30|pay:2026-06:5.0"
6616,トレックス・セミコンダクター,1948.0,287,56.0,情報技術,"ex:2025-09-29|pay:2025-12:28.0, ex:2026-03-30|pay:2026-06:28.0"
6617,東光高岳,6950.0,193,134.0,資本財,"ex:2025-09-29|pay:2025-12:37.0, ex:2026-03-30|pay:2026-06:83.0"
6619,ダブル・スコープ,149.0,0,0.0,資本財,
6620,宮越ホールディングス,673.0,0,0.0,金融,
6622,ダイヘン,12930.0,97,126.0,資本財,"ex:2025-09-29|pay:2025-12:84.0, ex:2026-03-30|pay:2026-06:96.0"
6625,ＪＡＬＣＯホールディングス,361.0,499,18.0,情報技術,ex:2026-03-30|pay:2026-06:18.0
6626,ＳＥＭＩＴＥＣ,2387.0,235,56.0,情報技術,ex:2026-03-30|pay:2026-06:47.0
6627,テラプローブ,11780.0,93,110.0,情報技術,ex:2025-12-29|pay:2026-03:110.0
6629,テクノホライゾン,1050.0,314,33.0,情報技術,ex:2026-03-30|pay:2026-06:30.0
6630,ヤーマン,781.0,115,9.0,生活必需品,"ex:2025-10-30|pay:2026-01:4.25, ex:2025-12-29|pay:2026-03:4.75, ex:2026-06-29|pay:2026-09:4.25"
6632,ＪＶＣケンウッド,1018.0,196,20.0,一般消費財,"ex:2025-09-29|pay:2025-12:6.0, ex:2026-03-30|pay:2026-06:12.0"
6633,ＣＧＳホールディングス,313.0,319,10.0,情報技術,ex:2025-12-29|pay:2026-03:10.0
6634,ネクスグループ,69.0,0,0.0,情報技術,
6635,大日光・エンジニアリング,679.0,236,16.0,情報技術,"ex:2025-12-29|pay:2026-03:8.0, ex:2026-06-29|pay:2026-09:8.0"
6637,寺崎電気産業,4395.0,127,56.0,資本財,"ex:2025-09-29|pay:2025-12:20.0, ex:2026-03-30|pay:2026-06:33.0"
6638,ミマキエンジニアリング,2242.0,245,55.0,情報技術,"ex:2025-09-29|pay:2025-12:25.0, ex:2026-03-30|pay:2026-06:30.0"
6643,戸上電機製作所,5680.0,246,140.0,資本財,"ex:2025-09-29|pay:2025-12:60.0, ex:2026-03-30|pay:2026-06:80.0"
6644,大崎電気工業,1512.0,265,40.0,情報技術,"ex:2025-09-29|pay:2025-12:17.0, ex:2026-03-30|pay:2026-06:32.0"
6645,オムロン,6325.0,164,104.0,情報技術,"ex:2025-09-29|pay:2025-12:52.0, ex:2026-03-30|pay:2026-06:52.0"
6647,森尾電機,3850.0,156,60.0,資本財,ex:2026-03-30|pay:2026-06:65.0
6648,かわでん,1688.0,391,66.0,資本財,"ex:2025-09-29|pay:2025-12:29.0, ex:2026-03-30|pay:2026-06:36.0"
6651,日東工業,4420.0,348,154.0,資本財,"ex:2025-09-29|pay:2025-12:62.0, ex:2026-03-30|pay:2026-06:90.0"
6652,ＩＤＥＣ,3825.0,340,130.0,資本財,"ex:2025-09-29|pay:2025-12:65.0, ex:2026-03-30|pay:2026-06:65.0"
6653,正興電機製作所,2113.0,284,60.0,情報技術,"ex:2025-12-29|pay:2026-03:25.0, ex:2026-06-29|pay:2026-09:30.0"
6654,不二電機工業,1080.0,296,32.0,資本財,"ex:2026-01-29|pay:2026-04:16.0, ex:2026-07-30|pay:2026-10:16.0"
6656,インスペック,788.0,0,0.0,情報技術,
6658,シライ電子工業,449.0,445,20.0,情報技術,ex:2026-03-30|pay:2026-06:35.0
6659,メディアリンクス,46.0,0,0.0,情報技術,
6662,ユビテック,228.0,0,0.0,情報技術,
6663,太洋テクノレックス,304.0,99,3.0,情報技術,ex:2025-12-18|pay:2026-03:6.0
6664,オプトエレクトロニクス,260.0,0,0.0,情報技術,
6666,リバーエレテック,812.0,123,10.0,情報技術,"ex:2025-09-29|pay:2025-12:5.0, ex:2026-03-30|pay:2026-06:5.0"
6668,アドテック　プラズマ　テクノロジー,4280.0,84,36.0,資本財,"ex:2026-02-26|pay:2026-05:12.0, ex:2026-08-28|pay:2026-11:18.0"
6670,ＭＣＪ,2184.0,394,86.0,情報技術,
6674,ジーエス・ユアサ　コーポレーション,5398.0,182,98.0,一般消費財,"ex:2025-09-29|pay:2025-12:30.0, ex:2026-03-30|pay:2026-06:60.0"
6675,サクサ,2200.0,209,46.0,情報技術,"ex:2025-09-29|pay:2025-12:38.3333, ex:2026-03-30|pay:2026-06:63.3333"
6676,ＢＵＦＦＡＬＯ,3535.0,170,60.0,情報技術,"ex:2025-09-29|pay:2025-12:30.0, ex:2026-03-30|pay:2026-06:30.0"
6677,エスケーエレクトロニクス,3280.0,463,152.0,情報技術,ex:2025-09-29|pay:2025-12:130.0
6678,テクノメディカ,2045.0,455,93.0,ヘルスケア,ex:2026-03-30|pay:2026-06:129.0
6694,ズーム,814.0,393,32.0,情報技術,ex:2025-12-29|pay:2026-03:32.0
6695,キャストリコ,150.0,0,0.0,,
6696,トラース・オン・プロダクト,314.0,0,0.0,情報技術,
6699,ダイヤモンドエレクトリックホールディングス,497.0,503,25.0,一般消費財,"ex:2025-09-29|pay:2025-12:12.5, ex:2026-03-30|pay:2026-06:12.5"
6701,日本電気,4815.0,83,40.0,情報技術,"ex:2025-09-29|pay:2025-12:16.0, ex:2026-03-30|pay:2026-06:22.0"
6702,富士通,4028.0,137,55.0,情報技術,"ex:2025-09-29|pay:2025-12:15.0, ex:2026-03-30|pay:2026-06:35.0"
6703,沖電気工業,2775.0,234,65.0,情報技術,ex:2026-03-30|pay:2026-06:65.0
6706,電気興業,3340.0,314,105.0,情報技術,"ex:2025-09-29|pay:2025-12:40.0, ex:2026-03-30|pay:2026-06:60.0"
6707,サンケン電気,6898.0,0,0.0,情報技術,
6718,アイホン,2850.0,456,130.0,情報技術,"ex:2025-09-29|pay:2025-12:50.0, ex:2026-03-30|pay:2026-06:80.0"
6721,ウインテスト,74.0,0,0.0,情報技術,
6723,ルネサスエレクトロニクス,3478.0,81,28.0,情報技術,ex:2025-12-29|pay:2026-03:28.0
6724,セイコーエプソン,3272.0,244,80.0,情報技術,"ex:2025-09-29|pay:2025-12:37.0, ex:2026-03-30|pay:2026-06:37.0"
6727,ワコム,880.0,273,24.0,情報技術,"ex:2025-09-29|pay:2025-12:11.0, ex:2026-03-30|pay:2026-06:15.0"
6728,アルバック,7610.0,200,152.0,資本財,ex:2026-06-29|pay:2026-09:152.0
6730,アクセル,1225.0,335,41.0,情報技術,ex:2026-03-30|pay:2026-06:57.0
6731,ピクセラ,101.0,0,0.0,情報技術,
6734,ニューテック,0.0,0,0.0,情報技術,
6736,サン電子,9820.0,51,50.0,情報技術,ex:2026-03-30|pay:2026-06:50.0
6737,ＥＩＺＯ,3135.0,367,115.0,情報技術,"ex:2025-09-29|pay:2025-12:55.0, ex:2026-03-30|pay:2026-06:55.0"
6740,ジャパンディスプレイ,51.0,0,0.0,情報技術,
6741,日本信号,1854.0,302,56.0,資本財,"ex:2025-09-29|pay:2025-12:13.0, ex:2026-03-30|pay:2026-06:43.0"
6742,京三製作所,1120.0,241,27.0,情報技術,"ex:2025-09-29|pay:2025-12:5.0, ex:2026-03-30|pay:2026-06:20.0"
6743,大同信号,1062.0,339,36.0,資本財,ex:2026-03-30|pay:2026-06:35.0
6744,能美防災,4030.0,288,116.0,資本財,"ex:2025-09-29|pay:2025-12:50.0, ex:2026-03-30|pay:2026-06:66.0"
6745,ホーチキ,1941.0,206,40.0,資本財,"ex:2025-09-29|pay:2025-12:13.3333, ex:2026-03-30|pay:2026-06:26.66"
6748,星和電機,784.0,255,20.0,資本財,ex:2025-12-29|pay:2026-03:20.0
6750,エレコム,2049.0,283,58.0,情報技術,"ex:2025-09-29|pay:2025-12:26.0, ex:2026-03-30|pay:2026-06:31.0"
6752,パナソニック　ホールディングス,4588.0,118,54.0,情報技術,"ex:2025-09-29|pay:2025-12:20.0, ex:2026-03-30|pay:2026-06:20.0"
6753,シャープ,662.3,0,0.0,情報技術,
6754,アンリツ,3400.0,147,50.0,情報技術,"ex:2025-09-29|pay:2025-12:20.0, ex:2026-03-30|pay:2026-06:30.0"
6757,ＯＳＧコーポレーション,906.0,442,40.0,資本財,ex:2026-01-29|pay:2026-04:40.0
6758,ソニーグループ,3710.0,94,35.0,情報技術,"ex:2025-09-29|pay:2025-12:12.5, ex:2026-03-30|pay:2026-06:12.5"
6762,ＴＤＫ,2978.0,134,40.0,情報技術,"ex:2025-09-29|pay:2025-12:16.0, ex:2026-03-30|pay:2026-06:20.0"
6763,帝国通信工業,2821.0,461,130.0,資本財,"ex:2025-09-29|pay:2025-12:50.0, ex:2026-03-30|pay:2026-06:50.0"
6768,タムラ製作所,871.0,184,16.0,情報技術,"ex:2025-09-29|pay:2025-12:5.0, ex:2026-03-30|pay:2026-06:8.0"
6769,ザインエレクトロニクス,1281.0,117,15.0,情報技術,ex:2025-12-29|pay:2026-03:15.0
6770,アルプスアルパイン,2204.0,290,64.0,情報技術,"ex:2025-09-29|pay:2025-12:30.0, ex:2026-03-30|pay:2026-06:32.0"
6771,池上通信機,652.0,230,15.0,情報技術,ex:2026-03-30|pay:2026-06:15.0
6772,東京コスモス電機,1021.0,490,50.0,情報技術,ex:2026-03-30|pay:2026-06:40.0
6775,ＴＢグループ,131.0,0,0.0,情報技術,
6776,天昇電気工業,295.0,169,5.0,一般消費財,ex:2026-03-30|pay:2026-06:5.0
6777,ｓａｎｔｅｃ　Ｈｏｌｄｉｎｇｓ,21870.0,105,230.0,情報技術,"ex:2025-09-29|pay:2025-12:75.0, ex:2026-03-30|pay:2026-06:135.0"
6778,アルチザネットワークス,635.0,787,50.0,情報技術,ex:2026-07-30|pay:2026-10:25.0
6779,日本電波工業,3260.0,92,30.0,情報技術,"ex:2025-09-29|pay:2025-12:15.0, ex:2026-03-30|pay:2026-06:15.0"
6785,鈴木,3235.0,346,112.0,情報技術,"ex:2025-12-29|pay:2026-03:45.0, ex:2026-06-29|pay:2026-09:60.0"
6786,ＲＶＨ,47.0,0,0.0,情報技術,
6787,メイコー,23870.0,67,160.0,情報技術,"ex:2025-09-29|pay:2025-12:45.0, ex:2026-03-30|pay:2026-06:70.0"
6788,日本トリム,5130.0,253,130.0,資本財,ex:2026-03-30|pay:2026-06:130.0
6794,フォスター電機,3285.0,365,120.0,情報技術,"ex:2025-09-29|pay:2025-12:35.0, ex:2026-03-30|pay:2026-06:45.0"
6797,名古屋電機工業,1198.0,376,45.0,資本財,ex:2026-03-30|pay:2026-06:45.0
6798,ＳＭＫ,3370.0,297,100.0,情報技術,"ex:2025-09-29|pay:2025-12:50.0, ex:2026-03-30|pay:2026-06:50.0"
6800,ヨコオ,4465.0,143,64.0,情報技術,"ex:2025-09-29|pay:2025-12:25.0, ex:2026-03-30|pay:2026-06:31.0"
6803,ティアック,99.0,101,1.0,情報技術,ex:2026-03-30|pay:2026-06:1.0
6804,ホシデン,2522.0,301,76.0,資本財,"ex:2025-09-29|pay:2025-12:25.0, ex:2026-03-30|pay:2026-06:73.0"
6806,ヒロセ電機,25030.0,208,520.0,情報技術,"ex:2025-09-29|pay:2025-12:245.0, ex:2026-03-30|pay:2026-06:260.0"
6807,日本航空電子工業,2584.0,193,50.0,情報技術,"ex:2025-09-29|pay:2025-12:30.0, ex:2026-03-30|pay:2026-06:30.0"
6809,ＴＯＡ,1778.0,506,90.0,資本財,"ex:2025-09-29|pay:2025-12:40.0, ex:2026-03-30|pay:2026-06:50.0"
6810,マクセル,2632.0,213,56.0,情報技術,"ex:2025-09-29|pay:2025-12:25.0, ex:2026-03-30|pay:2026-06:25.0"
6814,古野電気,7710.0,208,160.0,情報技術,"ex:2026-02-26|pay:2026-05:85.0, ex:2026-08-28|pay:2026-11:80.0"
6817,スミダコーポレーション,1226.0,432,53.0,情報技術,"ex:2025-12-29|pay:2026-03:27.0, ex:2026-06-29|pay:2026-09:26.0"
6819,伊豆シャボテンリゾート,478.0,418,20.0,一般消費財,ex:2026-03-30|pay:2026-06:20.0
6820,アイコム,3750.0,232,87.0,情報技術,"ex:2025-09-29|pay:2025-12:25.0, ex:2026-03-30|pay:2026-06:50.0"
6822,大井電気,5050.0,158,80.0,情報技術,"ex:2025-09-29|pay:2025-12:20.0, ex:2026-03-30|pay:2026-06:50.0"
6823,リオン,3355.0,268,90.0,ヘルスケア,"ex:2025-09-29|pay:2025-12:35.0, ex:2026-03-30|pay:2026-06:50.0"
6824,新コスモス電機,4015.0,237,95.0,情報技術,ex:2026-03-30|pay:2026-06:95.0
6832,アオイ電子,2472.0,218,54.0,情報技術,"ex:2025-09-29|pay:2025-12:25.0, ex:2026-03-30|pay:2026-06:29.0"
6834,精工技研,6090.0,49,30.0,情報技術,"ex:2025-09-29|pay:2025-12:8.0, ex:2026-03-30|pay:2026-06:12.0"
6835,アライドテレシスホールディングス,270.0,370,10.0,情報技術,"ex:2025-12-29|pay:2026-03:8.0, ex:2026-06-29|pay:2026-09:4.0"
6836,ぷらっとホーム,805.0,0,0.0,情報技術,
6837,京写,398.0,226,9.0,情報技術,ex:2026-03-30|pay:2026-06:5.0
6838,多摩川ホールディングス,1464.0,137,20.0,資本財,ex:2025-10-30|pay:2026-01:5.0
6840,ＡＫＩＢＡホールディングス,905.0,0,0.0,情報技術,
6841,横河電機,4740.0,194,92.0,資本財,"ex:2025-09-29|pay:2025-12:32.0, ex:2026-03-30|pay:2026-06:46.0"
6844,新電元工業,3120.0,321,100.0,情報技術,ex:2026-03-30|pay:2026-06:100.0
6845,アズビル,1479.0,257,38.0,資本財,"ex:2025-09-29|pay:2025-12:13.0, ex:2026-03-30|pay:2026-06:19.0"
6848,東亜ディーケーケー,867.0,254,22.0,情報技術,ex:2026-03-30|pay:2026-06:22.0
6849,日本光電工業,1625.0,203,33.0,ヘルスケア,"ex:2025-09-29|pay:2025-12:16.0, ex:2026-03-30|pay:2026-06:16.0"
6850,チノー,1776.0,282,50.0,情報技術,"ex:2025-09-29|pay:2025-12:12.5, ex:2026-03-30|pay:2026-06:30.0"
6853,共和電業,767.0,274,21.0,情報技術,"ex:2025-12-29|pay:2026-03:11.0, ex:2026-06-29|pay:2026-09:10.5"
6855,日本電子材料,7590.0,132,100.0,情報技術,"ex:2025-09-29|pay:2025-12:30.0, ex:2026-03-30|pay:2026-06:50.0"
6856,堀場製作所,23855.0,151,360.0,情報技術,"ex:2025-12-29|pay:2026-03:370.0, ex:2026-06-29|pay:2026-09:150.0"
6857,アドバンテスト,34000.0,18,60.0,情報技術,"ex:2025-09-29|pay:2025-12:29.0, ex:2026-03-30|pay:2026-06:30.0"
6858,小野測器,853.0,352,30.0,情報技術,"ex:2025-12-29|pay:2026-03:12.0, ex:2026-06-29|pay:2026-09:15.0"
6859,エスペック,4075.0,344,140.0,情報技術,"ex:2025-09-29|pay:2025-12:45.0, ex:2026-03-30|pay:2026-06:70.0"
6861,キーエンス,79600.0,69,550.0,情報技術,"ex:2026-03-18|pay:2026-06:275.0, ex:2026-09-17|pay:2026-12:275.0"
6862,ミナトホールディングス,5690.0,32,18.0,情報技術,ex:2026-03-30|pay:2026-06:18.0
6863,ニレコ,1145.0,349,40.0,情報技術,"ex:2025-09-29|pay:2025-12:11.6667, ex:2026-03-30|pay:2026-06:18.0"
6864,エヌエフホールディングス,1642.0,219,36.0,情報技術,ex:2026-03-30|pay:2026-06:36.0
6866,日置電機,10440.0,230,240.0,情報技術,"ex:2025-12-29|pay:2026-03:100.0, ex:2026-06-29|pay:2026-09:120.0"
6867,リーダー電子,410.0,366,15.0,情報技術,ex:2026-03-30|pay:2026-06:15.0
6869,シスメックス,1901.0,210,40.0,ヘルスケア,"ex:2025-09-29|pay:2025-12:19.0, ex:2026-03-30|pay:2026-06:19.0"
6870,日本フェンオール,2100.0,371,78.0,資本財,"ex:2025-12-29|pay:2026-03:39.0, ex:2026-06-29|pay:2026-09:39.0"
6871,日本マイクロニクス,13830.0,515,712.0,情報技術,ex:2025-12-29|pay:2026-03:95.0
6874,協立電機,2365.0,389,92.0,情報技術,ex:2026-06-29|pay:2026-09:90.0
6875,メガチップス,11150.0,233,260.0,情報技術,ex:2026-03-30|pay:2026-06:250.0
6877,ＯＢＡＲＡ　ＧＲＯＵＰ,5930.0,253,150.0,資本財,"ex:2025-09-29|pay:2025-12:90.0, ex:2026-03-30|pay:2026-06:60.0"
6882,三社電機製作所,1183.0,507,60.0,資本財,"ex:2025-09-29|pay:2025-12:10.0, ex:2026-03-30|pay:2026-06:30.0"
6888,アクモス,500.0,500,25.0,情報技術,ex:2026-06-29|pay:2026-09:25.0
6890,フェローテック,10640.0,141,150.0,情報技術,"ex:2025-09-29|pay:2025-12:74.0, ex:2026-03-30|pay:2026-06:74.0, ex:2026-06-29|pay:2026-09:100.0"
6894,パルステック工業,2169.0,415,90.0,資本財,ex:2026-03-30|pay:2026-06:85.0
6897,ツインバード,629.0,207,13.0,一般消費財,"ex:2026-02-26|pay:2026-05:10.0, ex:2026-08-28|pay:2026-11:3.0"
6898,トミタ電機,4895.0,0,0.0,情報技術,
6899,ＡＳＴＩ,2266.0,353,80.0,情報技術,ex:2026-03-30|pay:2026-06:80.0
6901,澤藤電機,1296.0,247,32.0,一般消費財,ex:2025-09-29|pay:2025-12:16.0
6902,デンソー,1924.0,385,74.0,一般消費財,"ex:2025-09-29|pay:2025-12:32.0, ex:2026-03-30|pay:2026-06:35.0"
6904,原田工業,885.0,113,10.0,情報技術,ex:2026-03-30|pay:2026-06:7.5
6905,コーセル,1474.0,407,60.0,資本財,"ex:2025-11-19|pay:2026-02:27.0, ex:2026-05-19|pay:2026-08:28.0"
6907,ジオマテック,789.0,0,0.0,情報技術,
6908,イリソ電子工業,2881.0,347,100.0,情報技術,
6912,菊水ホールディングス,2718.0,217,59.0,資本財,ex:2026-03-30|pay:2026-06:69.0
6914,オプテックスグループ,3315.0,229,76.0,情報技術,"ex:2025-12-29|pay:2026-03:31.0, ex:2026-06-29|pay:2026-09:38.0"
6915,千代田インテグレ,3585.0,446,160.0,情報技術,ex:2025-12-29|pay:2026-03:160.0
6918,アバールデータ,4060.0,261,106.0,情報技術,"ex:2025-09-29|pay:2025-12:45.0, ex:2026-03-30|pay:2026-06:55.0"
6919,ケル,1442.0,555,80.0,情報技術,"ex:2025-09-29|pay:2025-12:40.0, ex:2026-03-30|pay:2026-06:40.0"
6920,レーザーテック,40910.0,103,422.0,情報技術,"ex:2025-12-29|pay:2026-03:132.0, ex:2026-06-29|pay:2026-09:197.0"
6923,スタンレー電気,3584.0,312,112.0,一般消費財,"ex:2025-09-29|pay:2025-12:49.0, ex:2026-03-30|pay:2026-06:55.0"
6925,ウシオ電機,4012.0,174,70.0,資本財,ex:2026-03-30|pay:2026-06:70.0
6926,岡谷電機産業,192.0,0,0.0,情報技術,
6927,ヘリオス　テクノ　ホールディング,1004.0,588,59.0,情報技術,ex:2026-03-30|pay:2026-06:91.0
6928,エノモト,3210.0,249,80.0,情報技術,"ex:2025-09-29|pay:2025-12:35.0, ex:2026-03-30|pay:2026-06:40.0"
6929,日本セラミック,3680.0,448,165.0,情報技術,ex:2025-12-29|pay:2026-03:165.0
6932,遠藤照明,2583.0,372,96.0,一般消費財,"ex:2025-09-29|pay:2025-12:40.0, ex:2026-03-30|pay:2026-06:48.0"
6941,山一電機,8560.0,196,168.0,情報技術,"ex:2025-09-29|pay:2025-12:35.0, ex:2026-03-30|pay:2026-06:113.0"
6942,ソフィアホールディングス,1450.0,0,0.0,情報技術,
6943,ＮＫＫスイッチズ,6100.0,164,100.0,資本財,"ex:2025-09-29|pay:2025-12:40.0, ex:2026-03-30|pay:2026-06:80.0"
6946,日本アビオニクス,7310.0,21,15.0,資本財,ex:2026-03-30|pay:2026-06:10.0
6947,図研,5130.0,292,150.0,情報技術,"ex:2025-09-29|pay:2025-12:50.0, ex:2026-03-30|pay:2026-06:150.0"
6951,日本電子,7689.0,172,132.0,情報技術,"ex:2025-09-29|pay:2025-12:53.0, ex:2026-03-30|pay:2026-06:79.0"
6952,カシオ計算機,2201.5,204,45.0,情報技術,"ex:2025-09-29|pay:2025-12:22.5, ex:2026-03-30|pay:2026-06:22.5"
6954,ファナック,5985.0,179,107.09,資本財,"ex:2025-09-29|pay:2025-12:51.33, ex:2026-03-30|pay:2026-06:55.76"
6955,ＦＤＫ,408.0,0,0.0,資本財,
6958,日本シイエムケイ,795.0,352,28.0,情報技術,ex:2026-03-30|pay:2026-06:20.0
6960,フクダ電子,12080.0,132,160.0,ヘルスケア,"ex:2025-09-29|pay:2025-12:90.0, ex:2026-03-30|pay:2026-06:140.0"
6961,エンプラス,9900.0,91,90.0,情報技術,"ex:2025-09-29|pay:2025-12:45.0, ex:2026-03-30|pay:2026-06:45.0"
6962,大真空,842.0,333,28.0,情報技術,"ex:2025-09-29|pay:2025-12:14.0, ex:2026-03-30|pay:2026-06:14.0"
6963,ローム,4792.0,104,50.0,情報技術,"ex:2025-09-29|pay:2025-12:25.0, ex:2026-03-30|pay:2026-06:25.0"
6964,サンコー,690.0,290,20.0,情報技術,ex:2026-03-30|pay:2026-06:20.0
6965,浜松ホトニクス,2342.5,162,38.0,情報技術,"ex:2025-09-29|pay:2025-12:19.0, ex:2026-03-30|pay:2026-06:19.0"
6966,三井ハイテック,881.0,216,19.0,情報技術,"ex:2026-01-29|pay:2026-04:12.0, ex:2026-07-30|pay:2026-10:6.0"
6969,松尾電機,1010.0,149,15.0,情報技術,
6971,京セラ,3764.0,149,56.0,資本財,"ex:2025-09-29|pay:2025-12:25.0, ex:2026-03-30|pay:2026-06:27.0"
6976,太陽誘電,9160.0,98,90.0,情報技術,"ex:2025-09-29|pay:2025-12:45.0, ex:2026-03-30|pay:2026-06:45.0"
6977,日本抵抗器製作所,1893.0,132,25.0,情報技術,"ex:2025-12-29|pay:2026-03:10.0, ex:2026-06-29|pay:2026-09:15.0"
6981,村田製作所,8022.0,87,70.0,情報技術,"ex:2025-09-29|pay:2025-12:30.0, ex:2026-03-30|pay:2026-06:35.0"
6982,リード,578.0,208,12.0,一般消費財,ex:2026-03-30|pay:2026-06:10.0
6986,双葉電子工業,817.0,220,18.0,情報技術,ex:2026-03-30|pay:2026-06:18.0
6988,日東電工,3548.0,180,64.0,素材,"ex:2025-09-29|pay:2025-12:30.0, ex:2026-03-30|pay:2026-06:30.0"
6989,北陸電気工業,2440.0,389,95.0,情報技術,ex:2026-03-30|pay:2026-06:95.0
6993,大黒屋ホールディングス,90.0,0,0.0,金融,
6994,指月電機製作所,1220.0,230,28.0,資本財,"ex:2025-09-29|pay:2025-12:10.0, ex:2026-03-30|pay:2026-06:14.0"
6995,東海理化電機製作所,3180.0,377,120.0,一般消費財,"ex:2025-09-29|pay:2025-12:55.0, ex:2026-03-30|pay:2026-06:60.0"
6996,ニチコン,2611.0,153,40.0,情報技術,"ex:2025-09-29|pay:2025-12:18.0, ex:2026-03-30|pay:2026-06:19.0"
6997,日本ケミコン,2600.0,96,25.0,情報技術,ex:2026-03-30|pay:2026-06:20.0
6998,日本タングステン,4260.0,141,60.0,資本財,"ex:2025-09-29|pay:2025-12:25.0, ex:2026-03-30|pay:2026-06:25.0"
6999,ＫＯＡ,2283.0,276,63.0,情報技術,"ex:2025-09-29|pay:2025-12:15.0, ex:2026-03-30|pay:2026-06:17.0"
7003,三井Ｅ＆Ｓ,4314.0,139,60.0,資本財,"ex:2025-09-29|pay:2025-12:15.0, ex:2026-03-30|pay:2026-06:42.0"
7004,カナデビア,1173.0,324,38.0,資本財,ex:2026-03-30|pay:2026-06:25.0
7011,三菱重工業,3897.0,77,30.0,資本財,"ex:2025-09-29|pay:2025-12:12.0, ex:2026-03-30|pay:2026-06:13.0"
7012,川崎重工業,2408.0,166,40.0,資本財,"ex:2025-09-29|pay:2025-12:15.0, ex:2026-03-30|pay:2026-06:19.2"
7013,ＩＨＩ,2797.0,82,23.0,資本財,"ex:2025-09-29|pay:2025-12:10.0, ex:2026-03-30|pay:2026-06:10.0"
7014,名村造船所,4880.0,123,60.0,資本財,"ex:2025-09-29|pay:2025-12:20.0, ex:2026-03-30|pay:2026-06:30.0"
7018,内海造船,13200.0,30,40.0,資本財,ex:2026-03-30|pay:2026-06:100.0
7021,ニッチツ,2489.0,121,30.0,資本財,"ex:2025-09-29|pay:2025-12:17.0, ex:2026-03-30|pay:2026-06:18.0"
7022,サノヤスホールディングス,359.0,209,7.5,資本財,ex:2026-03-30|pay:2026-06:7.5
7030,スプリックス,973.0,391,38.0,生活必需品,"ex:2025-09-29|pay:2025-12:19.0, ex:2026-03-30|pay:2026-06:19.0"
7031,インバウンドテック,669.0,0,0.0,資本財,
7033,マネジメントソリューションズ,1591.0,314,50.0,資本財,ex:2025-12-29|pay:2026-03:32.0
7034,プロレド・パートナーズ,316.0,0,0.0,資本財,
7035,ａｎｄ　ｆａｃｔｏｒｙ,218.0,0,0.0,情報技術,
7036,イーエムネットジャパン,668.0,509,34.0,コミュニケーション・サービス,
7037,テノ．ホールディングス,796.0,251,20.0,ヘルスケア,ex:2025-12-29|pay:2026-03:10.0
7038,フロンティア・マネジメント,583.0,0,0.0,資本財,
7039,ブリッジインターナショナルグループ,1346.0,632,85.0,資本財,"ex:2025-12-29|pay:2026-03:42.5, ex:2026-06-29|pay:2026-09:42.5"
7040,サン・ライフホールディング,969.0,351,34.0,一般消費財,"ex:2025-09-29|pay:2025-12:16.0, ex:2026-03-30|pay:2026-06:18.0"
7041,ＣＲＧホールディングス,345.0,522,18.0,資本財,ex:2025-09-29|pay:2025-12:9.0
7042,アクセスグループ・ホールディングス,669.0,329,22.0,一般消費財,ex:2026-03-30|pay:2026-06:17.0
7043,アルー,943.0,117,11.0,資本財,ex:2025-12-29|pay:2026-03:7.0
7044,ピアラ,519.0,0,0.0,コミュニケーション・サービス,
7046,ＴＤＳＥ,1300.0,77,10.0,情報技術,ex:2026-03-30|pay:2026-06:10.0
7047,ポート,2160.0,60,13.0,コミュニケーション・サービス,ex:2026-03-30|pay:2026-06:12.0
7048,ベルトラ,145.0,0,0.0,一般消費財,
7049,識学,779.0,0,0.0,資本財,
7050,フロンティアインターナショナル,1529.0,477,73.0,コミュニケーション・サービス,ex:2026-04-28|pay:2026-07:65.0
7056,マルク,1400.0,0,0.0,,
7057,エヌ・シー・エヌ,933.0,354,33.0,資本財,ex:2026-03-30|pay:2026-06:31.0
7058,共栄セキュリティーサービス,3045.0,394,120.0,資本財,ex:2026-07-30|pay:2026-10:120.0
7059,コプロ・ホールディングス,971.0,463,45.0,資本財,"ex:2025-09-29|pay:2025-12:15.0, ex:2026-03-30|pay:2026-06:25.0"
7060,ギークス,611.0,556,34.0,情報技術,"ex:2025-09-29|pay:2025-12:10.0, ex:2026-03-30|pay:2026-06:20.0"
7061,日本ホスピスホールディングス,483.0,518,25.0,ヘルスケア,ex:2025-12-29|pay:2026-03:25.0
7062,フレアス,693.0,153,10.57,一般消費財,ex:2026-03-30|pay:2026-06:10.57
7063,Ｂｉｒｄｍａｎ,65.0,0,0.0,コミュニケーション・サービス,
7064,ハウテレビジョン,1022.0,0,0.0,資本財,
7065,ユーピーアール,943.0,392,37.0,資本財,ex:2026-08-28|pay:2026-11:37.0
7066,ピアズ,456.0,746,34.0,資本財,ex:2025-09-29|pay:2025-12:16.0
7067,ブランディングテクノロジー,1050.0,95,10.0,コミュニケーション・サービス,ex:2026-03-30|pay:2026-06:10.0
7068,フィードフォースグループ,615.0,325,20.0,コミュニケーション・サービス,"ex:2025-11-27|pay:2026-02:5.0, ex:2026-05-28|pay:2026-08:10.0"
7069,サイバー・バズ,503.0,0,0.0,コミュニケーション・サービス,
7071,アンビスホールディングス,396.0,101,4.0,ヘルスケア,ex:2025-09-29|pay:2025-12:4.0
7072,インティメート・マージャー,1080.0,0,0.0,情報技術,
7073,ジェイック,2386.0,231,55.0,生活必需品,ex:2026-01-29|pay:2026-04:55.0
7074,トゥエンティーフォーセブンホールディングス,188.0,0,0.0,一般消費財,
7075,ＱＬＳホールディングス,995.0,111,11.0,資本財,ex:2026-03-30|pay:2026-06:10.0
7077,ＡＬｉＮＫインターネット,988.0,0,0.0,コミュニケーション・サービス,
7078,ＩＮＣＬＵＳＩＶＥ　Ｈｏｌｄｉｎｇｓ,349.0,0,0.0,コミュニケーション・サービス,
7079,ＷＤＢココ,2600.0,385,100.0,ヘルスケア,ex:2026-03-30|pay:2026-06:95.0
7080,スポーツフィールド,902.0,255,23.0,資本財,ex:2025-12-29|pay:2026-03:21.0
7081,コーユーレンティア,1285.0,288,37.0,資本財,"ex:2025-12-29|pay:2026-03:26.0, ex:2026-06-29|pay:2026-09:10.0"
7082,ジモティー,1406.0,0,0.0,コミュニケーション・サービス,
7083,ＡＨＣグループ,1169.0,103,12.0,ヘルスケア,ex:2025-11-27|pay:2026-02:12.0
7084,Ｓｍｉｌｅ　Ｈｏｌｄｉｎｇｓ,2814.0,373,105.0,一般消費財,"ex:2025-09-29|pay:2025-12:47.5, ex:2026-03-30|pay:2026-06:47.5"
7085,カーブスホールディングス,898.0,223,20.0,一般消費財,"ex:2026-02-26|pay:2026-05:10.0, ex:2026-08-28|pay:2026-11:20.0"
7087,ウイルテック,1404.0,306,43.0,情報技術,"ex:2025-09-29|pay:2025-12:20.0, ex:2026-03-30|pay:2026-06:23.0"
7088,フォーラムエンジニアリング,1699.0,312,53.0,資本財,
7089,フォースタートアップス,1425.0,0,0.0,資本財,
7090,リグア,968.0,0,0.0,ヘルスケア,
7091,リビングプラットフォーム,1325.0,38,5.0,ヘルスケア,ex:2026-03-30|pay:2026-06:5.0
7092,Ｆａｓｔ　Ｆｉｔｎｅｓｓ　Ｊａｐａｎ,2303.0,195,45.0,一般消費財,ex:2025-09-29|pay:2025-12:20.0
7093,アディッシュ,597.0,0,0.0,情報技術,
7094,ＮｅｘＴｏｎｅ,1841.0,120,22.0,資本財,ex:2026-03-30|pay:2026-06:20.0
7095,Ｍａｃｂｅｅ　Ｐｌａｎｅｔ,1145.0,480,55.0,コミュニケーション・サービス,ex:2026-04-28|pay:2026-07:55.0
7096,ステムセル研究所,739.0,0,0.0,ヘルスケア,
7097,さくらさくプラス,2778.0,115,32.0,ヘルスケア,"ex:2026-01-29|pay:2026-04:14.0, ex:2026-07-30|pay:2026-10:14.0"
7098,エージェント,650.0,0,0.0,,
7102,日本車輌製造,3695.0,135,50.0,資本財,"ex:2025-09-29|pay:2025-12:20.0, ex:2026-03-30|pay:2026-06:25.0"
7105,三菱ロジスネクスト,1529.0,157,24.0,資本財,
7110,クラシコム,1910.0,251,48.0,一般消費財,ex:2026-07-30|pay:2026-10:55.0
7111,ＩＮＥＳＴ,547.0,0,0.0,資本財,
7112,キューブ,571.0,0,0.0,一般消費財,
7114,フーディソン,834.0,0,0.0,生活必需品,
7115,アルファパーチェス,1470.0,252,37.0,資本財,ex:2025-12-29|pay:2026-03:37.0
7116,ダイワ通信,0.0,0,0.0,資本財,
7119,ハルメクホールディングス,2074.0,193,40.0,資本財,"ex:2025-09-29|pay:2025-12:15.0, ex:2026-03-30|pay:2026-06:19.0"
7120,ＳＨＩＮＫＯ,1001.0,440,44.0,情報技術,ex:2026-03-30|pay:2026-06:43.0
7122,近畿車輛,2444.0,205,50.0,資本財,ex:2026-03-30|pay:2026-06:50.0
7126,グローバルスタイル,1459.0,391,57.0,一般消費財,ex:2026-07-30|pay:2026-10:57.0
7127,一家ホールディングス,712.0,0,0.0,一般消費財,
7128,ユニソルホールディングス,2884.0,350,101.0,資本財,"ex:2025-12-29|pay:2026-03:71.0, ex:2026-06-29|pay:2026-09:30.0"
7129,ミアヘルサホールディングス,1160.0,259,30.0,ヘルスケア,"ex:2025-09-29|pay:2025-12:13.0, ex:2026-03-30|pay:2026-06:17.0"
7130,ヤマエグループホールディングス,2804.0,285,80.0,資本財,ex:2026-03-30|pay:2026-06:80.0
7131,のむら産業,3775.0,646,244.0,一般消費財,ex:2025-10-30|pay:2026-01:89.0
7132,フローバル,4000.0,0,0.0,,
7133,ＨＹＵＧＡ　ＰＲＩＭＡＲＹ　ＣＡＲＥ,1341.0,149,20.0,ヘルスケア,ex:2026-03-30|pay:2026-06:20.0
7134,アップガレージグループ,1432.0,297,42.5,一般消費財,ex:2026-03-30|pay:2026-06:36.5
7135,ジャパンクラフトホールディングス,171.0,175,3.0,一般消費財,ex:2026-06-29|pay:2026-09:3.0
7136,ウェルビングループ,3000.0,0,0.0,,
7137,グラントマト,1200.0,333,40.0,一般消費財,ex:2026-08-28|pay:2026-11:40.0
7138,ＴＯＲＩＣＯ,162.0,0,0.0,コミュニケーション・サービス,
7139,東京高圧山崎,4700.0,213,100.0,素材,ex:2026-05-28|pay:2026-08:100.0
7140,ペットゴー,800.0,0,0.0,ヘルスケア,
7148,ＦＰＧ,1710.0,542,92.7,金融,"ex:2025-09-29|pay:2025-12:65.2, ex:2026-03-30|pay:2026-06:46.35"
7150,島根銀行,519.0,193,10.0,金融,"ex:2025-09-29|pay:2025-12:5.0, ex:2026-03-30|pay:2026-06:5.0"
7157,ライフネット生命保険,1415.0,0,0.0,金融,
7161,じもとホールディングス,663.0,75,5.0,金融,ex:2026-03-30|pay:2026-06:5.0
7162,アストマックス,291.0,241,7.0,金融,ex:2026-03-30|pay:2026-06:8.0
7164,全国保証,3148.0,391,123.0,金融,"ex:2025-09-29|pay:2025-12:45.0, ex:2026-03-30|pay:2026-06:75.0"
7167,めぶきフィナンシャルグループ,1729.5,254,44.0,金融,"ex:2025-09-29|pay:2025-12:12.0, ex:2026-03-30|pay:2026-06:16.0"
7170,中央インターナショナルグループ,330.0,0,0.0,金融,
7172,ジャパンインベストメントアドバイザー,2161.0,500,108.0,資本財,"ex:2025-12-29|pay:2026-03:44.0, ex:2026-06-29|pay:2026-09:54.0"
7173,東京きらぼしフィナンシャルグループ,1787.0,168,30.0,金融,"ex:2025-09-29|pay:2025-12:10.625, ex:2026-03-30|pay:2026-06:10.625"
7175,今村証券,2149.0,344,74.0,金融,"ex:2025-09-29|pay:2025-12:20.0, ex:2026-03-30|pay:2026-06:53.0"
7176,シンプレクス・ファイナンシャル・ホールディングス,757.0,0,0.0,金融,
7177,ＧＭＯフィナンシャルホールディングス,1184.0,488,57.8,金融,"ex:2025-09-29|pay:2025-12:14.87, ex:2025-12-29|pay:2026-03:8.48, ex:2026-03-30|pay:2026-06:13.69, ex:2026-06-29|pay:2026-09:14.45"
7180,九州フィナンシャルグループ,1745.0,218,38.0,金融,"ex:2025-09-29|pay:2025-12:13.0, ex:2026-03-30|pay:2026-06:16.0"
7181,かんぽ生命保険,1828.0,274,50.0,金融,"ex:2025-09-29|pay:2025-12:20.6667, ex:2026-03-30|pay:2026-06:20.6667"
7182,ゆうちょ銀行,3349.0,278,93.0,金融,ex:2026-03-30|pay:2026-06:74.0
7183,あんしん保証,254.0,118,3.0,金融,
7184,富山第一銀行,3665.0,205,75.0,金融,"ex:2025-09-29|pay:2025-12:28.0, ex:2026-03-30|pay:2026-06:56.0"
7185,ヒロセ通商,3890.0,100,39.0,金融,ex:2026-03-30|pay:2026-06:39.0
7186,横浜フィナンシャルグループ,1930.5,249,48.0,金融,"ex:2025-09-29|pay:2025-12:17.0, ex:2026-03-30|pay:2026-06:21.0"
7187,ジェイリース,1343.0,447,60.0,不動産,"ex:2025-09-29|pay:2025-12:25.0, ex:2026-03-30|pay:2026-06:30.0"
7189,西日本フィナンシャルホールディングス,5146.0,272,140.0,金融,"ex:2025-09-29|pay:2025-12:45.0, ex:2026-03-30|pay:2026-06:73.0"
7191,イントラスト,1213.0,412,50.0,金融,"ex:2025-09-29|pay:2025-12:17.5, ex:2026-03-30|pay:2026-06:20.5"
7192,日本モーゲージサービス,722.0,416,30.0,金融,ex:2026-03-30|pay:2026-06:30.0
7196,Ｃａｓａ,751.0,266,20.0,金融,ex:2026-01-29|pay:2026-04:15.0
7198,ＳＢＩアルヒ,842.0,475,40.0,金融,"ex:2025-09-29|pay:2025-12:20.0, ex:2026-03-30|pay:2026-06:20.0"
7199,プレミアグループ,2115.0,303,64.0,金融,"ex:2025-09-29|pay:2025-12:27.0, ex:2026-03-30|pay:2026-06:27.0"
7201,日産自動車,301.2,0,0.0,一般消費財,
7202,いすゞ自動車,2192.0,429,94.0,一般消費財,"ex:2025-09-29|pay:2025-12:46.0, ex:2026-03-30|pay:2026-06:46.0"
7203,トヨタ自動車,2989.5,335,100.0,一般消費財,"ex:2025-09-29|pay:2025-12:45.0, ex:2026-03-30|pay:2026-06:50.0"
7205,日野自動車,387.0,0,0.0,資本財,
7208,カネミツ,1296.0,324,42.0,一般消費財,"ex:2025-09-29|pay:2025-12:15.5, ex:2026-03-30|pay:2026-06:21.0"
7211,三菱自動車工業,367.8,272,10.0,一般消費財,"ex:2025-09-29|pay:2025-12:5.0, ex:2026-03-30|pay:2026-06:5.0"
7212,エフテック,737.0,271,20.0,一般消費財,"ex:2025-09-29|pay:2025-12:10.0, ex:2026-03-30|pay:2026-06:14.0"
7213,レシップホールディングス,668.0,389,26.0,情報技術,ex:2026-03-30|pay:2026-06:24.0
7214,ＧＭＢ,1152.0,469,54.0,一般消費財,"ex:2025-09-29|pay:2025-12:20.0, ex:2026-03-30|pay:2026-06:20.0"
7215,ファルテック,422.0,0,0.0,一般消費財,
7217,テイン,442.0,407,18.0,一般消費財,ex:2026-03-30|pay:2026-06:16.0
7218,田中精密工業,1160.0,293,34.0,一般消費財,"ex:2025-09-29|pay:2025-12:16.0, ex:2026-03-30|pay:2026-06:16.0"
7219,エッチ・ケー・エス,2454.0,265,65.0,一般消費財,ex:2026-08-28|pay:2026-11:65.0
7220,武蔵精密工業,2973.0,135,40.0,一般消費財,"ex:2025-09-29|pay:2025-12:25.0, ex:2026-03-30|pay:2026-06:15.0"
7222,日産車体,935.0,193,18.0,一般消費財,"ex:2025-09-29|pay:2025-12:6.5, ex:2026-03-30|pay:2026-06:9.0"
7224,新明和工業,1974.0,294,58.0,資本財,"ex:2025-09-29|pay:2025-12:27.0, ex:2026-03-30|pay:2026-06:29.0"
7226,極東開発工業,2320.0,517,120.0,資本財,"ex:2025-09-29|pay:2025-12:70.0, ex:2026-03-30|pay:2026-06:70.0"
7228,デイトナ,4020.0,373,150.0,一般消費財,ex:2025-12-29|pay:2026-03:135.0
7229,ユタカ技研,3005.0,240,72.0,一般消費財,
7231,トピー工業,3160.0,427,135.0,一般消費財,"ex:2025-09-29|pay:2025-12:40.0, ex:2026-03-30|pay:2026-06:90.0"
7235,東京ラヂエーター製造,1575.0,495,78.0,一般消費財,"ex:2025-09-29|pay:2025-12:29.0, ex:2026-03-30|pay:2026-06:36.0"
7236,ティラド,1544.0,531,82.0,一般消費財,"ex:2025-09-29|pay:2025-12:16.0, ex:2026-03-30|pay:2026-06:40.0"
7238,曙ブレーキ工業,106.0,0,0.0,一般消費財,
7239,タチエス,2398.0,480,115.0,一般消費財,"ex:2025-09-29|pay:2025-12:51.9, ex:2026-03-30|pay:2026-06:53.1"
7240,ＮＯＫ,3056.0,458,140.0,一般消費財,"ex:2025-09-29|pay:2025-12:65.0, ex:2026-03-30|pay:2026-06:65.0"
7241,フタバ産業,1119.0,411,46.0,一般消費財,"ex:2025-09-29|pay:2025-12:20.0, ex:2026-03-30|pay:2026-06:23.0"
7242,カヤバ,4715.0,229,108.0,一般消費財,"ex:2025-09-29|pay:2025-12:75.0, ex:2026-03-30|pay:2026-06:81.0"
7244,市光工業,569.0,316,18.0,一般消費財,"ex:2025-12-29|pay:2026-03:7.0, ex:2026-06-29|pay:2026-09:9.0"
7245,大同メタル工業,1163.0,310,36.0,一般消費財,"ex:2025-09-29|pay:2025-12:12.0, ex:2026-03-30|pay:2026-06:19.0"
7246,プレス工業,1015.0,493,50.0,一般消費財,"ex:2025-09-29|pay:2025-12:16.0, ex:2026-03-30|pay:2026-06:21.0"
7247,ミクニ,370.0,405,15.0,一般消費財,"ex:2025-09-29|pay:2025-12:6.0, ex:2026-03-30|pay:2026-06:8.0"
7250,太平洋工業,3015.0,212,64.0,一般消費財,
7254,ユニバンス,840.0,238,20.0,一般消費財,"ex:2025-09-29|pay:2025-12:8.0, ex:2026-03-30|pay:2026-06:10.0"
7255,桜井製作所,513.0,136,7.0,一般消費財,ex:2026-03-30|pay:2026-06:15.0
7256,河西工業,565.0,0,0.0,一般消費財,
7259,アイシン,2237.0,335,75.0,一般消費財,"ex:2025-09-29|pay:2025-12:30.0, ex:2026-03-30|pay:2026-06:40.0"
7261,マツダ,1150.0,478,55.0,一般消費財,"ex:2025-09-29|pay:2025-12:25.0, ex:2026-03-30|pay:2026-06:30.0"
7264,ムロコーポレーション,1359.0,353,48.0,一般消費財,"ex:2025-09-29|pay:2025-12:23.0, ex:2026-03-30|pay:2026-06:23.0"
7265,エイケン工業,3500.0,314,110.0,資本財,ex:2025-10-30|pay:2026-01:110.0
7266,今仙電機製作所,992.0,323,32.0,一般消費財,"ex:2025-09-29|pay:2025-12:12.0, ex:2026-03-30|pay:2026-06:15.0"
7267,本田技研工業,1735.5,403,70.0,一般消費財,"ex:2025-09-29|pay:2025-12:35.0, ex:2026-03-30|pay:2026-06:35.0"
7269,スズキ,1989.5,261,52.0,一般消費財,"ex:2025-09-29|pay:2025-12:22.0, ex:2026-03-30|pay:2026-06:24.0"
7270,ＳＵＢＡＲＵ,2660.0,436,116.0,一般消費財,"ex:2025-09-29|pay:2025-12:57.0, ex:2026-03-30|pay:2026-06:58.5"
7271,安永,800.0,675,54.0,一般消費財,"ex:2025-09-29|pay:2025-12:7.0, ex:2026-03-30|pay:2026-06:16.0"
7272,ヤマハ発動機,1816.0,275,50.0,一般消費財,"ex:2025-12-29|pay:2026-03:10.0, ex:2026-06-29|pay:2026-09:25.0"
7273,イクヨ,631.0,48,3.0,一般消費財,"ex:2025-09-29|pay:2025-12:30.0, ex:2026-03-30|pay:2026-06:3.0"
7276,小糸製作所,2690.5,223,60.0,一般消費財,"ex:2025-09-29|pay:2025-12:28.0, ex:2026-03-30|pay:2026-06:28.0"
7277,ＴＢＫ,338.0,237,8.0,一般消費財,"ex:2025-09-29|pay:2025-12:4.0, ex:2026-03-30|pay:2026-06:4.0"
7278,エクセディ,5980.0,585,350.0,一般消費財,"ex:2025-09-29|pay:2025-12:150.0, ex:2026-03-30|pay:2026-06:150.0"
7279,ハイレックスコーポレーション,2479.0,214,53.0,資本財,"ex:2025-10-30|pay:2026-01:23.0, ex:2026-04-28|pay:2026-07:53.5"
7280,ミツバ,1382.0,217,30.0,一般消費財,ex:2026-03-30|pay:2026-06:25.0
7282,豊田合成,5310.0,194,103.0,一般消費財,"ex:2025-09-29|pay:2025-12:50.0, ex:2026-03-30|pay:2026-06:88.0"
7283,愛三工業,2224.0,378,84.0,一般消費財,"ex:2025-09-29|pay:2025-12:37.0, ex:2026-03-30|pay:2026-06:43.0"
7284,盟和産業,1192.0,419,50.0,一般消費財,"ex:2025-09-29|pay:2025-12:25.0, ex:2026-03-30|pay:2026-06:25.0"
7287,日本精機,2804.0,321,90.0,一般消費財,"ex:2025-09-29|pay:2025-12:40.0, ex:2026-03-30|pay:2026-06:40.0"
7291,日本プラスト,472.0,530,25.0,一般消費財,"ex:2025-09-29|pay:2025-12:10.0, ex:2026-03-30|pay:2026-06:20.0"
7292,村上開明堂,6830.0,351,240.0,一般消費財,"ex:2025-09-29|pay:2025-12:105.0, ex:2026-03-30|pay:2026-06:135.0"
7294,ヨロズ,902.0,366,33.0,一般消費財,"ex:2025-09-29|pay:2025-12:15.0, ex:2026-03-30|pay:2026-06:18.0"
7296,エフ・シー・シー,4250.0,424,180.0,一般消費財,"ex:2025-09-29|pay:2025-12:67.0, ex:2026-03-30|pay:2026-06:127.0"
7297,カーメイト,879.0,341,30.0,一般消費財,"ex:2025-09-29|pay:2025-12:15.0, ex:2026-03-30|pay:2026-06:15.0"
7299,フジオーゼックス,1849.0,292,54.0,一般消費財,"ex:2025-09-29|pay:2025-12:22.0, ex:2026-03-30|pay:2026-06:32.0"
7305,新家工業,2773.0,721,200.0,素材,"ex:2025-09-29|pay:2025-12:50.0, ex:2026-03-30|pay:2026-06:110.0"
7309,シマノ,18025.0,201,363.0,一般消費財,"ex:2025-12-29|pay:2026-03:169.5, ex:2026-06-29|pay:2026-09:181.5"
7313,テイ・エス　テック,1842.0,499,92.0,一般消費財,"ex:2025-09-29|pay:2025-12:44.0, ex:2026-03-30|pay:2026-06:46.0"
7314,小田原機器,1307.0,306,40.0,資本財,ex:2025-12-29|pay:2026-03:40.0
7317,松屋アールアンドディ,1103.0,91,10.0,資本財,
7318,セレンディップ・ホールディングス,1370.0,0,0.0,資本財,
7320,Ｓｏｌｖｖｙ,1456.0,206,30.0,情報技術,"ex:2025-12-29|pay:2026-03:10.0, ex:2026-06-29|pay:2026-09:10.0"
7322,三十三フィナンシャルグループ,2238.0,250,56.0,金融,"ex:2025-09-29|pay:2025-12:16.0, ex:2026-03-30|pay:2026-06:20.0"
7325,アイリックコーポレーション,709.0,451,32.0,金融,"ex:2025-12-29|pay:2026-03:16.0, ex:2026-06-29|pay:2026-09:16.0"
7326,ＳＢＩインシュアランスグループ,2300.0,257,59.0,金融,ex:2026-03-30|pay:2026-06:46.5
7327,第四北越フィナンシャルグループ,2855.0,280,80.0,金融,"ex:2025-09-29|pay:2025-12:27.0, ex:2026-03-30|pay:2026-06:36.0"
7337,ひろぎんホールディングス,2470.0,283,70.0,金融,"ex:2025-09-29|pay:2025-12:27.0, ex:2026-03-30|pay:2026-06:31.0"
7343,ブロードマインド,1322.0,530,70.0,金融,ex:2026-03-30|pay:2026-06:69.0
7345,アイ・パートナーズフィナンシャル,932.0,43,4.0,金融,ex:2026-03-30|pay:2026-06:4.0
7347,マーキュリアホールディングス,799.0,275,22.0,金融,ex:2025-12-29|pay:2026-03:22.0
7350,おきなわフィナンシャルグループ,8280.0,242,200.0,金融,"ex:2025-09-29|pay:2025-12:70.0, ex:2026-03-30|pay:2026-06:100.0"
7351,グッドパッチ,484.0,207,10.0,情報技術,ex:2026-08-28|pay:2026-11:10.0
7352,ＴＷＯＳＴＯＮＥ＆Ｓｏｎｓ,326.0,31,1.0,資本財,ex:2026-08-28|pay:2026-11:1.0
7353,ＫＩＹＯラーニング,510.0,0,0.0,生活必需品,
7354,ダイレクトマーケティングミックス,366.0,260,9.5,コミュニケーション・サービス,ex:2025-12-29|pay:2026-03:7.0
7355,一寸房,1244.0,0,0.0,,
7356,Ｒｅｔｔｙ,117.0,0,0.0,コミュニケーション・サービス,
7357,ジオコード,1750.0,143,25.0,コミュニケーション・サービス,"ex:2026-02-26|pay:2026-05:13.0, ex:2026-08-28|pay:2026-11:12.0"
7358,ポピンズ,1802.0,599,108.0,一般消費財,ex:2025-12-29|pay:2026-03:45.0
7359,東京通信グループ,274.0,0,0.0,コミュニケーション・サービス,
7360,オンデック,636.0,0,0.0,金融,
7361,ヒューマンクリエイションホールディングス,1223.0,368,45.0,資本財,ex:2025-09-29|pay:2025-12:27.0
7362,Ｔ．Ｓ．Ｉ,880.0,114,10.0,ヘルスケア,
7363,ベビーカレンダー,1375.0,0,0.0,ヘルスケア,
7364,琉球アスティーダスポーツクラブ,700.0,0,0.0,,
7366,ＬＩＴＡＬＩＣＯ,1905.0,79,15.0,生活必需品,ex:2026-03-30|pay:2026-06:11.0
7367,セルム,333.0,465,15.5,資本財,"ex:2025-09-29|pay:2025-12:7.0, ex:2026-03-30|pay:2026-06:8.0"
7368,表示灯,1727.0,371,64.0,コミュニケーション・サービス,"ex:2025-09-29|pay:2025-12:31.0, ex:2026-03-30|pay:2026-06:31.0"
7369,メイホーホールディングス,389.0,0,0.0,資本財,
7370,Ｅｎｊｉｎ,716.0,559,40.0,コミュニケーション・サービス,"ex:2025-11-27|pay:2026-02:20.0, ex:2026-05-28|pay:2026-08:20.0"
7371,Ｚｅｎｋｅｎ,800.0,675,54.0,資本財,ex:2026-06-29|pay:2026-09:27.0
7372,デコルテ・ホールディングス,416.0,0,0.0,一般消費財,
7373,アイドマ・ホールディングス,914.0,328,30.0,資本財,ex:2026-08-28|pay:2026-11:30.0
7374,コンフィデンス・インターワークス,1527.0,589,90.0,資本財,"ex:2025-09-29|pay:2025-12:35.0, ex:2026-03-30|pay:2026-06:40.0"
7375,リファインバースグループ,1336.0,0,0.0,素材,
7376,ＢＣＣ,770.0,0,0.0,資本財,
7377,ＤＮホールディングス,1732.0,433,75.0,資本財,ex:2026-06-29|pay:2026-09:75.0
7378,アシロ,1581.0,255,40.33,一般消費財,"ex:2025-10-30|pay:2026-01:42.2, ex:2026-04-28|pay:2026-07:24.0"
7380,十六フィナンシャルグループ,2849.0,197,56.0,金融,"ex:2025-09-29|pay:2025-12:20.0, ex:2026-03-30|pay:2026-06:28.0"
7381,ＣＣＩグループ,1370.0,219,30.0,金融,"ex:2025-09-29|pay:2025-12:11.0, ex:2026-03-30|pay:2026-06:12.0"
7383,ネットプロテクションズホールディングス,397.0,0,0.0,金融,
7384,プロクレアホールディングス,5630.0,178,100.0,金融,"ex:2025-09-29|pay:2025-12:25.0, ex:2026-03-30|pay:2026-06:25.0"
7388,ＦＰパートナー,2327.0,404,94.0,金融,"ex:2025-11-27|pay:2026-02:47.0, ex:2026-05-28|pay:2026-08:47.0"
7389,あいちフィナンシャルグループ,2066.0,145,30.0,金融,"ex:2025-09-29|pay:2025-12:10.0, ex:2026-03-30|pay:2026-06:17.0"
7399,ナンシン,623.0,321,20.0,資本財,"ex:2025-09-29|pay:2025-12:10.0, ex:2026-03-30|pay:2026-06:10.0"
7409,ＡｅｒｏＥｄｇｅ,1524.0,0,0.0,資本財,
7412,アトム,345.0,0,0.0,一般消費財,
7413,創健社,2950.0,68,20.0,生活必需品,ex:2026-03-30|pay:2026-06:20.0
7414,小野建,1437.0,480,69.0,資本財,"ex:2025-09-29|pay:2025-12:34.0, ex:2026-03-30|pay:2026-06:35.0"
7416,はるやまホールディングス,688.0,225,15.5,一般消費財,ex:2026-03-30|pay:2026-06:15.5
7417,南陽,1866.0,348,65.0,資本財,"ex:2025-09-29|pay:2025-12:10.0, ex:2026-03-30|pay:2026-06:58.0"
7419,ノジマ,1289.0,155,20.0,一般消費財,"ex:2025-09-29|pay:2025-12:7.6667, ex:2026-03-30|pay:2026-06:10.0"
7420,佐鳥電機,1886.0,477,90.0,情報技術,"ex:2025-05-29|pay:2025-08:46.0, ex:2025-11-27|pay:2026-02:44.0"
7421,カッパ・クリエイト,1624.0,31,5.0,一般消費財,
7422,東邦レマック,424.0,269,11.4,一般消費財,"ex:2025-12-18|pay:2026-03:5.7, ex:2026-06-18|pay:2026-09:5.7"
7425,初穂商事,1101.0,363,40.0,素材,ex:2025-12-29|pay:2026-03:38.5
7426,山大,591.0,508,30.0,素材,
7427,エコートレーディング,837.0,358,30.0,生活必需品,"ex:2026-02-26|pay:2026-05:15.0, ex:2026-08-28|pay:2026-11:15.0"
7433,伯東,5700.0,289,165.0,情報技術,"ex:2025-09-29|pay:2025-12:100.0, ex:2026-03-30|pay:2026-06:100.0"
7434,オータケ,1781.0,225,40.0,資本財,ex:2026-05-28|pay:2026-08:40.0
7435,ナ・デックス,1341.0,403,54.0,資本財,"ex:2025-10-30|pay:2026-01:11.0, ex:2026-04-28|pay:2026-07:20.0"
7438,コンドーテック,1802.0,322,58.0,資本財,"ex:2025-09-29|pay:2025-12:26.0, ex:2026-03-30|pay:2026-06:26.0"
7442,中山福,481.0,249,12.0,一般消費財,ex:2026-03-30|pay:2026-06:12.0
7443,横浜魚類,669.0,120,8.0,生活必需品,ex:2026-03-30|pay:2026-06:8.0
7444,ハリマ共和物産,2002.0,300,60.0,一般消費財,ex:2026-03-30|pay:2026-06:60.0
7446,東北化学薬品,4460.0,235,105.0,素材,ex:2025-09-29|pay:2025-12:125.0
7447,ナガイレーベン,1654.0,423,70.0,一般消費財,ex:2026-08-28|pay:2026-11:70.0
7450,サンデー,1272.0,39,5.0,一般消費財,
7453,良品計画,4050.0,79,32.0,一般消費財,"ex:2026-02-26|pay:2026-05:16.0, ex:2026-08-28|pay:2026-11:16.0"
7455,パリミキホールディングス,578.0,138,8.0,一般消費財,ex:2025-09-29|pay:2025-12:4.0
7456,松田産業,7030.0,171,120.0,素材,"ex:2025-09-29|pay:2025-12:50.0, ex:2026-03-30|pay:2026-06:50.0"
7458,第一興商,1910.5,356,68.0,一般消費財,"ex:2025-09-29|pay:2025-12:28.0, ex:2026-03-30|pay:2026-06:39.0"
7459,メディパルホールディングス,3161.0,278,88.0,ヘルスケア,"ex:2025-09-29|pay:2025-12:32.0, ex:2026-03-30|pay:2026-06:34.0"
7460,ヤギ,1628.0,491,80.0,一般消費財,"ex:2025-09-29|pay:2025-12:16.6667, ex:2026-03-30|pay:2026-06:35.3333"
7461,キムラ,469.0,299,14.0,素材,ex:2026-03-30|pay:2026-06:14.0
7462,ＣＡＰＩＴＡ,403.0,248,10.0,エネルギー,"ex:2025-09-29|pay:2025-12:2.5, ex:2026-03-30|pay:2026-06:5.5"
7463,アドヴァングループ,999.0,400,40.0,素材,"ex:2025-09-29|pay:2025-12:20.0, ex:2026-03-30|pay:2026-06:80.0"
7464,セフテック,1517.0,396,60.0,資本財,ex:2026-03-30|pay:2026-06:60.0
7466,ＳＰＫ,1500.0,280,42.0,一般消費財,"ex:2025-09-29|pay:2025-12:16.5, ex:2026-03-30|pay:2026-06:20.0"
7467,萩原電気ホールディングス,3685.0,516,190.0,情報技術,"ex:2025-09-29|pay:2025-12:90.0, ex:2026-03-30|pay:2026-06:95.0"
7472,鳥羽洋行,3905.0,307,120.0,資本財,ex:2026-03-30|pay:2026-06:150.0
7475,アルビス,3765.0,186,70.0,生活必需品,"ex:2025-09-29|pay:2025-12:35.0, ex:2026-03-30|pay:2026-06:35.0"
7476,アズワン,2542.0,260,66.0,ヘルスケア,"ex:2025-09-29|pay:2025-12:31.0, ex:2026-03-30|pay:2026-06:34.0"
7477,ムラキ,1536.0,195,30.0,一般消費財,"ex:2025-09-29|pay:2025-12:15.0, ex:2026-03-30|pay:2026-06:15.0"
7480,スズデン,3685.0,478,176.0,資本財,"ex:2025-09-29|pay:2025-12:36.0, ex:2026-03-30|pay:2026-06:75.5"
7481,尾家産業,2621.0,397,104.0,生活必需品,"ex:2025-09-29|pay:2025-12:47.0, ex:2026-03-30|pay:2026-06:55.0"
7482,シモジマ,1527.0,393,60.0,一般消費財,"ex:2025-09-29|pay:2025-12:27.0, ex:2026-03-30|pay:2026-06:32.0"
7483,ドウシシャ,3120.0,385,120.0,資本財,"ex:2025-09-29|pay:2025-12:50.0, ex:2026-03-30|pay:2026-06:60.0"
7486,サンリン,810.0,296,24.0,エネルギー,ex:2026-03-30|pay:2026-06:24.0
7487,小津産業,1874.0,144,27.0,素材,ex:2026-05-28|pay:2026-08:28.0
7490,日新商事,2190.0,100,22.0,資本財,"ex:2025-09-29|pay:2025-12:10.0, ex:2026-03-30|pay:2026-06:11.0"
7494,コナカ,240.0,417,10.0,一般消費財,"ex:2025-09-29|pay:2025-12:5.0, ex:2026-03-30|pay:2026-06:5.0"
7500,西川計測,10610.0,697,740.0,情報技術,ex:2026-06-29|pay:2026-09:390.0
7501,ティムコ,1420.0,85,12.0,一般消費財,ex:2025-11-27|pay:2026-02:12.0
7502,プラザホールディングス,1698.0,147,25.0,一般消費財,ex:2026-03-30|pay:2026-06:50.0
7504,高速,4445.0,270,120.0,一般消費財,"ex:2025-09-29|pay:2025-12:58.0, ex:2026-03-30|pay:2026-06:58.0"
7505,扶桑電通,2085.0,782,163.0,情報技術,"ex:2025-09-29|pay:2025-12:79.5, ex:2026-03-30|pay:2026-06:7.5"
7506,ハウス　オブ　ローゼ,1382.0,181,25.0,一般消費財,"ex:2025-09-29|pay:2025-12:12.5, ex:2026-03-30|pay:2026-06:12.5"
7508,Ｇ‐７ホールディングス,1450.0,483,70.0,生活必需品,"ex:2025-09-29|pay:2025-12:20.0, ex:2026-03-30|pay:2026-06:50.0"
7509,アイエーグループ,4750.0,337,160.0,資本財,"ex:2025-09-29|pay:2025-12:75.0, ex:2026-03-30|pay:2026-06:75.0"
7510,たけびし,2900.0,310,90.0,情報技術,"ex:2025-09-29|pay:2025-12:33.0, ex:2026-03-30|pay:2026-06:39.0"
7512,イオン北海道,864.0,185,16.0,一般消費財,ex:2026-02-26|pay:2026-05:16.0
7513,コジマ,1484.0,377,56.0,一般消費財,ex:2026-08-28|pay:2026-11:28.0
7514,ヒマラヤ,852.0,305,26.0,一般消費財,"ex:2026-02-26|pay:2026-05:13.0, ex:2026-08-28|pay:2026-11:13.0"
7515,マルヨシセンター,4585.0,65,30.0,生活必需品,ex:2026-02-26|pay:2026-05:30.0
7516,コーナン商事,4580.0,306,140.0,一般消費財,"ex:2026-02-26|pay:2026-05:65.0, ex:2026-08-28|pay:2026-11:70.0"
7520,エコス,2596.0,270,70.0,生活必需品,ex:2026-02-26|pay:2026-05:70.0
7521,ムサシ,2779.0,130,36.0,資本財,"ex:2025-09-29|pay:2025-12:28.0, ex:2026-03-30|pay:2026-06:48.0"
7522,ワタミ,896.0,112,10.0,一般消費財,ex:2026-03-30|pay:2026-06:10.0
7523,アールビバン,1876.0,160,30.0,一般消費財,"ex:2025-09-29|pay:2025-12:30.0, ex:2026-03-30|pay:2026-06:30.0"
7524,マルシェ,177.0,0,0.0,一般消費財,
7525,リックス,3635.0,446,162.0,資本財,"ex:2025-09-29|pay:2025-12:64.0, ex:2026-03-30|pay:2026-06:93.0"
7527,システムソフト,49.0,0,0.0,情報技術,
7531,清和中央ホールディングス,1320.0,152,20.0,素材,ex:2025-12-29|pay:2026-03:20.0
7532,パン・パシフィック・インターナショナルホールディングス,712.0,140,10.0,生活必需品,"ex:2025-12-29|pay:2026-03:3.0, ex:2026-06-29|pay:2026-09:6.5"
7537,丸文,1913.0,408,78.0,情報技術,"ex:2025-09-29|pay:2025-12:25.0, ex:2026-03-30|pay:2026-06:25.0"
7538,大水,388.0,180,7.0,生活必需品,ex:2026-03-30|pay:2026-06:7.0
7539,アイナボホールディングス,815.0,368,30.0,資本財,"ex:2025-09-29|pay:2025-12:14.0, ex:2026-03-30|pay:2026-06:13.0"
7544,スリーエフ,559.0,322,18.0,生活必需品,"ex:2026-02-26|pay:2026-05:11.0, ex:2026-08-28|pay:2026-11:9.0"
7545,西松屋チェーン,1979.0,162,32.0,一般消費財,"ex:2026-02-19|pay:2026-05:16.0, ex:2026-08-19|pay:2026-11:16.0"
7550,ゼンショーホールディングス,10435.0,77,80.0,一般消費財,"ex:2025-09-29|pay:2025-12:35.0, ex:2026-03-30|pay:2026-06:40.0"
75505,ベルーナ,4923.0,203,99.72,,ex:2026-03-30|pay:2026-06:99.72
7551,ゼンショーホールディングス,693.0,317,22.0,一般消費財,"ex:2025-09-29|pay:2025-12:10.0, ex:2026-03-30|pay:2026-06:17.0"
7552,ゼンショーホールディングス,4290.0,221,95.0,一般消費財,"ex:2025-09-29|pay:2025-12:12.5, ex:2026-03-30|pay:2026-06:80.0"
7554,ゼンショーホールディングス,1176.0,128,15.0,一般消費財,ex:2026-03-30|pay:2026-06:10.0
7555,大田花き,747.0,161,12.0,生活必需品,ex:2026-03-30|pay:2026-06:10.0
7561,ハークスレイ,709.0,423,30.0,一般消費財,"ex:2025-09-29|pay:2025-12:14.0, ex:2026-03-30|pay:2026-06:14.0"
7562,安楽亭,3815.0,39,15.0,一般消費財,ex:2026-03-30|pay:2026-06:15.0
7564,ワークマン,5290.0,168,89.0,一般消費財,ex:2026-03-30|pay:2026-06:89.0
7565,萬世電機,7800.0,205,160.0,情報技術,"ex:2025-09-29|pay:2025-12:50.0, ex:2026-03-30|pay:2026-06:150.0"
7567,栄電子,633.0,174,11.0,資本財,ex:2026-03-30|pay:2026-06:11.0
7570,橋本総業ホールディングス,1430.0,364,52.0,資本財,"ex:2025-09-29|pay:2025-12:25.0, ex:2026-03-30|pay:2026-06:25.0"
7571,ヤマノホールディングス,85.0,176,1.5,資本財,ex:2026-03-30|pay:2026-06:1.5
7575,日本ライフライン,1570.0,357,56.0,ヘルスケア,ex:2026-03-30|pay:2026-06:54.0
7578,ニチリョク,76.0,0,0.0,一般消費財,
7581,サイゼリヤ,6310.0,55,35.0,一般消費財,ex:2026-08-28|pay:2026-11:35.0
7585,かんなん丸,407.0,0,0.0,一般消費財,
7590,タカショー,397.0,126,5.0,一般消費財,ex:2026-01-19|pay:2026-04:5.0
7593,ＶＴホールディングス,529.0,454,24.0,一般消費財,"ex:2025-09-29|pay:2025-12:12.0, ex:2026-03-30|pay:2026-06:12.0"
7595,アルゴグラフィックス,1295.0,355,46.0,情報技術,"ex:2025-09-29|pay:2025-12:20.0, ex:2026-03-30|pay:2026-06:60.0"
7596,魚力,2312.0,225,52.0,生活必需品,"ex:2025-09-29|pay:2025-12:26.0, ex:2026-03-30|pay:2026-06:26.0"
7599,ＩＤＯＭ,1204.0,352,42.43,一般消費財,"ex:2026-02-26|pay:2026-05:20.17, ex:2026-08-28|pay:2026-11:21.06"
7600,日本エム・ディ・エム,679.0,250,17.0,ヘルスケア,ex:2026-03-30|pay:2026-06:17.0
7601,ポプラ,161.0,0,0.0,一般消費財,
7602,レダックス,176.0,114,2.0,一般消費財,ex:2026-03-30|pay:2026-06:1.0
7603,ジーイエット,34.0,0,0.0,一般消費財,
7604,梅の花グループ,921.0,109,10.0,一般消費財,"ex:2025-10-30|pay:2026-01:5.0, ex:2026-04-28|pay:2026-07:5.0"
7606,ユナイテッドアローズ,2442.0,377,92.0,一般消費財,"ex:2025-09-29|pay:2025-12:20.0, ex:2026-03-30|pay:2026-06:69.0"
7607,進和,3065.0,405,124.0,資本財,"ex:2026-02-26|pay:2026-05:62.0, ex:2026-08-28|pay:2026-11:62.0"
7608,エスケイジャパン,955.0,251,24.0,一般消費財,"ex:2026-02-26|pay:2026-05:14.5, ex:2026-08-28|pay:2026-11:12.0"
7609,ダイトロン,4280.0,304,130.0,情報技術,"ex:2025-12-29|pay:2026-03:60.0, ex:2026-06-29|pay:2026-09:55.0"
7610,テイツー,137.0,292,4.0,一般消費財,ex:2026-02-26|pay:2026-05:5.0
7611,ハイデイ日高,2853.0,182,52.0,一般消費財,"ex:2026-02-26|pay:2026-05:29.0, ex:2026-08-28|pay:2026-11:26.0"
7613,シークス,1602.0,312,50.0,情報技術,"ex:2025-12-29|pay:2026-03:25.0, ex:2026-06-29|pay:2026-09:25.0"
7614,オーエムツーネットワーク,1548.0,233,36.0,生活必需品,ex:2026-01-29|pay:2026-04:36.0
7615,京都きもの友禅ホールディングス,98.0,153,1.5,一般消費財,ex:2026-03-30|pay:2026-06:1.5
7616,コロワイド,1985.0,25,5.0,一般消費財,ex:2026-03-30|pay:2026-06:5.0
7619,田中商事,1040.0,404,42.0,情報技術,"ex:2025-09-29|pay:2025-12:10.0, ex:2026-03-30|pay:2026-06:21.0"
7621,うかい,3445.0,44,15.0,一般消費財,ex:2026-03-30|pay:2026-06:15.0
7624,ＮａＩＴＯ,170.0,235,4.0,資本財,ex:2026-02-26|pay:2026-05:4.0
7625,グローバルダイニング,461.0,108,5.0,一般消費財,ex:2025-12-29|pay:2026-03:5.0
7628,オーハシテクニカ,1184.0,380,45.0,一般消費財,"ex:2025-09-29|pay:2025-12:18.5, ex:2026-03-30|pay:2026-06:18.5"
7630,壱番屋,1095.0,146,16.0,一般消費財,"ex:2026-02-26|pay:2026-05:8.0, ex:2026-08-28|pay:2026-11:8.0"
7634,星医療酸器,5430.0,166,90.0,ヘルスケア,"ex:2025-09-29|pay:2025-12:45.0, ex:2026-03-30|pay:2026-06:45.0"
7635,杉田エース,0.0,0,0.0,資本財,
7636,ハンズマン,797.0,376,30.0,一般消費財,ex:2026-06-29|pay:2026-09:30.0
7637,白銅,3690.0,388,143.0,資本財,"ex:2025-09-29|pay:2025-12:28.0, ex:2026-03-30|pay:2026-06:58.0"
7638,ＮＥＷ　ＡＲＴ　ＨＯＬＤＩＮＧＳ,1425.0,561,80.0,一般消費財,"ex:2025-09-29|pay:2025-12:35.0, ex:2026-03-30|pay:2026-06:45.0"
7640,トップカルチャー,193.0,0,0.0,一般消費財,
7643,ダイイチ,1730.0,231,40.0,生活必需品,"ex:2025-09-29|pay:2025-12:18.0, ex:2026-03-30|pay:2026-06:20.0"
7646,ＰＬＡＮＴ,1825.0,521,95.0,生活必需品,"ex:2026-03-18|pay:2026-06:40.0, ex:2026-09-17|pay:2026-12:55.0"
7649,スギホールディングス,1259.0,199,25.0,ヘルスケア,"ex:2026-02-26|pay:2026-05:10.0, ex:2026-08-28|pay:2026-11:15.0"
7670,オーウエル,1230.0,447,55.0,資本財,"ex:2025-09-29|pay:2025-12:10.0, ex:2026-03-30|pay:2026-06:35.0"
7673,ダイコー通産,1684.0,428,72.0,情報技術,ex:2026-05-28|pay:2026-08:70.0
7674,ＮＡＴＴＹ　ＳＷＡＮＫＹホールディングス,2756.0,0,0.0,一般消費財,
7677,ヤシマキザイ,2729.0,92,25.0,資本財,ex:2026-03-30|pay:2026-06:25.0
7678,あさくま,3720.0,0,0.0,一般消費財,
7679,薬王堂ホールディングス,1640.0,183,30.0,ヘルスケア,ex:2026-02-26|pay:2026-05:29.0
7680,軽自動車館,3190.0,0,0.0,一般消費財,
7681,レオクラン,999.0,170,17.0,ヘルスケア,ex:2025-09-29|pay:2025-12:17.0
7682,浜木綿,3725.0,46,17.0,一般消費財,ex:2026-07-30|pay:2026-10:17.0
7683,ダブルエー,1415.0,120,17.0,一般消費財,"ex:2026-01-29|pay:2026-04:8.5, ex:2026-07-30|pay:2026-10:8.5"
7685,ＢｕｙＳｅｌｌ　Ｔｅｃｈｎｏｌｏｇｉｅｓ,2805.0,193,54.0,一般消費財,ex:2025-12-29|pay:2026-03:12.5
7686,ひとまいる,450.0,444,20.0,生活必需品,"ex:2025-09-29|pay:2025-12:10.0, ex:2026-03-30|pay:2026-06:10.0"
7687,ミクリード,450.0,204,9.2,生活必需品,"ex:2025-09-29|pay:2025-12:4.2, ex:2026-03-30|pay:2026-06:4.3"
7689,コパ・コーポレーション,418.0,0,0.0,コミュニケーション・サービス,
7690,カレント自動車,2100.0,0,0.0,,
7691,Ｃ　Ｃｈａｎｎｅｌ,30.0,0,0.0,コミュニケーション・サービス,
7692,アースインフィニティ,77.0,390,3.0,公益事業,"ex:2026-01-29|pay:2026-04:1.3, ex:2026-07-30|pay:2026-10:1.3"
7693,北海道歯科産業,105.0,0,0.0,,
7694,いつも,535.0,0,0.0,資本財,
7695,交換できるくん,952.0,0,0.0,一般消費財,
7698,アイスコ,2890.0,69,20.0,生活必需品,"ex:2025-09-29|pay:2025-12:10.0, ex:2026-03-30|pay:2026-06:10.0"
7699,オムニ・プラス・システム・リミテッド　ＪＤＲ,681.0,0,0.0,資本財,
7701,島津製作所,4034.0,213,86.0,情報技術,"ex:2025-09-29|pay:2025-12:27.0, ex:2026-03-30|pay:2026-06:42.0"
7702,ＪＭＳ,461.0,369,17.0,ヘルスケア,"ex:2025-09-29|pay:2025-12:8.5, ex:2026-03-30|pay:2026-06:8.5"
7707,プレシジョン・システム・サイエンス,211.0,284,6.0,ヘルスケア,ex:2026-06-29|pay:2026-09:2.0
7709,クボテック,48.0,0,0.0,情報技術,
7711,助川電気工業,4990.0,104,52.0,資本財,"ex:2025-09-29|pay:2025-12:22.0, ex:2026-03-30|pay:2026-06:26.0"
7713,シグマ光機,2526.0,99,25.0,情報技術,"ex:2025-11-27|pay:2026-02:21.0, ex:2026-05-28|pay:2026-08:21.0"
7715,長野計器,4185.0,143,60.0,情報技術,"ex:2025-09-29|pay:2025-12:26.0, ex:2026-03-30|pay:2026-06:26.0"
7716,ナカニシ,3050.0,98,30.0,ヘルスケア,"ex:2025-12-29|pay:2026-03:28.0, ex:2026-06-29|pay:2026-09:30.0"
7717,ブイ・テクノロジー,6090.0,131,80.0,資本財,"ex:2025-09-29|pay:2025-12:40.0, ex:2026-03-30|pay:2026-06:40.0"
7718,スター精密,0.0,0,0.0,資本財,
7719,東京衡機,514.0,0,0.0,資本財,
7721,東京計器,7580.0,63,48.0,情報技術,ex:2026-03-30|pay:2026-06:40.0
7722,国際計測器,789.0,507,40.0,資本財,"ex:2025-09-29|pay:2025-12:10.0, ex:2026-03-30|pay:2026-06:25.0"
7723,愛知時計電機,2909.0,413,120.0,情報技術,"ex:2025-09-29|pay:2025-12:45.0, ex:2026-03-30|pay:2026-06:68.0"
7725,インターアクション,1815.0,248,45.0,情報技術,"ex:2025-11-27|pay:2026-02:10.0, ex:2026-05-28|pay:2026-08:34.0"
7726,黒田精工,1438.0,139,20.0,資本財,"ex:2025-09-29|pay:2025-12:10.0, ex:2026-03-30|pay:2026-06:10.0"
7727,オーバル,942.0,297,28.0,情報技術,"ex:2025-09-29|pay:2025-12:10.0, ex:2026-03-30|pay:2026-06:10.0"
7729,東京精密,17675.0,172,304.0,情報技術,"ex:2025-09-29|pay:2025-12:111.0, ex:2026-03-30|pay:2026-06:151.0"
7730,マニー,1466.0,280,41.0,ヘルスケア,"ex:2026-02-26|pay:2026-05:17.0, ex:2026-08-28|pay:2026-11:24.0"
7731,ニコン,1873.5,107,20.0,一般消費財,"ex:2025-09-29|pay:2025-12:25.0, ex:2026-03-30|pay:2026-06:15.0"
7733,オリンパス,2024.0,148,30.0,ヘルスケア,ex:2026-03-30|pay:2026-06:30.0
7734,理研計器,3575.0,168,60.0,資本財,"ex:2025-09-29|pay:2025-12:25.0, ex:2026-03-30|pay:2026-06:30.0"
7735,ＳＣＲＥＥＮホールディングス,13740.0,179,246.0,情報技術,"ex:2025-09-29|pay:2025-12:61.5, ex:2026-03-30|pay:2026-06:85.0"
7739,キヤノン電子,3635.0,193,70.0,資本財,ex:2025-06-27|pay:2025-09:35.0
7740,タムロン,1361.0,375,51.0,一般消費財,"ex:2025-12-29|pay:2026-03:26.25, ex:2026-06-29|pay:2026-09:20.0"
7741,ＨＯＹＡ,23485.0,126,295.0,ヘルスケア,"ex:2025-09-29|pay:2025-12:125.0, ex:2026-03-30|pay:2026-06:170.0"
7743,シード,793.0,189,15.0,ヘルスケア,ex:2026-03-30|pay:2026-06:15.0
7744,ノーリツ鋼機,2037.0,368,75.0,情報技術,"ex:2025-12-29|pay:2026-03:37.0, ex:2026-06-29|pay:2026-09:37.0"
7745,Ａ＆Ｄホロンホールディングス,3010.0,199,60.0,情報技術,"ex:2025-09-29|pay:2025-12:25.0, ex:2026-03-30|pay:2026-06:30.0"
7746,岡本硝子,851.0,0,0.0,情報技術,
7747,朝日インテック,3367.0,148,49.91,ヘルスケア,ex:2026-06-29|pay:2026-09:48.51
7749,メディキット,2853.0,351,100.0,ヘルスケア,"ex:2025-09-29|pay:2025-12:50.0, ex:2026-03-30|pay:2026-06:50.0"
7751,キヤノン,4613.0,347,160.0,情報技術,"ex:2025-12-29|pay:2026-03:80.0, ex:2026-06-29|pay:2026-09:80.0"
7752,リコー,1683.0,261,44.0,資本財,"ex:2025-09-29|pay:2025-12:20.0, ex:2026-03-30|pay:2026-06:20.0"
7760,ＩＭＶ,2180.0,138,30.0,情報技術,ex:2025-09-29|pay:2025-12:30.0
7762,シチズン時計,2429.0,218,53.0,一般消費財,"ex:2025-09-29|pay:2025-12:23.5, ex:2026-03-30|pay:2026-06:23.5"
7769,リズム,3870.0,433,167.6,一般消費財,ex:2026-03-30|pay:2026-06:167.6
7771,日本精密,259.0,0,0.0,一般消費財,
7774,ジャパン・ティッシュエンジニアリング,848.0,0,0.0,ヘルスケア,
7775,大研医器,425.0,471,20.0,ヘルスケア,"ex:2025-09-29|pay:2025-12:9.0, ex:2026-03-30|pay:2026-06:11.0"
7776,セルシード,227.0,0,0.0,ヘルスケア,
7777,スリー・ディー・マトリックス,417.0,0,0.0,ヘルスケア,
7779,ＣＹＢＥＲＤＹＮＥ,239.0,0,0.0,ヘルスケア,
7780,メニコン,1764.0,159,28.0,ヘルスケア,ex:2026-03-30|pay:2026-06:28.0
7781,平山ホールディングス,876.0,662,58.0,資本財,"ex:2025-12-29|pay:2026-03:9.0, ex:2026-06-29|pay:2026-09:24.0"
7782,シンシア,490.0,735,36.0,ヘルスケア,ex:2025-12-29|pay:2026-03:17.0
7791,ドリームベッド,828.0,459,38.0,一般消費財,"ex:2025-09-29|pay:2025-12:17.0, ex:2026-03-30|pay:2026-06:19.0"
7792,コラントッテ,1484.0,296,44.0,ヘルスケア,ex:2025-09-29|pay:2025-12:42.0
7793,イメージ・マジック,1618.0,216,35.0,資本財,ex:2025-12-29|pay:2026-03:32.0
7794,イーディーピー,1005.0,0,0.0,一般消費財,
7795,ＫＹＯＲＩＴＳＵ,220.0,364,8.0,資本財,"ex:2025-09-29|pay:2025-12:4.0, ex:2026-03-30|pay:2026-06:4.0"
7800,アミファ,978.0,307,30.0,一般消費財,ex:2025-09-29|pay:2025-12:26.0
7803,ブシロード,462.0,65,3.0,コミュニケーション・サービス,ex:2026-06-29|pay:2026-09:2.5
7804,ビーアンドピー,2420.0,360,87.0,コミュニケーション・サービス,ex:2025-10-30|pay:2026-01:80.0
7805,プリントネット,706.0,184,13.0,資本財,ex:2026-08-28|pay:2026-11:13.0
7806,ＭＴＧ,8400.0,88,74.0,生活必需品,ex:2025-09-29|pay:2025-12:25.0
7807,幸和製作所,880.0,148,13.0,一般消費財,ex:2026-02-26|pay:2026-05:13.0
7808,シー・エス・ランバー,2666.0,300,80.0,素材,ex:2026-05-28|pay:2026-08:80.0
7809,壽屋,1320.0,341,45.0,一般消費財,ex:2026-06-29|pay:2026-09:45.0
7810,クロスフォー,153.0,111,1.7,一般消費財,ex:2026-07-30|pay:2026-10:0.63
7811,中本パックス,2329.0,352,82.0,資本財,"ex:2026-02-26|pay:2026-05:37.0, ex:2026-08-28|pay:2026-11:41.0"
7812,クレステック,2116.0,454,96.0,資本財,"ex:2025-12-29|pay:2026-03:41.0, ex:2026-06-29|pay:2026-09:63.0"
7813,プラッツ,889.0,506,45.0,ヘルスケア,ex:2026-06-29|pay:2026-09:24.0
7814,日本創発グループ,597.0,251,15.0,資本財,"ex:2025-09-29|pay:2025-12:26.5, ex:2025-12-29|pay:2026-03:26.5, ex:2026-03-30|pay:2026-06:3.75, ex:2026-06-29|pay:2026-09:3.75"
7815,東京ボード工業,347.0,0,0.0,素材,
7818,トランザクション,1230.0,252,31.0,生活必需品,ex:2026-08-28|pay:2026-11:31.0
7819,粧美堂,991.0,333,33.0,生活必需品,"ex:2025-09-29|pay:2025-12:16.5, ex:2026-03-30|pay:2026-06:16.5"
7820,ニホンフラッシュ,715.0,503,36.0,資本財,"ex:2025-09-29|pay:2025-12:18.0, ex:2026-03-30|pay:2026-06:18.0"
7821,前田工繊,1983.0,161,32.0,素材,"ex:2025-12-29|pay:2026-03:14.0, ex:2026-06-29|pay:2026-09:16.0"
7822,永大産業,260.0,385,10.0,一般消費財,"ex:2025-09-29|pay:2025-12:5.0, ex:2026-03-30|pay:2026-06:5.0"
7823,アートネイチャー,823.0,340,28.0,生活必需品,"ex:2025-09-29|pay:2025-12:14.0, ex:2026-03-30|pay:2026-06:16.0"
7826,フルヤ金属,11700.0,295,345.0,情報技術,ex:2026-06-29|pay:2026-09:165.0
7827,オービス,1800.0,344,62.0,資本財,ex:2025-10-30|pay:2026-01:60.0
7831,ウイルコホールディングス,66.0,303,2.0,資本財,ex:2025-10-30|pay:2026-01:2.0
7832,バンダイナムコホールディングス,5551.0,90,50.0,一般消費財,"ex:2025-09-29|pay:2025-12:23.0, ex:2026-03-30|pay:2026-06:50.0"
7833,アイフィスジャパン,684.0,439,30.0,資本財,ex:2025-12-29|pay:2026-03:25.0
7836,アビックス,74.0,0,0.0,情報技術,
7837,アールシーコア,361.0,0,0.0,不動産,
7839,ＳＨＯＥＩ,2150.0,279,60.0,一般消費財,ex:2025-09-29|pay:2025-12:60.0
7840,フランスベッドホールディングス,1309.0,382,50.0,一般消費財,"ex:2025-09-29|pay:2025-12:17.0, ex:2026-03-30|pay:2026-06:24.0"
7841,遠藤製作所,1094.0,366,40.0,一般消費財,ex:2025-12-29|pay:2026-03:40.0
7844,マーベラス,539.0,278,15.0,コミュニケーション・サービス,ex:2026-03-30|pay:2026-06:12.0
7846,パイロットコーポレーション,2155.5,223,48.0,資本財,"ex:2025-12-29|pay:2026-03:20.0, ex:2026-06-29|pay:2026-09:21.0"
7847,グラファイトデザイン,694.0,432,30.0,一般消費財,"ex:2026-02-26|pay:2026-05:15.0, ex:2026-08-28|pay:2026-11:15.0"
7849,スターツ出版,3020.0,430,130.0,コミュニケーション・サービス,"ex:2025-12-29|pay:2026-03:80.0, ex:2026-06-29|pay:2026-09:50.0"
7850,総合商研,797.0,251,20.0,資本財,"ex:2026-01-29|pay:2026-04:10.0, ex:2026-07-30|pay:2026-10:10.0"
7851,カワセコンピュータサプライ,172.0,349,6.0,資本財,
7856,萩原工業,2050.0,390,80.0,一般消費財,"ex:2025-10-30|pay:2026-01:35.0, ex:2026-04-28|pay:2026-07:35.0"
7857,セキ,1285.0,202,26.0,コミュニケーション・サービス,"ex:2025-09-29|pay:2025-12:13.0, ex:2026-03-30|pay:2026-06:13.0"
7859,アルメディオ,276.0,163,4.5,情報技術,ex:2026-03-30|pay:2026-06:4.5
7860,エイベックス,1272.0,393,50.0,コミュニケーション・サービス,"ex:2025-09-29|pay:2025-12:25.0, ex:2026-03-30|pay:2026-06:25.0"
7863,平賀,943.0,424,40.0,資本財,ex:2026-03-30|pay:2026-06:40.0
7864,フジシールインターナショナル,3375.0,261,88.0,一般消費財,"ex:2025-09-29|pay:2025-12:35.0, ex:2026-03-30|pay:2026-06:46.0"
7865,ピープル,333.0,0,0.0,一般消費財,
7867,タカラトミー,4086.0,171,70.0,一般消費財,"ex:2025-09-29|pay:2025-12:32.0, ex:2026-03-30|pay:2026-06:32.0"
7868,広済堂ホールディングス,541.0,247,13.34,資本財,"ex:2025-09-29|pay:2025-12:6.67, ex:2026-03-30|pay:2026-06:6.67"
7871,フクビ化学工業,1028.0,302,31.0,資本財,"ex:2025-09-29|pay:2025-12:13.5, ex:2026-03-30|pay:2026-06:15.5"
7872,エステールホールディングス,621.0,435,27.0,一般消費財,ex:2026-03-30|pay:2026-06:27.0
7874,レック,977.0,287,28.0,生活必需品,"ex:2025-09-29|pay:2025-12:10.0, ex:2026-03-30|pay:2026-06:17.0"
7875,竹田ｉＰホールディングス,858.0,274,23.5,コミュニケーション・サービス,"ex:2025-09-29|pay:2025-12:7.0, ex:2026-03-30|pay:2026-06:16.5"
7877,永大化工,2176.0,322,70.0,素材,ex:2026-03-30|pay:2026-06:70.0
7878,光・彩,1176.0,255,30.0,一般消費財,ex:2026-01-29|pay:2026-04:30.0
7879,ノダ,676.0,444,30.0,資本財,"ex:2025-11-27|pay:2026-02:15.0, ex:2026-05-28|pay:2026-08:15.0"
7883,サンメッセ,485.0,206,10.0,資本財,"ex:2025-09-29|pay:2025-12:4.0, ex:2026-03-30|pay:2026-06:5.0"
7885,タカノ,1147.0,174,20.0,一般消費財,ex:2026-03-30|pay:2026-06:20.0
7886,ヤマト　モビリティ　＆　Ｍｆｇ．,599.0,0,0.0,素材,
7887,南海プライウッド,1551.0,258,40.0,一般消費財,ex:2026-03-30|pay:2026-06:40.0
7888,三光合成,896.0,179,16.0,情報技術,"ex:2025-11-27|pay:2026-02:14.0, ex:2026-05-28|pay:2026-08:14.0"
7893,プロネクサス,1123.0,392,44.0,資本財,"ex:2025-09-29|pay:2025-12:20.0, ex:2026-03-30|pay:2026-06:22.0"
7896,セブン工業,503.0,398,20.0,資本財,"ex:2025-09-29|pay:2025-12:10.0, ex:2026-03-30|pay:2026-06:10.0"
7897,ホクシン,108.0,185,2.0,素材,ex:2026-03-30|pay:2026-06:2.0
7898,ウッドワン,939.0,256,24.0,一般消費財,"ex:2025-09-29|pay:2025-12:12.0, ex:2026-03-30|pay:2026-06:12.0"
7901,マツモト,800.0,0,0.0,素材,
7902,ソノコム,1130.0,115,13.0,情報技術,ex:2026-03-30|pay:2026-06:13.0
7906,ヨネックス,2429.0,115,28.0,一般消費財,"ex:2025-09-29|pay:2025-12:12.0, ex:2026-03-30|pay:2026-06:13.0"
7908,きもと,248.0,282,7.0,情報技術,"ex:2025-09-29|pay:2025-12:3.0, ex:2026-03-30|pay:2026-06:4.0"
7911,ＴＯＰＰＡＮホールディングス,4918.0,59,29.0,資本財,"ex:2025-09-29|pay:2025-12:28.0, ex:2026-03-30|pay:2026-06:30.0"
7912,大日本印刷,3016.0,136,41.0,資本財,"ex:2025-09-29|pay:2025-12:18.0, ex:2026-03-30|pay:2026-06:22.0"
7914,共同印刷,1784.0,448,80.0,資本財,"ex:2025-09-29|pay:2025-12:38.0, ex:2026-03-30|pay:2026-06:40.0"
7915,ＮＩＳＳＨＡ,1201.0,416,50.0,情報技術,"ex:2025-12-29|pay:2026-03:25.0, ex:2026-06-29|pay:2026-09:25.0"
7916,光村印刷,1915.0,261,50.0,資本財,ex:2026-03-30|pay:2026-06:50.0
7917,ＺＡＣＲＯＳ,1261.0,285,36.0,一般消費財,"ex:2025-09-29|pay:2025-12:18.0, ex:2026-03-30|pay:2026-06:18.0"
7918,ヴィア・ホールディングス,105.0,0,0.0,一般消費財,
7919,野崎印刷紙業,225.0,444,10.0,資本財,"ex:2025-09-29|pay:2025-12:2.5, ex:2026-03-30|pay:2026-06:5.0"
7921,ＴＡＫＡＲＡ　＆　ＣＯＭＰＡＮＹ,4135.0,435,180.0,資本財,"ex:2025-11-27|pay:2026-02:60.0, ex:2026-05-28|pay:2026-08:60.0"
7922,三光産業,717.0,0,0.0,資本財,
7923,トーイン,0.0,0,0.0,一般消費財,
7925,前澤化成工業,1926.0,389,75.0,素材,"ex:2025-09-29|pay:2025-12:35.0, ex:2026-03-30|pay:2026-06:40.0"
7927,ムトー精工,2392.0,489,117.0,情報技術,"ex:2025-09-29|pay:2025-12:30.0, ex:2026-03-30|pay:2026-06:85.0"
7928,旭化学工業,615.0,163,10.0,資本財,"ex:2026-02-26|pay:2026-05:5.0, ex:2026-08-28|pay:2026-11:5.0"
7931,未来工業,3700.0,459,170.0,資本財,"ex:2026-03-18|pay:2026-06:95.0, ex:2026-09-17|pay:2026-12:50.0"
7932,ニッピ,11510.0,609,701.0,一般消費財,ex:2026-03-30|pay:2026-06:696.0
7936,アシックス,4144.0,116,48.0,一般消費財,"ex:2025-12-29|pay:2026-03:16.0, ex:2026-06-29|pay:2026-09:20.0"
7937,ツツミ,2562.0,449,115.0,一般消費財,"ex:2025-09-29|pay:2025-12:45.0, ex:2026-03-30|pay:2026-06:70.0"
7938,リーガルコーポレーション,2132.0,352,75.0,一般消費財,ex:2026-03-30|pay:2026-06:75.0
7939,研創,598.0,385,23.0,資本財,ex:2026-03-30|pay:2026-06:22.0
7940,ウェーブロックホールディングス,1057.0,284,30.0,素材,
7942,ＪＳＰ,3035.0,329,100.0,一般消費財,"ex:2025-09-29|pay:2025-12:40.0, ex:2026-03-30|pay:2026-06:50.0"
7943,ニチハ,3040.0,375,114.0,資本財,"ex:2025-09-29|pay:2025-12:57.0, ex:2026-03-30|pay:2026-06:57.0"
7944,ローランド,3790.0,449,170.0,一般消費財,"ex:2025-12-29|pay:2026-03:85.0, ex:2026-06-29|pay:2026-09:85.0"
7946,光陽社,351.0,313,11.0,資本財,ex:2026-03-30|pay:2026-06:10.0
7947,エフピコ,2833.0,258,73.0,一般消費財,"ex:2025-09-29|pay:2025-12:31.5, ex:2026-03-30|pay:2026-06:41.5"
7949,小松ウオール工業,2841.0,493,140.0,資本財,"ex:2025-09-29|pay:2025-12:65.0, ex:2026-03-30|pay:2026-06:65.0"
7951,ヤマハ,1263.5,206,26.0,一般消費財,"ex:2025-09-29|pay:2025-12:13.0, ex:2026-03-30|pay:2026-06:13.0"
7952,河合楽器製作所,3370.0,282,95.0,一般消費財,ex:2026-03-30|pay:2026-06:95.0
7953,菊水化学工業,406.0,493,20.0,資本財,"ex:2025-09-29|pay:2025-12:7.0, ex:2026-03-30|pay:2026-06:10.0"
7955,クリナップ,969.0,413,40.0,一般消費財,"ex:2025-09-29|pay:2025-12:13.0, ex:2026-03-30|pay:2026-06:20.0"
7956,ピジョン,2040.0,373,76.0,生活必需品,"ex:2025-12-29|pay:2026-03:38.0, ex:2026-06-29|pay:2026-09:38.0"
7957,フジコピアン,2579.0,659,170.0,資本財,ex:2025-12-29|pay:2026-03:40.0
7962,キングジム,803.0,187,15.0,資本財,"ex:2025-12-18|pay:2026-03:7.0, ex:2026-06-18|pay:2026-09:8.0"
7963,興研,1800.0,194,35.0,ヘルスケア,ex:2025-12-29|pay:2026-03:50.0
7965,象印マホービン,1461.0,315,46.0,一般消費財,"ex:2025-11-19|pay:2026-02:52.0, ex:2026-05-19|pay:2026-08:23.0"
7966,リンテック,5750.0,209,120.0,素材,"ex:2025-09-29|pay:2025-12:55.0, ex:2026-03-30|pay:2026-06:55.0"
7970,信越ポリマー,2350.0,281,66.0,素材,"ex:2025-09-29|pay:2025-12:30.0, ex:2026-03-30|pay:2026-06:32.0"
7971,東リ,691.0,492,34.0,資本財,"ex:2025-09-29|pay:2025-12:10.0, ex:2026-03-30|pay:2026-06:24.0"
7972,イトーキ,2485.0,362,90.0,一般消費財,ex:2025-12-29|pay:2026-03:75.0
7974,任天堂,8100.0,270,219.0,コミュニケーション・サービス,"ex:2025-09-29|pay:2025-12:42.0, ex:2026-03-30|pay:2026-06:177.0"
7975,リヒトラブ,1163.0,215,25.0,資本財,ex:2026-02-26|pay:2026-05:25.0
7976,三菱鉛筆,3395.0,156,53.0,資本財,"ex:2025-12-29|pay:2026-03:26.0, ex:2026-06-29|pay:2026-09:28.5"
7979,松風,2302.0,239,55.0,ヘルスケア,"ex:2025-09-29|pay:2025-12:21.0, ex:2026-03-30|pay:2026-06:39.0"
7980,重松製作所,861.0,174,15.0,ヘルスケア,ex:2026-03-30|pay:2026-06:15.0
7981,タカラスタンダード,3140.0,395,124.0,一般消費財,"ex:2025-09-29|pay:2025-12:50.0, ex:2026-03-30|pay:2026-06:66.0"
7983,ミロク,1162.0,86,10.0,資本財,"ex:2025-10-30|pay:2026-01:5.0, ex:2026-04-28|pay:2026-07:5.0"
7984,コクヨ,898.9,273,24.5,資本財,"ex:2025-12-29|pay:2026-03:13.0, ex:2026-06-29|pay:2026-09:12.25"
7985,ネポン,734.0,123,9.0,資本財,
7986,日本アイ・エス・ケイ,1929.0,156,30.0,素材,ex:2025-12-29|pay:2026-03:30.0
7987,ナカバヤシ,570.0,386,22.0,資本財,"ex:2025-09-29|pay:2025-12:10.0, ex:2026-03-30|pay:2026-06:12.0"
7988,ニフコ,4954.0,170,84.0,一般消費財,"ex:2025-09-29|pay:2025-12:40.0, ex:2026-03-30|pay:2026-06:70.0"
7989,立川ブラインド工業,2700.0,519,140.0,一般消費財,"ex:2025-12-29|pay:2026-03:50.0, ex:2026-06-29|pay:2026-09:50.0"
7990,グローブライド,2459.0,407,100.0,一般消費財,"ex:2025-09-29|pay:2025-12:45.0, ex:2026-03-30|pay:2026-06:45.0"
7991,マミヤ・オーピー,1061.0,471,50.0,資本財,ex:2026-03-30|pay:2026-06:50.0
7992,セーラー万年筆,102.0,0,0.0,資本財,
7994,オカムラ,2365.0,444,105.0,資本財,"ex:2025-09-29|pay:2025-12:52.0, ex:2026-03-30|pay:2026-06:52.0"
7995,バルカー,6760.0,251,170.0,資本財,"ex:2025-09-29|pay:2025-12:75.0, ex:2026-03-30|pay:2026-06:75.0"
7997,くろがね工作所,1098.0,182,20.0,一般消費財,ex:2025-11-27|pay:2026-02:40.0
7999,ＭＵＴＯＨホールディングス,7580.0,104,79.0,資本財,ex:2025-09-29|pay:2025-12:38.0
8001,伊藤忠商事,2211.0,199,44.0,資本財,"ex:2025-09-29|pay:2025-12:20.0, ex:2026-03-30|pay:2026-06:22.0"
8002,丸紅,4916.0,234,115.0,資本財,"ex:2025-09-29|pay:2025-12:50.0, ex:2026-03-30|pay:2026-06:57.5"
8005,スクロール,1817.0,534,97.0,一般消費財,"ex:2025-09-29|pay:2025-12:29.5, ex:2026-03-30|pay:2026-06:29.5"
8006,ユアサ・フナショク,1483.0,223,33.0,生活必需品,ex:2026-03-30|pay:2026-06:33.0
8007,高島,803.0,573,46.0,素材,"ex:2025-09-29|pay:2025-12:22.5, ex:2026-03-30|pay:2026-06:22.5"
8008,ヨンドシーホールディングス,2105.0,404,85.0,一般消費財,"ex:2026-02-26|pay:2026-05:41.5, ex:2026-08-28|pay:2026-11:42.5"
8011,三陽商会,1356.0,826,112.0,一般消費財,"ex:2026-02-26|pay:2026-05:23.3333, ex:2026-08-28|pay:2026-11:76.0"
8012,長瀬産業,1184.5,236,28.0,素材,"ex:2025-09-29|pay:2025-12:11.25, ex:2026-03-30|pay:2026-06:13.75"
8013,ナイガイ,383.0,0,0.0,一般消費財,
8014,蝶理,4250.0,405,172.0,資本財,"ex:2025-09-29|pay:2025-12:72.0, ex:2026-03-30|pay:2026-06:75.0"
8015,豊田通商,7449.0,168,125.0,資本財,"ex:2025-09-29|pay:2025-12:58.0, ex:2026-03-30|pay:2026-06:62.0"
8016,オンワードホールディングス,725.0,455,33.0,一般消費財,"ex:2026-02-26|pay:2026-05:16.0, ex:2026-08-28|pay:2026-11:16.0"
8018,三共生興,849.0,318,27.0,一般消費財,"ex:2025-09-29|pay:2025-12:13.5, ex:2026-03-30|pay:2026-06:13.5"
8020,兼松,2338.5,299,70.0,資本財,"ex:2025-09-29|pay:2025-12:28.75, ex:2026-03-30|pay:2026-06:34.25"
8022,美津濃,4185.0,158,66.0,一般消費財,"ex:2025-09-29|pay:2025-12:25.0, ex:2026-03-30|pay:2026-06:35.0"
8023,ＤＡＩＫＯ　ＸＴＥＣＨ,1046.0,363,38.0,情報技術,"ex:2025-09-29|pay:2025-12:18.0, ex:2026-03-30|pay:2026-06:18.0"
8025,ツカモトコーポレーション,1307.0,230,30.0,一般消費財,ex:2026-03-30|pay:2026-06:30.0
8029,ルックホールディングス,2714.0,368,100.0,一般消費財,ex:2025-12-29|pay:2026-03:100.0
8030,中央魚類,3925.0,306,120.0,生活必需品,ex:2026-03-30|pay:2026-06:120.0
8031,三井物産,5071.0,276,140.0,資本財,"ex:2025-09-29|pay:2025-12:55.0, ex:2026-03-30|pay:2026-06:60.0"
8032,日本紙パルプ商事,1272.0,283,36.0,素材,"ex:2025-09-29|pay:2025-12:14.0, ex:2026-03-30|pay:2026-06:20.0"
8035,東京エレクトロン,56520.0,132,748.0,情報技術,"ex:2025-09-29|pay:2025-12:264.0, ex:2026-03-30|pay:2026-06:364.0"
8037,カメイ,5210.0,261,136.0,エネルギー,"ex:2025-09-29|pay:2025-12:50.0, ex:2026-03-30|pay:2026-06:65.0"
8039,築地魚市場,3470.0,101,35.0,生活必需品,ex:2026-03-30|pay:2026-06:35.0
8040,東京ソワール,1047.0,430,45.0,一般消費財,ex:2025-12-29|pay:2026-03:45.0
8041,ＯＵＧホールディングス,4615.0,373,172.0,生活必需品,ex:2026-03-30|pay:2026-06:167.0
8043,スターゼン,1570.0,331,52.0,生活必需品,ex:2026-03-30|pay:2026-06:43.0
8045,横浜丸魚,2083.0,163,34.0,生活必需品,"ex:2025-09-29|pay:2025-12:15.0, ex:2026-03-30|pay:2026-06:19.0"
8046,丸藤シートパイル,992.0,383,38.0,素材,ex:2026-03-30|pay:2026-06:40.0
8050,セイコーグループ,10410.0,101,105.0,一般消費財,"ex:2025-09-29|pay:2025-12:30.0, ex:2026-03-30|pay:2026-06:52.5"
8051,山善,2028.0,276,56.0,資本財,"ex:2025-09-29|pay:2025-12:20.0, ex:2026-03-30|pay:2026-06:34.0"
8052,椿本興業,2974.0,403,120.0,資本財,"ex:2025-09-29|pay:2025-12:20.0, ex:2026-03-30|pay:2026-06:70.0"
8053,住友商事,1798.0,222,40.0,資本財,"ex:2025-09-29|pay:2025-12:17.5, ex:2026-03-30|pay:2026-06:20.0"
8056,ＢＩＰＲＯＧＹ,4796.0,292,140.0,情報技術,"ex:2025-09-29|pay:2025-12:60.0, ex:2026-03-30|pay:2026-06:70.0"
8057,内田洋行,2247.0,338,76.0,資本財,ex:2026-07-16|pay:2026-10:76.0
8058,三菱商事,4859.0,259,126.0,資本財,"ex:2025-09-29|pay:2025-12:55.0, ex:2026-03-30|pay:2026-06:55.0"
8059,第一実業,3720.0,339,126.0,資本財,"ex:2025-09-29|pay:2025-12:51.0, ex:2026-03-30|pay:2026-06:74.0"
8060,キヤノンマーケティングジャパン,3737.0,254,95.0,資本財,"ex:2025-12-29|pay:2026-03:50.0, ex:2026-06-29|pay:2026-09:40.0"
8061,西華産業,3085.0,382,118.0,資本財,"ex:2025-09-29|pay:2025-12:36.66, ex:2026-03-30|pay:2026-06:45.0"
8065,佐藤商事,3130.0,351,110.0,素材,"ex:2025-09-29|pay:2025-12:38.0, ex:2026-03-30|pay:2026-06:44.0"
8066,三谷商事,3655.0,252,92.0,資本財,"ex:2025-09-29|pay:2025-12:44.0, ex:2026-03-30|pay:2026-06:53.0"
8070,東京産業,1029.0,389,40.0,資本財,"ex:2025-09-29|pay:2025-12:19.0, ex:2026-03-30|pay:2026-06:19.0"
8074,ユアサ商事,6450.0,363,234.0,資本財,"ex:2025-09-29|pay:2025-12:76.0, ex:2026-03-30|pay:2026-06:114.0"
8075,神鋼商事,3225.0,347,112.0,素材,"ex:2025-09-29|pay:2025-12:53.0, ex:2026-03-30|pay:2026-06:53.0"
8076,カノークス,2150.0,493,106.0,素材,"ex:2025-09-29|pay:2025-12:52.0, ex:2026-03-30|pay:2026-06:52.0"
8077,トルク,211.0,284,6.0,資本財,"ex:2025-10-30|pay:2026-01:3.0, ex:2026-04-28|pay:2026-07:3.0"
8078,阪和興業,1941.0,340,66.0,資本財,"ex:2025-09-29|pay:2025-12:25.0, ex:2026-03-30|pay:2026-06:33.0"
8079,正栄食品工業,4460.0,202,90.0,生活必需品,"ex:2025-10-30|pay:2026-01:30.0, ex:2026-04-28|pay:2026-07:45.0"
8081,カナデン,2630.0,380,100.0,資本財,"ex:2025-09-29|pay:2025-12:36.0, ex:2026-03-30|pay:2026-06:36.0"
8084,ＲＹＯＤＥＮ,4950.0,258,127.5,情報技術,"ex:2025-09-29|pay:2025-12:68.0, ex:2026-03-30|pay:2026-06:70.0"
8085,ナラサキ産業,4360.0,321,140.0,資本財,ex:2026-03-30|pay:2026-06:130.0
8086,ニプロ,1450.5,221,32.0,ヘルスケア,"ex:2025-09-29|pay:2025-12:10.0, ex:2026-03-30|pay:2026-06:19.0"
8088,岩谷産業,2136.5,220,47.0,資本財,"ex:2025-09-29|pay:2025-12:23.5, ex:2026-03-30|pay:2026-06:23.5"
8089,ナイス,1985.0,484,96.0,資本財,"ex:2025-09-29|pay:2025-12:28.0, ex:2026-03-30|pay:2026-06:44.0"
8091,ニチモウ,2448.0,408,100.0,生活必需品,"ex:2025-09-29|pay:2025-12:50.0, ex:2026-03-30|pay:2026-06:50.0"
8093,極東貿易,1821.0,406,74.0,情報技術,"ex:2025-09-29|pay:2025-12:35.0, ex:2026-03-30|pay:2026-06:39.0"
8095,アステナホールディングス,527.0,342,18.0,資本財,"ex:2025-11-27|pay:2026-02:9.0, ex:2026-05-28|pay:2026-08:9.0"
8097,三愛オブリ,2484.0,403,100.0,エネルギー,"ex:2025-09-29|pay:2025-12:50.0, ex:2026-03-30|pay:2026-06:50.0"
8098,稲畑産業,4535.0,315,143.0,素材,"ex:2025-09-29|pay:2025-12:63.0, ex:2026-03-30|pay:2026-06:65.0"
8101,ＧＳＩクレオス,2603.0,407,106.0,一般消費財,ex:2026-03-30|pay:2026-06:104.0
8103,明和産業,1018.0,462,47.0,資本財,ex:2026-03-30|pay:2026-06:42.0
8104,クワザワホールディングス,798.0,376,30.0,素材,ex:2026-03-30|pay:2026-06:26.0
8105,Ｂｉｔｃｏｉｎ　Ｊａｐａｎ,77.0,0,0.0,一般消費財,
8107,キムラタン,30.0,0,0.0,一般消費財,
8111,ゴールドウイン,2182.0,321,70.0,一般消費財,"ex:2025-09-29|pay:2025-12:28.99, ex:2026-03-30|pay:2026-06:29.0"
8113,ユニ・チャーム,956.7,230,22.0,生活必需品,"ex:2025-12-29|pay:2026-03:9.0, ex:2026-06-29|pay:2026-09:11.0"
8115,ムーンバット,1340.0,507,68.0,一般消費財,"ex:2025-09-29|pay:2025-12:20.0, ex:2026-03-30|pay:2026-06:41.0"
8117,中央自動車工業,2195.0,301,66.0,一般消費財,"ex:2025-09-29|pay:2025-12:26.0, ex:2026-03-30|pay:2026-06:38.0"
8118,キング,1180.0,153,18.0,一般消費財,ex:2026-03-30|pay:2026-06:18.0
8119,三栄コーポレーション,790.0,392,31.0,一般消費財,"ex:2025-09-29|pay:2025-12:15.5, ex:2026-03-30|pay:2026-06:15.5"
8123,川辺,1388.0,360,50.0,一般消費財,ex:2026-03-30|pay:2026-06:50.0
8125,ワキタ,1973.0,507,100.0,資本財,"ex:2026-02-26|pay:2026-05:100.0, ex:2026-08-28|pay:2026-11:50.0"
8127,ヤマトインターナショナル,527.0,266,14.0,一般消費財,"ex:2026-02-26|pay:2026-05:6.0, ex:2026-08-28|pay:2026-11:8.0"
8129,東邦ホールディングス,4061.0,443,180.0,ヘルスケア,"ex:2025-09-29|pay:2025-12:45.0, ex:2026-03-30|pay:2026-06:120.0"
8130,サンゲツ,3235.0,479,155.0,一般消費財,"ex:2025-09-29|pay:2025-12:77.5, ex:2026-03-30|pay:2026-06:77.5"
8131,ミツウロコグループホールディングス,2514.0,263,66.0,エネルギー,ex:2026-03-30|pay:2026-06:66.0
8132,シナネンホールディングス,7640.0,157,120.0,エネルギー,ex:2026-03-30|pay:2026-06:120.0
8133,伊藤忠エネクス,2374.0,286,68.0,エネルギー,"ex:2025-09-29|pay:2025-12:31.0, ex:2026-03-30|pay:2026-06:35.0"
8135,ゼット,431.0,418,18.0,一般消費財,ex:2026-03-30|pay:2026-06:18.0
8136,サンリオ,1210.0,132,16.0,一般消費財,"ex:2025-09-29|pay:2025-12:6.2, ex:2026-03-30|pay:2026-06:7.6"
8137,サンワテクノス,4845.0,268,130.0,情報技術,"ex:2025-09-29|pay:2025-12:60.0, ex:2026-03-30|pay:2026-06:62.0"
8138,三京化成,4120.0,243,100.0,素材,"ex:2025-09-29|pay:2025-12:50.0, ex:2026-03-30|pay:2026-06:50.0"
8139,ナガホリ,2173.0,69,15.0,一般消費財,ex:2026-03-30|pay:2026-06:20.0
8141,新光商事,1568.0,118,18.5,情報技術,"ex:2025-09-29|pay:2025-12:6.0, ex:2026-03-30|pay:2026-06:12.5"
8142,トーホー,1391.0,439,61.0,生活必需品,"ex:2026-01-29|pay:2026-04:25.0, ex:2026-07-30|pay:2026-10:30.0"
8143,ラピーヌ,166.0,0,0.0,一般消費財,
8144,デンキョーグループホールディングス,1265.0,316,40.0,情報技術,"ex:2025-09-29|pay:2025-12:20.0, ex:2026-03-30|pay:2026-06:23.0"
8147,トミタ,1450.0,172,25.0,資本財,ex:2026-03-30|pay:2026-06:24.0
8150,三信電気,3320.0,422,140.0,情報技術,"ex:2025-09-29|pay:2025-12:40.0, ex:2026-03-30|pay:2026-06:150.0"
8151,東陽テクニカ,1936.0,362,70.0,情報技術,"ex:2025-09-29|pay:2025-12:39.0, ex:2026-03-30|pay:2026-06:30.0"
8152,ソマール,7200.0,139,100.0,素材,ex:2026-03-30|pay:2026-06:100.0
8153,モスフードサービス,3900.0,87,34.0,一般消費財,"ex:2025-09-29|pay:2025-12:15.0, ex:2026-03-30|pay:2026-06:19.0"
8154,加賀電子,5420.0,258,140.0,情報技術,"ex:2025-09-29|pay:2025-12:60.0, ex:2026-03-30|pay:2026-06:80.0"
8157,都築電気,4360.0,436,190.0,資本財,"ex:2025-09-29|pay:2025-12:50.0, ex:2026-03-30|pay:2026-06:76.0"
8158,ソーダニッカ,1334.0,330,44.0,素材,"ex:2025-09-29|pay:2025-12:20.0, ex:2026-03-30|pay:2026-06:24.0"
8159,立花エレテック,4410.0,272,120.0,情報技術,"ex:2025-09-29|pay:2025-12:50.0, ex:2026-03-30|pay:2026-06:50.0"
8160,木曽路,2378.0,126,30.0,一般消費財,"ex:2025-09-29|pay:2025-12:15.0, ex:2026-03-30|pay:2026-06:15.0"
8163,ＳＲＳホールディングス,1496.0,67,10.0,一般消費財,ex:2026-03-30|pay:2026-06:10.0
8165,千趣会,101.0,0,0.0,一般消費財,
8166,タカキュー,78.0,0,0.0,一般消費財,
8167,リテールパートナーズ,1446.0,277,40.0,生活必需品,"ex:2026-02-26|pay:2026-05:20.0, ex:2026-08-28|pay:2026-11:20.0"
8173,上新電機,4455.0,224,100.0,一般消費財,"ex:2025-09-29|pay:2025-12:50.0, ex:2026-03-30|pay:2026-06:50.0"
8174,日本瓦斯,3084.0,120,37.0,公益事業,"ex:2025-09-29|pay:2025-12:51.5, ex:2026-03-30|pay:2026-06:51.5"
8179,ロイヤルホールディングス,1310.0,134,17.5,一般消費財,ex:2025-12-29|pay:2026-03:17.5
8181,東天紅,1010.0,149,15.0,一般消費財,ex:2026-02-26|pay:2026-05:15.0
8185,チヨダ,1002.0,539,54.0,一般消費財,"ex:2026-02-26|pay:2026-05:27.0, ex:2026-08-28|pay:2026-11:27.0"
8194,ライフコーポレーション,2713.0,258,70.0,生活必需品,"ex:2026-02-26|pay:2026-05:33.0, ex:2026-08-28|pay:2026-11:35.0"
8198,マックスバリュ東海,3395.0,250,85.0,生活必需品,ex:2026-02-26|pay:2026-05:85.0
8200,リンガーハット,2263.0,57,13.0,一般消費財,"ex:2026-02-26|pay:2026-05:7.0, ex:2026-08-28|pay:2026-11:6.0"
8202,ラオックスホールディングス,149.0,268,4.0,一般消費財,ex:2025-12-29|pay:2026-03:3.0
8203,ＭｒＭａｘＨＤ,754.0,385,29.0,生活必需品,ex:2026-02-26|pay:2026-05:27.0
8207,テンアライド,302.0,0,0.0,一般消費財,
8209,フレンドリー,312.0,0,0.0,一般消費財,
8214,ＡＯＫＩホールディングス,1742.0,689,120.0,一般消費財,"ex:2025-09-29|pay:2025-12:20.0, ex:2026-03-30|pay:2026-06:60.0"
8217,オークワ,803.0,324,26.0,一般消費財,"ex:2026-02-19|pay:2026-05:13.0, ex:2026-08-19|pay:2026-11:13.0"
8218,コメリ,3930.0,148,58.0,一般消費財,"ex:2025-09-29|pay:2025-12:28.0, ex:2026-03-30|pay:2026-06:28.0"
8219,青山商事,761.0,499,38.0,一般消費財,"ex:2025-09-29|pay:2025-12:18.3333, ex:2026-03-30|pay:2026-06:27.0"
8225,タカチホ,3695.0,298,110.0,一般消費財,ex:2026-03-30|pay:2026-06:100.0
8226,理経,400.0,175,7.0,情報技術,ex:2026-03-30|pay:2026-06:7.0
8227,しまむら,3216.0,249,80.0,一般消費財,"ex:2026-02-19|pay:2026-05:35.0, ex:2026-08-19|pay:2026-11:40.0"
8230,はせがわ,308.0,487,15.0,一般消費財,"ex:2025-09-29|pay:2025-12:7.5, ex:2026-03-30|pay:2026-06:7.5"
8233,高島屋,2135.0,187,40.0,一般消費財,"ex:2026-02-26|pay:2026-05:17.0, ex:2026-08-28|pay:2026-11:20.0"
8237,松屋,2209.0,54,12.0,一般消費財,"ex:2026-02-26|pay:2026-05:6.0, ex:2026-08-28|pay:2026-11:6.0"
8242,エイチ・ツー・オー　リテイリング,2851.0,168,48.0,生活必需品,"ex:2025-09-29|pay:2025-12:22.0, ex:2026-03-30|pay:2026-06:24.0"
8244,近鉄百貨店,1894.0,106,20.0,一般消費財,ex:2026-02-26|pay:2026-05:20.0
8247,大和,370.0,0,0.0,一般消費財,
8252,丸井グループ,2889.5,464,134.0,金融,"ex:2025-09-29|pay:2025-12:65.0, ex:2026-03-30|pay:2026-06:66.0"
8253,クレディセゾン,4650.0,344,160.0,金融,ex:2026-03-30|pay:2026-06:130.0
8254,さいか屋,296.0,169,5.0,一般消費財,ex:2026-08-28|pay:2026-11:5.0
8255,アクシアル　リテイリング,1343.0,216,29.0,生活必需品,"ex:2025-09-29|pay:2025-12:13.0, ex:2026-03-30|pay:2026-06:16.0"
8260,井筒屋,389.0,180,7.0,一般消費財,ex:2026-02-26|pay:2026-05:6.0
8267,イオン,1300.0,108,14.0,一般消費財,"ex:2026-02-26|pay:2026-05:7.0, ex:2026-08-28|pay:2026-11:7.5"
8273,イズミ,983.0,305,30.0,一般消費財,"ex:2026-02-26|pay:2026-05:15.0, ex:2026-08-28|pay:2026-11:15.0"
8275,フォーバル,1006.0,318,32.0,情報技術,ex:2026-03-30|pay:2026-06:31.0
8276,平和堂,2684.0,246,66.0,一般消費財,"ex:2026-02-19|pay:2026-05:33.0, ex:2026-08-19|pay:2026-11:33.0"
8278,フジ,2036.0,147,30.0,一般消費財,"ex:2026-02-26|pay:2026-05:15.0, ex:2026-08-28|pay:2026-11:15.0"
8281,ゼビオホールディングス,1137.0,308,35.0,一般消費財,"ex:2025-09-29|pay:2025-12:17.5, ex:2026-03-30|pay:2026-06:17.5"
8282,ケーズホールディングス,1876.0,256,48.0,一般消費財,"ex:2025-09-29|pay:2025-12:22.0, ex:2026-03-30|pay:2026-06:24.0"
8283,ＰＡＬＴＡＣ,6630.0,181,120.0,生活必需品,"ex:2025-09-29|pay:2025-12:57.0, ex:2026-03-30|pay:2026-06:63.0"
8285,三谷産業,822.0,195,16.0,資本財,"ex:2025-09-29|pay:2025-12:5.0, ex:2026-03-30|pay:2026-06:8.0"
8289,Ｏｌｙｍｐｉｃグループ,952.0,210,20.0,一般消費財,
8291,日産東京販売ホールディングス,560.0,482,27.0,一般消費財,"ex:2025-09-29|pay:2025-12:12.0, ex:2026-03-30|pay:2026-06:15.0"
8301,日本銀行　出資証券,24000.0,0,0.0,金融,
8303,ＳＢＩ新生銀行,1619.0,124,20.0,金融,ex:2026-03-30|pay:2026-06:42.0
8304,あおぞら銀行,3526.0,267,94.0,金融,"ex:2025-09-29|pay:2025-12:22.0, ex:2025-12-29|pay:2026-03:22.0, ex:2026-03-30|pay:2026-06:25.0, ex:2026-06-29|pay:2026-09:25.0"
8306,三菱ＵＦＪフィナンシャル・グループ,3714.0,258,96.0,金融,"ex:2025-09-29|pay:2025-12:35.0, ex:2026-03-30|pay:2026-06:51.0"
8308,りそなホールディングス,2540.0,146,37.0,金融,"ex:2025-09-29|pay:2025-12:14.5, ex:2026-03-30|pay:2026-06:14.5"
8309,三井住友トラストグループ,1801.5,264,47.5,金融,"ex:2025-09-29|pay:2025-12:20.0, ex:2026-03-30|pay:2026-06:26.25"
8316,三井住友フィナンシャルグループ,6919.0,130,90.0,金融,"ex:2025-09-29|pay:2025-12:78.0, ex:2026-03-30|pay:2026-06:79.0"
8331,千葉銀行,2834.5,226,64.0,金融,"ex:2025-09-29|pay:2025-12:24.0, ex:2026-03-30|pay:2026-06:28.0"
8334,群馬銀行,3208.0,218,70.0,金融,"ex:2025-09-29|pay:2025-12:30.0, ex:2026-03-30|pay:2026-06:32.0"
8336,武蔵野銀行,2957.0,277,82.0,金融,"ex:2025-09-29|pay:2025-12:26.6667, ex:2026-03-30|pay:2026-06:30.0"
8337,千葉興業銀行,2777.0,72,20.0,金融,ex:2026-03-30|pay:2026-06:10.0
8338,筑波銀行,788.0,63,5.0,金融,ex:2026-03-30|pay:2026-06:5.0
8341,七十七銀行,4197.0,248,104.0,金融,"ex:2025-09-29|pay:2025-12:37.6667, ex:2026-03-30|pay:2026-06:49.0"
8343,秋田銀行,10250.0,39,40.0,金融,"ex:2025-09-29|pay:2025-12:75.0, ex:2026-03-30|pay:2026-06:100.0"
8344,山形銀行,5680.0,173,98.0,金融,"ex:2025-09-29|pay:2025-12:28.0, ex:2026-03-30|pay:2026-06:56.0"
8345,岩手銀行,2907.0,200,58.0,金融,"ex:2025-09-29|pay:2025-12:24.0, ex:2026-03-30|pay:2026-06:28.0"
8346,東邦銀行,1097.0,237,26.0,金融,"ex:2025-09-29|pay:2025-12:7.0, ex:2026-03-30|pay:2026-06:10.0"
8349,東北銀行,1655.0,302,50.0,金融,"ex:2025-09-29|pay:2025-12:25.0, ex:2026-03-30|pay:2026-06:25.0"
8354,ふくおかフィナンシャルグループ,8008.0,262,210.0,金融,"ex:2025-09-29|pay:2025-12:85.0, ex:2026-03-30|pay:2026-06:95.0"
8358,スルガ銀行,2891.0,208,60.0,金融,"ex:2025-09-29|pay:2025-12:22.0, ex:2026-03-30|pay:2026-06:38.0"
8359,八十二長野銀行,2840.0,229,65.0,金融,"ex:2025-09-29|pay:2025-12:20.0, ex:2026-03-30|pay:2026-06:40.0"
8360,山梨中央銀行,7620.0,43,32.6,金融,"ex:2025-09-29|pay:2025-12:59.0, ex:2026-03-30|pay:2026-06:72.0"
8361,大垣共立銀行,8850.0,34,30.0,金融,"ex:2025-09-29|pay:2025-12:55.0, ex:2026-03-30|pay:2026-06:95.0"
8362,福井銀行,8180.0,183,150.0,金融,"ex:2025-09-29|pay:2025-12:29.0, ex:2026-03-30|pay:2026-06:79.0"
8364,清水銀行,3280.0,183,60.0,金融,"ex:2025-09-29|pay:2025-12:30.0, ex:2026-03-30|pay:2026-06:30.0"
8365,富山銀行,2422.0,227,55.0,金融,"ex:2025-09-29|pay:2025-12:25.0, ex:2026-03-30|pay:2026-06:30.0"
8366,滋賀銀行,3020.0,166,50.0,金融,"ex:2025-09-29|pay:2025-12:13.0, ex:2026-03-30|pay:2026-06:15.0"
8367,南都銀行,2088.0,268,56.0,金融,"ex:2025-09-29|pay:2025-12:19.0, ex:2026-03-30|pay:2026-06:24.0"
8368,百五銀行,2606.0,161,42.0,金融,"ex:2025-09-29|pay:2025-12:13.0, ex:2026-03-30|pay:2026-06:21.0"
8370,紀陽銀行,5390.0,193,104.0,金融,"ex:2025-09-29|pay:2025-12:58.0, ex:2026-03-30|pay:2026-06:79.0"
8377,ほくほくフィナンシャルグループ,8815.0,17,15.0,金融,"ex:2025-09-29|pay:2025-12:45.0, ex:2026-03-30|pay:2026-06:65.0"
8381,山陰合同銀行,2660.0,256,68.0,金融,"ex:2025-09-29|pay:2025-12:28.0, ex:2026-03-30|pay:2026-06:32.0"
8383,鳥取銀行,1976.0,253,50.0,金融,"ex:2025-09-29|pay:2025-12:25.0, ex:2026-03-30|pay:2026-06:25.0"
8386,百十四銀行,3245.0,216,70.0,金融,"ex:2025-09-29|pay:2025-12:27.0, ex:2026-03-30|pay:2026-06:31.5"
8387,四国銀行,4635.0,186,86.0,金融,"ex:2025-09-29|pay:2025-12:28.0, ex:2026-03-30|pay:2026-06:32.0"
8388,阿波銀行,11040.0,40,44.0,金融,"ex:2025-09-29|pay:2025-12:60.0, ex:2026-03-30|pay:2026-06:82.5"
8392,大分銀行,3280.0,152,50.0,金融,"ex:2025-09-29|pay:2025-12:17.0, ex:2026-03-30|pay:2026-06:17.0"
8393,宮崎銀行,2955.0,190,56.0,金融,"ex:2025-09-29|pay:2025-12:18.0, ex:2026-03-30|pay:2026-06:22.0"
8395,佐賀銀行,7080.0,155,110.0,金融,"ex:2025-09-29|pay:2025-12:50.0, ex:2026-03-30|pay:2026-06:60.0"
8399,琉球銀行,3430.0,286,98.0,金融,"ex:2025-09-29|pay:2025-12:27.0, ex:2026-03-30|pay:2026-06:61.0"
8410,セブン銀行,346.7,317,11.0,金融,"ex:2025-09-29|pay:2025-12:5.5, ex:2026-03-30|pay:2026-06:5.5"
8411,みずほフィナンシャルグループ,8626.0,174,150.0,金融,"ex:2025-09-29|pay:2025-12:72.5, ex:2026-03-30|pay:2026-06:72.5"
8416,高知銀行,1172.0,213,25.0,金融,"ex:2025-09-29|pay:2025-12:10.0, ex:2026-03-30|pay:2026-06:15.0"
8418,山口フィナンシャルグループ,3550.0,270,96.0,金融,"ex:2025-09-29|pay:2025-12:32.0, ex:2026-03-30|pay:2026-06:32.0"
8421,信金中央金庫　優先出資証券,193600.0,336,6500.0,金融,ex:2026-03-30|pay:2026-06:6500.0
8424,芙蓉総合リース,4577.0,376,172.0,資本財,"ex:2025-09-29|pay:2025-12:79.0, ex:2026-03-30|pay:2026-06:79.0"
8425,みずほリース,1378.0,377,52.0,金融,"ex:2025-09-29|pay:2025-12:25.0, ex:2026-03-30|pay:2026-06:26.0"
8439,東京センチュリー,2740.5,328,90.0,資本財,"ex:2025-09-29|pay:2025-12:36.0, ex:2026-03-30|pay:2026-06:44.0"
8473,ＳＢＩホールディングス,3298.0,318,105.0,金融,"ex:2025-09-29|pay:2025-12:20.0, ex:2026-03-30|pay:2026-06:75.0"
8508,Ｊトラスト,818.0,208,17.0,金融,ex:2025-12-29|pay:2026-03:17.0
8511,日本証券金融,2528.0,372,94.0,金融,"ex:2025-09-29|pay:2025-12:40.0, ex:2026-03-30|pay:2026-06:46.0"
8515,アイフル,453.0,265,12.0,金融,"ex:2025-09-29|pay:2025-12:6.0, ex:2026-03-30|pay:2026-06:6.0"
8518,日本アジア投資,155.0,0,0.0,金融,
8522,名古屋銀行,7470.0,268,200.0,金融,"ex:2025-09-29|pay:2025-12:50.0, ex:2026-03-30|pay:2026-06:120.0"
8524,北洋銀行,1375.0,233,32.0,金融,"ex:2025-09-29|pay:2025-12:6.5, ex:2025-12-29|pay:2026-03:6.5, ex:2026-03-30|pay:2026-06:8.5, ex:2026-06-29|pay:2026-09:8.0"
8537,大光銀行,3360.0,315,106.0,金融,"ex:2025-09-29|pay:2025-12:35.0, ex:2026-03-30|pay:2026-06:54.0"
8541,愛媛銀行,3700.0,130,48.0,金融,"ex:2025-09-29|pay:2025-12:17.0, ex:2026-03-30|pay:2026-06:29.0"
8542,トマト銀行,1915.0,261,50.0,金融,"ex:2025-09-29|pay:2025-12:25.0, ex:2026-03-30|pay:2026-06:25.0"
8544,京葉銀行,3010.0,219,66.0,金融,"ex:2025-09-29|pay:2025-12:19.0, ex:2026-03-30|pay:2026-06:23.0"
8550,栃木銀行,1208.0,248,30.0,金融,"ex:2025-09-29|pay:2025-12:12.0, ex:2026-03-30|pay:2026-06:14.0"
8551,北日本銀行,9060.0,71,64.0,金融,"ex:2025-09-29|pay:2025-12:84.0, ex:2026-03-30|pay:2026-06:100.0"
8558,東和銀行,1585.0,315,50.0,金融,ex:2026-03-30|pay:2026-06:35.0
8562,福島銀行,398.0,126,5.0,金融,ex:2026-03-30|pay:2026-06:5.0
8563,大東銀行,1202.0,333,40.0,金融,ex:2026-03-30|pay:2026-06:40.0
8566,リコーリース,6940.0,268,186.0,金融,"ex:2025-09-29|pay:2025-12:90.0, ex:2026-03-30|pay:2026-06:95.0"
8570,イオンフィナンシャルサービス,1622.0,327,53.0,金融,"ex:2026-02-26|pay:2026-05:28.0, ex:2026-08-28|pay:2026-11:25.0"
8572,アコム,486.7,452,22.0,金融,"ex:2025-09-29|pay:2025-12:10.0, ex:2026-03-30|pay:2026-06:12.0"
8584,ジャックス,3750.0,533,200.0,金融,"ex:2025-09-29|pay:2025-12:100.0, ex:2026-03-30|pay:2026-06:100.0"
8585,オリエントコーポレーション,847.0,472,40.0,金融,ex:2026-03-30|pay:2026-06:40.0
8591,オリックス,6171.0,275,169.61,金融,"ex:2025-09-29|pay:2025-12:93.76, ex:2026-03-30|pay:2026-06:62.34"
8593,三菱ＨＣキャピタル,1378.5,377,52.0,金融,"ex:2025-09-29|pay:2025-12:22.0, ex:2026-03-30|pay:2026-06:24.0"
8595,ジャフコ　グループ,2288.0,581,133.0,金融,"ex:2025-09-29|pay:2025-12:66.5, ex:2026-03-30|pay:2026-06:66.5"
8596,九州リースサービス,1577.0,393,62.0,資本財,"ex:2025-09-29|pay:2025-12:28.0, ex:2026-03-30|pay:2026-06:30.0"
8600,トモニホールディングス,1226.0,245,30.0,金融,"ex:2025-09-29|pay:2025-12:13.0, ex:2026-03-30|pay:2026-06:13.0"
8601,大和証券グループ本社,1845.5,379,70.0,金融,"ex:2025-09-29|pay:2025-12:29.0, ex:2026-03-30|pay:2026-06:35.0"
8604,野村ホールディングス,1586.0,322,51.0,金融,"ex:2025-09-29|pay:2025-12:27.0, ex:2026-03-30|pay:2026-06:24.0"
8609,岡三証券グループ,1253.0,319,40.0,金融,ex:2026-03-30|pay:2026-06:50.0
8613,丸三証券,1296.0,324,42.0,金融,"ex:2025-09-29|pay:2025-12:32.0, ex:2026-03-30|pay:2026-06:38.0"
8614,東洋証券,706.0,708,50.0,金融,ex:2026-03-30|pay:2026-06:50.0
8616,東海東京フィナンシャル・ホールディングス,906.0,497,45.0,金融,"ex:2025-09-29|pay:2025-12:22.0, ex:2026-03-30|pay:2026-06:28.0"
8617,光世証券,609.0,164,10.0,金融,ex:2026-03-30|pay:2026-06:10.0
8622,水戸証券,920.0,457,42.0,金融,"ex:2025-09-29|pay:2025-12:15.0, ex:2026-03-30|pay:2026-06:28.0"
8624,いちよし証券,1710.0,509,87.0,金融,"ex:2025-09-29|pay:2025-12:30.0, ex:2026-03-30|pay:2026-06:59.0"
8628,松井証券,1159.0,483,56.0,金融,"ex:2025-09-29|pay:2025-12:25.0, ex:2026-03-30|pay:2026-06:25.0"
8630,ＳＯＭＰＯホールディングス,6888.0,290,200.0,金融,"ex:2025-09-29|pay:2025-12:75.0, ex:2026-03-30|pay:2026-06:75.0"
8697,日本取引所グループ,2333.0,351,82.0,金融,"ex:2025-09-29|pay:2025-12:25.0, ex:2026-03-30|pay:2026-06:36.0"
8698,マネックスグループ,729.0,422,30.8,金融,"ex:2025-09-29|pay:2025-12:15.3, ex:2026-03-30|pay:2026-06:15.4"
8699,ＨＳホールディングス,1129.0,89,10.0,金融,ex:2026-03-30|pay:2026-06:10.0
8700,丸八証券,2168.0,461,100.0,金融,ex:2026-03-30|pay:2026-06:100.0
8704,トレイダーズホールディングス,1436.0,320,46.0,金融,"ex:2025-09-29|pay:2025-12:16.0, ex:2026-03-30|pay:2026-06:24.0"
8705,日産証券グループ,225.0,267,6.0,金融,"ex:2025-09-29|pay:2025-12:3.0, ex:2026-03-30|pay:2026-06:12.0"
8706,極東証券,1877.0,586,110.0,金融,"ex:2025-09-29|pay:2025-12:50.0, ex:2026-03-30|pay:2026-06:60.0"
8707,岩井コスモホールディングス,4745.0,485,230.0,金融,"ex:2025-09-29|pay:2025-12:60.0, ex:2026-03-30|pay:2026-06:165.0"
8708,アイザワ証券グループ,1756.0,268,47.0,金融,"ex:2025-09-29|pay:2025-12:48.0, ex:2026-03-30|pay:2026-06:69.0"
8713,フィデアホールディングス,2871.0,261,75.0,金融,"ex:2025-09-29|pay:2025-12:37.5, ex:2026-03-30|pay:2026-06:37.5"
8714,池田泉州ホールディングス,1139.0,241,27.5,金融,"ex:2025-09-29|pay:2025-12:10.5, ex:2026-03-30|pay:2026-06:14.5"
8715,アニコム　ホールディングス,1026.0,132,13.5,金融,ex:2026-03-30|pay:2026-06:9.0
8725,ＭＳ＆ＡＤインシュアランスグループホールディングス,5030.0,278,140.0,金融,"ex:2025-09-29|pay:2025-12:77.5, ex:2026-03-30|pay:2026-06:82.5"
8729,ソニーフィナンシャルグループ,162.3,493,8.0,金融,ex:2026-03-30|pay:2026-06:3.8
8737,あかつき本社,614.0,489,30.0,金融,"ex:2025-09-29|pay:2025-12:12.5, ex:2026-03-30|pay:2026-06:17.5"
8739,スパークス・グループ,2679.0,411,110.0,金融,ex:2026-03-30|pay:2026-06:90.0
8742,小林洋行,590.0,102,6.0,金融,ex:2026-03-30|pay:2026-06:6.0
8746,ｕｎｂａｎｋｅｄ,103.0,0,0.0,金融,
8747,豊トラスティ証券,2300.0,913,210.0,金融,ex:2026-03-30|pay:2026-06:210.0
8750,第一生命ホールディングス,1907.0,378,72.0,金融,"ex:2025-09-29|pay:2025-12:24.0, ex:2026-03-30|pay:2026-06:30.5"
8766,東京海上ホールディングス,7992.0,164,130.67,金融,"ex:2025-09-29|pay:2025-12:105.5, ex:2026-03-30|pay:2026-06:112.5"
8769,アドバンテッジリスクマネジメント,529.0,359,19.0,ヘルスケア,ex:2026-03-30|pay:2026-06:17.0
8771,イー・ギャランティ,1784.0,471,84.0,金融,ex:2026-03-30|pay:2026-06:40.0
8772,アサックス,895.0,246,22.0,金融,ex:2026-03-30|pay:2026-06:22.0
8783,ａｂｃ,46.0,0,0.0,金融,
8789,フィンテック　グローバル,163.0,307,5.0,金融,ex:2025-09-29|pay:2025-12:3.0
8793,ＮＥＣキャピタルソリューション,4285.0,350,150.0,資本財,"ex:2025-09-29|pay:2025-12:75.0, ex:2026-03-30|pay:2026-06:75.0"
8795,Ｔ＆Ｄホールディングス,4993.0,328,164.0,金融,"ex:2025-09-29|pay:2025-12:62.0, ex:2026-03-30|pay:2026-06:68.0"
8798,アドバンスクリエイト,134.0,0,0.0,金融,
8801,三井不動産,1507.5,245,37.0,不動産,"ex:2025-09-29|pay:2025-12:17.0, ex:2026-03-30|pay:2026-06:18.0"
8802,三菱地所,3655.0,137,50.0,不動産,"ex:2025-09-29|pay:2025-12:23.0, ex:2026-03-30|pay:2026-06:23.0"
8803,平和不動産,2373.0,371,88.0,不動産,"ex:2025-09-29|pay:2025-12:36.0, ex:2026-03-30|pay:2026-06:62.0"
8804,東京建物,3320.0,392,130.0,不動産,"ex:2025-12-29|pay:2026-03:57.0, ex:2026-06-29|pay:2026-09:61.0"
8818,京阪神ビルディング,1086.0,276,30.0,不動産,"ex:2025-09-29|pay:2025-12:10.0, ex:2026-03-30|pay:2026-06:10.0"
8830,住友不動産,3207.0,162,52.0,不動産,"ex:2025-09-29|pay:2025-12:21.0, ex:2026-03-30|pay:2026-06:23.0"
8835,太平洋興発,792.0,511,40.5,資本財,ex:2026-03-30|pay:2026-06:40.0
8836,ＲＩＳＥ,26.0,0,0.0,不動産,
8841,テーオーシー,1014.0,108,11.0,不動産,"ex:2025-09-29|pay:2025-12:5.0, ex:2026-03-30|pay:2026-06:5.0"
8844,コスモスイニシア,1209.0,438,53.0,不動産,"ex:2025-09-29|pay:2025-12:11.0, ex:2026-03-30|pay:2026-06:37.0"
8848,レオパレス２１,1030.0,97,10.0,不動産,"ex:2025-09-29|pay:2025-12:5.0, ex:2026-03-30|pay:2026-06:5.0"
8850,スターツコーポレーション,4775.0,314,150.0,不動産,"ex:2025-09-29|pay:2025-12:65.0, ex:2026-03-30|pay:2026-06:75.0"
8860,フジ住宅,752.0,426,32.0,不動産,"ex:2025-09-29|pay:2025-12:16.0, ex:2026-03-30|pay:2026-06:16.0"
8864,空港施設,975.0,431,42.0,不動産,"ex:2025-09-29|pay:2025-12:18.0, ex:2026-03-30|pay:2026-06:24.0"
8869,明和地所,813.0,492,40.0,不動産,ex:2026-03-30|pay:2026-06:45.0
8871,ゴールドクレスト,3220.0,497,160.0,不動産,"ex:2025-09-29|pay:2025-12:50.0, ex:2026-03-30|pay:2026-06:50.0"
8876,リログループ,2317.5,324,75.0,資本財,ex:2026-03-30|pay:2026-06:69.0
8877,エスリード,5320.0,451,240.0,不動産,"ex:2025-09-29|pay:2025-12:105.0, ex:2026-03-30|pay:2026-06:135.0"
8881,日神グループホールディングス,661.0,560,37.0,不動産,ex:2026-03-30|pay:2026-06:35.0
8887,シーラホールディングス,363.0,386,14.0,不動産,"ex:2025-11-27|pay:2026-02:6.0, ex:2026-05-28|pay:2026-08:7.0"
8891,ＡＭＧホールディングス,2123.0,377,80.0,不動産,"ex:2025-09-29|pay:2025-12:35.0, ex:2026-03-30|pay:2026-06:35.0"
8892,エスコン,1118.0,474,53.0,不動産,ex:2026-03-30|pay:2026-06:48.0
8894,ＲＥＶＯＬＵＴＩＯＮ,15.0,0,0.0,不動産,
8897,ＭＩＲＡＲＴＨホールディングス,452.0,509,23.0,不動産,"ex:2025-09-29|pay:2025-12:5.0, ex:2026-03-30|pay:2026-06:16.0"
8898,センチュリー２１・ジャパン,1166.0,480,56.0,不動産,"ex:2025-09-29|pay:2025-12:25.0, ex:2026-03-30|pay:2026-06:28.0"
8904,ＡＶＡＮＴＩＡ,822.0,462,38.0,一般消費財,"ex:2026-02-26|pay:2026-05:19.0, ex:2026-08-28|pay:2026-11:19.0"
8908,毎日コムネット,893.0,437,39.0,不動産,"ex:2025-11-27|pay:2026-02:10.0, ex:2026-05-28|pay:2026-08:28.0"
8912,エリアクエスト,157.0,255,4.0,不動産,ex:2026-06-29|pay:2026-09:4.0
8914,エリアリンク,893.0,325,29.0,不動産,"ex:2025-12-29|pay:2026-03:13.5, ex:2026-06-29|pay:2026-09:13.0"
8917,ファースト住建,1090.0,394,43.0,一般消費財,"ex:2025-10-30|pay:2026-01:22.0, ex:2026-04-28|pay:2026-07:21.0"
8918,ランド,10.0,0,0.0,不動産,
8919,カチタス,3575.0,252,90.0,一般消費財,"ex:2025-09-29|pay:2025-12:39.0, ex:2026-03-30|pay:2026-06:41.0"
8920,東祥,690.0,145,10.0,資本財,"ex:2025-09-29|pay:2025-12:5.0, ex:2026-03-30|pay:2026-06:5.0"
8921,シーズクリエイト,2248.0,0,0.0,,
8923,トーセイ,1722.0,319,55.0,不動産,ex:2025-11-27|pay:2026-02:50.0
8927,明豊エンタープライズ,506.0,336,17.0,不動産,"ex:2026-01-29|pay:2026-04:6.5, ex:2026-07-30|pay:2026-10:8.5"
8928,穴吹興産,2309.0,346,80.0,不動産,"ex:2025-12-29|pay:2026-03:32.0, ex:2026-06-29|pay:2026-09:46.0"
8929,青山財産ネットワークス,1389.0,504,70.0,不動産,"ex:2025-12-29|pay:2026-03:33.0, ex:2026-06-29|pay:2026-09:23.0"
8931,和田興産,1349.0,519,70.0,不動産,"ex:2026-02-26|pay:2026-05:37.0, ex:2026-08-28|pay:2026-11:32.0"
8934,サンフロンティア不動産,2408.0,332,80.0,不動産,"ex:2025-09-29|pay:2025-12:38.0, ex:2026-03-30|pay:2026-06:38.0"
8935,ＦＪネクストホールディングス,2025.0,395,80.0,不動産,"ex:2025-09-29|pay:2025-12:28.0, ex:2026-03-30|pay:2026-06:38.0"
8938,グローム・ホールディングス,326.0,92,3.0,不動産,
8944,ランドビジネス,251.0,239,6.0,不動産,ex:2025-09-29|pay:2025-12:6.0
8945,サンネクスタグループ,1089.0,404,44.0,不動産,"ex:2025-12-29|pay:2026-03:21.0, ex:2026-06-29|pay:2026-09:22.0"
8946,ＡＳＩＡＮ　ＳＴＡＲ,73.0,0,0.0,不動産,
8951,日本ビルファンド投資法人,119200.0,416,4954.0,不動産,"ex:2025-12-29|pay:2026-03:2454.0, ex:2026-06-29|pay:2026-09:2489.0"
8952,ジャパンリアルエステイト投資法人,112900.0,454,5122.0,不動産,"ex:2025-09-29|pay:2025-12:2511.0, ex:2026-03-30|pay:2026-06:2536.0"
8953,日本都市ファンド投資法人,109300.0,548,5987.0,不動産,"ex:2026-02-26|pay:2026-05:3006.0, ex:2026-08-28|pay:2026-11:2981.0"
8954,オリックス不動産投資法人,94300.0,516,4864.0,不動産,"ex:2026-02-26|pay:2026-05:2414.0, ex:2026-08-28|pay:2026-11:2450.0"
8955,日本プライムリアルティ投資法人,93700.0,459,4297.0,不動産,"ex:2025-12-29|pay:2026-03:2111.0, ex:2026-06-29|pay:2026-09:2147.0"
8956,ＮＴＴ都市開発リート投資法人,126100.0,492,6200.0,不動産,"ex:2025-10-30|pay:2026-01:3140.0, ex:2026-04-28|pay:2026-07:3140.0"
8957,東急リアル・エステート投資法人,181200.0,444,8050.0,不動産,"ex:2026-01-29|pay:2026-04:4000.0, ex:2026-07-30|pay:2026-10:4020.0"
8958,グローバル・ワン不動産投資法人,111100.0,619,6881.0,不動産,"ex:2025-09-29|pay:2025-12:4271.0, ex:2026-03-30|pay:2026-06:3681.0"
8960,ユナイテッド・アーバン投資法人,154000.0,603,9280.0,不動産,"ex:2025-11-27|pay:2026-02:4142.0, ex:2026-05-28|pay:2026-08:4592.0"
8961,森トラストリート投資法人,70300.0,519,3651.0,不動産,"ex:2026-02-26|pay:2026-05:1837.0, ex:2026-08-28|pay:2026-11:1814.0"
8963,インヴィンシブル投資法人,60700.0,720,4372.0,不動産,"ex:2025-12-29|pay:2026-03:2186.0, ex:2026-06-29|pay:2026-09:1930.0"
8964,フロンティア不動産投資法人,76000.0,584,4440.0,不動産,"ex:2025-12-29|pay:2026-03:2200.0, ex:2026-06-29|pay:2026-09:2214.0"
8966,平和不動産リート投資法人,130100.0,616,8020.0,不動産,"ex:2025-11-27|pay:2026-02:3950.0, ex:2026-05-28|pay:2026-08:3990.0"
8967,日本ロジスティクスファンド投資法人,91700.0,480,4400.0,不動産,"ex:2026-01-29|pay:2026-04:2300.0, ex:2026-07-30|pay:2026-10:2365.0"
8968,福岡リート投資法人,171700.0,466,8000.0,不動産,"ex:2026-02-26|pay:2026-05:4151.0, ex:2026-08-28|pay:2026-11:4000.0"
8972,ＫＤＸ不動産投資法人,145400.0,587,8536.0,不動産,"ex:2025-10-30|pay:2026-01:4105.0, ex:2026-04-28|pay:2026-07:4166.0"
8975,いちごオフィスリート投資法人,95400.0,1014,9669.0,不動産,"ex:2025-10-30|pay:2026-01:2715.0, ex:2026-04-28|pay:2026-07:2376.0"
8976,大和証券オフィス投資法人,307500.0,466,14340.0,不動産,"ex:2025-11-27|pay:2026-02:8020.0, ex:2026-05-28|pay:2026-08:7630.0"
8977,阪急阪神リート投資法人,132000.0,508,6700.0,不動産,"ex:2025-11-27|pay:2026-02:3389.0, ex:2026-05-28|pay:2026-08:3300.0"
8979,スターツプロシード投資法人,185200.0,574,10636.0,不動産,"ex:2025-10-30|pay:2026-01:4825.0, ex:2026-04-28|pay:2026-07:5186.0"
8984,大和ハウスリート投資法人,112800.0,467,5268.0,不動産,"ex:2026-02-26|pay:2026-05:3458.0, ex:2026-08-28|pay:2026-11:3070.0"
8985,ジャパン・ホテル・リート投資法人,82600.0,704,5811.0,不動産,ex:2025-12-29|pay:2026-03:5061.0
8986,大和証券リビング投資法人,92600.0,555,5140.0,不動産,"ex:2025-09-29|pay:2025-12:2700.0, ex:2026-03-30|pay:2026-06:2630.0"
8987,ジャパンエクセレント投資法人,131300.0,470,6170.0,不動産,"ex:2025-12-29|pay:2026-03:3036.0, ex:2026-06-29|pay:2026-09:3070.0"
8995,誠建設工業,1951.0,128,25.0,不動産,ex:2026-03-30|pay:2026-06:25.0
8996,ハウスフリーダム,1067.0,515,55.0,不動産,ex:2025-12-29|pay:2026-03:55.0
8999,グランディハウス,569.0,562,32.0,不動産,ex:2026-03-30|pay:2026-06:32.0
9001,東武鉄道,2970.0,253,75.0,資本財,"ex:2025-09-29|pay:2025-12:32.5, ex:2026-03-30|pay:2026-06:37.5"
9003,相鉄ホールディングス,2637.5,265,70.0,資本財,"ex:2025-09-29|pay:2025-12:30.0, ex:2026-03-30|pay:2026-06:40.0"
9005,東急,1658.5,193,32.0,一般消費財,"ex:2025-09-29|pay:2025-12:14.0, ex:2026-03-30|pay:2026-06:16.0"
9006,京浜急行電鉄,1550.0,297,46.0,資本財,"ex:2025-09-29|pay:2025-12:23.0, ex:2026-03-30|pay:2026-06:23.0"
9007,小田急電鉄,1782.5,337,60.0,資本財,"ex:2025-09-29|pay:2025-12:25.0, ex:2026-03-30|pay:2026-06:30.0"
9008,京王電鉄,795.1,277,22.0,資本財,"ex:2025-09-29|pay:2025-12:11.0, ex:2026-03-30|pay:2026-06:11.0"
9009,京成電鉄,1352.5,163,22.0,資本財,"ex:2025-09-29|pay:2025-12:9.0, ex:2026-03-30|pay:2026-06:12.0"
9010,富士急行,2605.0,127,33.0,資本財,ex:2026-03-30|pay:2026-06:32.0
9012,秩父鉄道,2087.0,0,0.0,資本財,
9017,新潟交通,1990.0,50,10.0,資本財,ex:2026-03-30|pay:2026-06:10.0
9020,東日本旅客鉄道,3460.0,243,84.0,資本財,"ex:2025-09-29|pay:2025-12:35.0, ex:2026-03-30|pay:2026-06:39.0"
9021,西日本旅客鉄道,3037.0,321,97.5,資本財,"ex:2025-09-29|pay:2025-12:45.0, ex:2026-03-30|pay:2026-06:52.5"
9022,東海旅客鉄道,3778.0,85,32.0,資本財,"ex:2025-09-29|pay:2025-12:16.0, ex:2026-03-30|pay:2026-06:16.0"
9023,東京地下鉄,1536.5,286,44.0,資本財,"ex:2025-09-29|pay:2025-12:21.0, ex:2026-03-30|pay:2026-06:21.0"
9024,西武ホールディングス,3586.0,117,42.0,資本財,"ex:2025-09-29|pay:2025-12:20.0, ex:2026-03-30|pay:2026-06:22.0"
9025,鴻池運輸,2949.0,373,110.0,資本財,"ex:2025-09-29|pay:2025-12:55.0, ex:2026-03-30|pay:2026-06:55.0"
9028,ゼロ,3330.0,425,141.6,一般消費財,"ex:2025-12-29|pay:2026-03:56.0, ex:2026-06-29|pay:2026-09:84.3"
9029,ヒガシホールディングス,1815.0,342,62.0,資本財,ex:2026-03-30|pay:2026-06:60.0
9031,西日本鉄道,3125.0,288,90.0,資本財,"ex:2025-09-29|pay:2025-12:25.0, ex:2026-03-30|pay:2026-06:45.0"
9033,広島電鉄,631.0,127,8.0,資本財,ex:2026-03-30|pay:2026-06:8.0
9034,南総通運,1677.0,477,80.0,資本財,"ex:2025-09-29|pay:2025-12:30.0, ex:2026-03-30|pay:2026-06:40.0"
9036,東部ネットワーク,1233.0,162,20.0,資本財,"ex:2025-09-29|pay:2025-12:7.5, ex:2026-03-30|pay:2026-06:12.5"
9037,ハマキョウレックス,1878.0,245,46.0,資本財,"ex:2025-09-29|pay:2025-12:18.75, ex:2026-03-30|pay:2026-06:23.0"
9039,サカイ引越センター,3080.0,565,174.0,資本財,"ex:2025-09-29|pay:2025-12:30.0, ex:2026-03-30|pay:2026-06:68.0"
9041,近鉄グループホールディングス,3556.0,197,70.0,資本財,"ex:2025-09-29|pay:2025-12:30.0, ex:2026-03-30|pay:2026-06:30.0"
9042,阪急阪神ホールディングス,4510.0,222,100.0,資本財,"ex:2025-09-29|pay:2025-12:50.0, ex:2026-03-30|pay:2026-06:50.0"
9044,南海電気鉄道,3244.0,170,55.0,資本財,"ex:2025-09-29|pay:2025-12:25.0, ex:2026-03-30|pay:2026-06:25.0"
9045,京阪ホールディングス,3217.0,267,86.0,資本財,ex:2026-03-30|pay:2026-06:100.0
9046,神戸電鉄,2474.0,101,25.0,資本財,ex:2026-03-30|pay:2026-06:25.0
9048,名古屋鉄道,1872.5,320,60.0,資本財,ex:2026-03-30|pay:2026-06:40.0
9049,京福電気鉄道,6510.0,31,20.0,資本財,ex:2026-03-30|pay:2026-06:20.0
9051,センコン物流,1264.0,119,15.0,資本財,"ex:2025-09-29|pay:2025-12:7.5, ex:2026-03-30|pay:2026-06:7.5"
9052,山陽電気鉄道,2007.0,249,50.0,資本財,"ex:2025-09-29|pay:2025-12:25.0, ex:2026-03-30|pay:2026-06:25.0"
9057,遠州トラック,3290.0,292,96.0,資本財,"ex:2025-09-29|pay:2025-12:48.0, ex:2026-03-30|pay:2026-06:48.0"
9059,カンダホールディングス,932.0,279,26.0,資本財,"ex:2025-09-29|pay:2025-12:11.5, ex:2026-03-30|pay:2026-06:11.5"
9060,日本ロジテム,4195.0,191,80.0,資本財,"ex:2025-09-29|pay:2025-12:40.0, ex:2026-03-30|pay:2026-06:40.0"
9063,岡山県貨物運送,4155.0,168,70.0,資本財,ex:2026-03-30|pay:2026-06:80.0
9064,ヤマトホールディングス,2020.0,228,46.0,資本財,"ex:2025-09-29|pay:2025-12:23.0, ex:2026-03-30|pay:2026-06:23.0"
9065,山九,8224.0,190,156.0,資本財,"ex:2025-09-29|pay:2025-12:118.0, ex:2026-03-30|pay:2026-06:128.0"
9067,丸運,942.0,64,6.0,資本財,ex:2025-09-29|pay:2025-12:6.0
9068,丸全昭和運輸,7370.0,163,120.0,資本財,"ex:2025-09-29|pay:2025-12:90.0, ex:2026-03-30|pay:2026-06:120.0"
9069,センコーグループホールディングス,2380.5,235,56.0,資本財,"ex:2025-09-29|pay:2025-12:25.0, ex:2026-03-30|pay:2026-06:25.0"
9072,ニッコンホールディングス,5125.0,219,112.0,資本財,"ex:2025-09-29|pay:2025-12:37.0, ex:2026-03-30|pay:2026-06:38.0"
9073,京極運輸商事,1277.0,94,12.0,資本財,ex:2026-03-30|pay:2026-06:12.0
9074,日本石油輸送,4950.0,121,60.0,資本財,"ex:2025-09-29|pay:2025-12:50.0, ex:2026-03-30|pay:2026-06:90.0"
9075,福山通運,6340.0,158,100.0,資本財,"ex:2025-09-29|pay:2025-12:38.0, ex:2026-03-30|pay:2026-06:38.0"
9076,セイノーホールディングス,2725.0,448,122.0,資本財,"ex:2025-09-29|pay:2025-12:43.0, ex:2026-03-30|pay:2026-06:61.0"
9081,神奈川中央交通,4095.0,220,90.0,資本財,"ex:2025-09-29|pay:2025-12:45.0, ex:2026-03-30|pay:2026-06:45.0"
9082,大和自動車交通,2674.0,37,10.0,一般消費財,"ex:2025-09-29|pay:2025-12:4.0, ex:2026-03-30|pay:2026-06:5.0"
9083,神姫バス,1998.0,250,50.0,資本財,"ex:2025-09-29|pay:2025-12:20.0, ex:2026-03-30|pay:2026-06:30.0"
9087,タカセ,2155.0,162,35.0,資本財,ex:2026-03-30|pay:2026-06:35.0
9090,ＡＺ－ＣＯＭ丸和ホールディングス,904.0,354,32.0,資本財,"ex:2025-09-29|pay:2025-12:16.0, ex:2026-03-30|pay:2026-06:16.0"
9101,日本郵船,7365.0,500,260.0,資本財,"ex:2025-03-28|pay:2025-06:130.0, ex:2025-09-26|pay:2025-12:130.0"
9104,商船三井,7106.0,288,205.0,資本財,"ex:2025-09-29|pay:2025-12:85.0, ex:2026-03-30|pay:2026-06:115.0"
9107,川崎汽船,3451.0,348,120.0,資本財,"ex:2025-09-29|pay:2025-12:60.0, ex:2026-03-30|pay:2026-06:60.0"
9110,ＮＳユナイテッド海運,10510.0,295,310.0,資本財,"ex:2025-09-29|pay:2025-12:105.0, ex:2026-03-30|pay:2026-06:205.0"
9115,明海グループ,1069.0,47,5.0,資本財,ex:2026-03-30|pay:2026-06:5.0
9119,飯野海運,1766.0,294,52.0,資本財,"ex:2025-09-29|pay:2025-12:24.0, ex:2026-03-30|pay:2026-06:35.0"
9127,玉井商船,3710.0,296,110.0,資本財,ex:2026-03-30|pay:2026-06:125.0
9130,共栄タンカー,1747.0,229,40.0,資本財,"ex:2025-09-29|pay:2025-12:20.0, ex:2026-03-30|pay:2026-06:20.0"
9142,九州旅客鉄道,3539.0,342,121.0,資本財,"ex:2025-09-29|pay:2025-12:57.5, ex:2026-03-30|pay:2026-06:57.5"
9143,ＳＧホールディングス,1500.0,360,54.0,資本財,"ex:2025-09-29|pay:2025-12:26.0, ex:2026-03-30|pay:2026-06:27.0"
9145,ビーイングホールディングス,567.0,265,15.0,資本財,"ex:2025-12-29|pay:2026-03:8.5, ex:2026-06-29|pay:2026-09:6.0"
9146,五健堂ホールディングス,4000.0,0,0.0,,
9147,ＮＩＰＰＯＮ　ＥＸＰＲＥＳＳホールディングス,5793.0,173,100.0,資本財,"ex:2025-12-29|pay:2026-03:50.0, ex:2026-06-29|pay:2026-09:50.0"
9149,大友ロジスティクスサービス,560.0,0,0.0,,
9156,はなホールディングス,2670.0,0,0.0,,
9158,シーユーシー,793.0,0,0.0,ヘルスケア,
9159,Ｗ　ＴＯＫＹＯ,1933.0,0,0.0,コミュニケーション・サービス,
9160,ノバレーゼ,336.0,0,0.0,一般消費財,
9162,ブリーチ,228.0,0,0.0,コミュニケーション・サービス,
9163,ナレルグループ,2396.0,480,115.0,資本財,"ex:2025-10-30|pay:2026-01:60.0, ex:2026-04-28|pay:2026-07:55.0"
9165,クオルテック,1805.0,521,94.0,資本財,ex:2026-06-29|pay:2026-09:47.0
9166,ＧＥＮＤＡ,671.0,119,8.0,一般消費財,ex:2026-07-30|pay:2026-10:4.0
9168,ライズ・コンサルティング・グループ,423.0,496,21.0,資本財,ex:2026-02-26|pay:2026-05:21.0
9169,大伸社,1000.0,0,0.0,,
9171,栗林商船,1482.0,202,30.0,資本財,ex:2026-03-30|pay:2026-06:60.0
9173,東海汽船,2811.0,36,10.0,資本財,ex:2025-12-29|pay:2026-03:10.0
9193,東京汽船,895.0,223,20.0,資本財,ex:2026-03-30|pay:2026-06:50.0
9201,日本航空,3096.0,310,96.0,資本財,"ex:2025-09-29|pay:2025-12:46.0, ex:2026-03-30|pay:2026-06:50.0"
9202,ＡＮＡホールディングス,3045.0,197,60.0,資本財,ex:2026-03-30|pay:2026-06:65.0
92025,ベルーナ,4767.0,111,52.73,,ex:2026-03-30|pay:2026-06:52.73
9204,ＡＮＡホールディングス,425.0,165,7.0,資本財,ex:2026-03-30|pay:2026-06:7.0
9206,ＡＮＡホールディングス,1963.0,0,0.0,資本財,
9211,エフ・コード,1518.0,0,0.0,コミュニケーション・サービス,
9212,Ｇｒｅｅｎ　Ｅａｒｔｈ　Ｉｎｓｔｉｔｕｔｅ,313.0,0,0.0,素材,
9213,セイファート,1037.0,116,12.0,資本財,ex:2025-12-29|pay:2026-03:7.0
9214,Ｒｅｃｏｖｅｒｙ　Ｉｎｔｅｒｎａｔｉｏｎａｌ,1308.0,0,0.0,ヘルスケア,
9215,ＣａＳｙ,991.0,0,0.0,情報技術,
9216,ビーウィズ,1704.0,452,77.0,資本財,ex:2026-05-28|pay:2026-08:77.0
9218,メンタルヘルステクノロジーズ,797.0,125,10.0,ヘルスケア,ex:2025-12-29|pay:2026-03:10.0
9219,ギックス,900.0,594,53.5,情報技術,"ex:2025-12-29|pay:2026-03:26.5, ex:2026-06-29|pay:2026-09:27.0"
9220,エフビー介護サービス,1270.0,394,50.0,ヘルスケア,"ex:2025-09-29|pay:2025-12:13.0, ex:2026-03-30|pay:2026-06:25.0"
9221,フルハシＥＰＯ,1222.0,262,32.0,資本財,"ex:2025-09-29|pay:2025-12:15.0, ex:2026-03-30|pay:2026-06:15.0"
9222,ｍａｎａｂｙ,50.0,0,0.0,資本財,
9223,ＡＳＮＯＶＡ,355.0,56,2.0,資本財,"ex:2025-09-29|pay:2025-12:1.0, ex:2026-03-30|pay:2026-06:1.0"
9225,ブリッジコンサルティンググループ,970.0,0,0.0,資本財,
9226,アイガー,1200.0,0,0.0,,
9227,マイクロ波化学,826.0,0,0.0,素材,
9229,サンウェルズ,110.0,0,0.0,ヘルスケア,
9233,アジア航測,1158.0,380,44.0,資本財,"ex:2025-09-29|pay:2025-12:29.0, ex:2026-03-30|pay:2026-06:20.0"
9235,売れるネット広告社グループ,400.0,0,0.0,コミュニケーション・サービス,
9236,ジャパンＭ＆Ａソリューション,1468.0,136,20.0,資本財,
9237,笑美面,819.0,0,0.0,資本財,
9238,バリュークリエーション,360.0,0,0.0,コミュニケーション・サービス,
9239,ケーイーティ,500.0,0,0.0,,
9240,デリバリーコンサルティング,381.0,0,0.0,情報技術,
9241,フューチャーリンクネットワーク,1237.0,0,0.0,コミュニケーション・サービス,
9242,メディア総研,1974.0,142,28.0,資本財,ex:2026-07-30|pay:2026-10:25.0
9243,富士テクノホールディングス,480.0,417,20.0,資本財,ex:2026-03-30|pay:2026-06:20.0
9244,デジタリフト,1573.0,0,0.0,コミュニケーション・サービス,
9245,リベロ,2040.0,206,42.0,コミュニケーション・サービス,ex:2025-12-29|pay:2026-03:30.0
9246,プロジェクトホールディングス,1110.0,0,0.0,資本財,
9247,ＴＲＥホールディングス,1807.0,277,50.0,資本財,"ex:2025-09-29|pay:2025-12:20.0, ex:2026-03-30|pay:2026-06:30.0"
9248,人・夢・技術グループ,1684.0,356,60.0,資本財,ex:2025-09-29|pay:2025-12:62.0
9249,日本エコシステム,1651.0,109,18.0,コミュニケーション・サービス,"ex:2025-09-29|pay:2025-12:9.0, ex:2026-03-30|pay:2026-06:9.0"
9250,ＧＲＣＳ,1041.0,0,0.0,情報技術,
9251,ＡＢ＆Ｃｏｍｐａｎｙ,1603.0,374,60.0,一般消費財,ex:2025-10-30|pay:2026-01:60.0
9252,ラストワンマイル,4085.0,73,30.0,資本財,"ex:2026-02-26|pay:2026-05:18.0, ex:2026-08-28|pay:2026-11:12.0"
9253,スローガン,779.0,0,0.0,資本財,
9254,ラバブルマーケティンググループ,1086.0,0,0.0,コミュニケーション・サービス,
9256,サクシード,991.0,161,16.0,生活必需品,ex:2026-03-30|pay:2026-06:16.0
9257,ＹＣＰホールディングス（グローバル）リミテッド　ＪＤＲ,522.0,334,17.42,金融,"ex:2025-12-30|pay:2026-03:11.003, ex:2026-07-02|pay:2026-10:6.2874"
9258,ＣＳ－Ｃ,301.0,0,0.0,コミュニケーション・サービス,
9259,タカヨシホールディングス,848.0,354,30.0,生活必需品,ex:2025-09-29|pay:2025-12:30.0
9262,シルバーライフ,681.0,294,20.0,生活必需品,ex:2026-07-30|pay:2026-10:18.0
9264,ポエック,1634.0,459,75.0,資本財,ex:2026-08-28|pay:2026-11:75.0
9265,ヤマシタヘルスケアホールディングス,3790.0,172,65.0,ヘルスケア,ex:2026-05-28|pay:2026-08:100.0
9267,Ｇｅｎｋｙ　ＤｒｕｇＳｔｏｒｅｓ,3475.0,37,13.0,ヘルスケア,"ex:2025-12-18|pay:2026-03:6.5, ex:2026-06-18|pay:2026-09:6.5"
9268,オプティマスグループ,412.0,437,18.0,一般消費財,"ex:2025-09-29|pay:2025-12:8.0, ex:2026-03-30|pay:2026-06:10.0"
9270,バリュエンスホールディングス,1955.0,230,45.0,一般消費財,ex:2026-08-28|pay:2026-11:45.0
9271,和心,952.0,126,12.0,一般消費財,ex:2026-06-29|pay:2026-09:6.0
9272,ブティックス,1453.0,0,0.0,一般消費財,
9273,コーア商事ホールディングス,751.0,493,37.0,ヘルスケア,ex:2026-06-29|pay:2026-09:18.0
9274,ＫＰＰグループホールディングス,1176.0,340,40.0,素材,"ex:2025-09-29|pay:2025-12:18.0, ex:2026-03-30|pay:2026-06:18.0"
9278,ブックオフグループホールディングス,2833.0,141,40.0,一般消費財,ex:2026-05-28|pay:2026-08:30.0
9279,ギフトホールディングス,1982.0,81,16.0,一般消費財,"ex:2025-10-30|pay:2026-01:5.5, ex:2026-04-28|pay:2026-07:6.5"
9282,いちごグリーンインフラ投資法人,30500.0,604,1841.0,不動産,ex:2026-06-29|pay:2026-09:3540.0
9284,カナディアン・ソーラー・インフラ投資法人,74200.0,837,6210.0,不動産,"ex:2025-12-29|pay:2026-03:3656.0, ex:2026-06-29|pay:2026-09:3041.0"
9285,東京インフラ・エネルギー投資法人,39300.0,793,3117.0,公益事業,"ex:2025-12-29|pay:2026-03:1800.0, ex:2026-06-29|pay:2026-09:1639.0"
9286,エネクス・インフラ投資法人,44200.0,836,3697.0,不動産,"ex:2025-11-27|pay:2026-02:2000.0, ex:2026-05-28|pay:2026-08:2185.0"
9287,ジャパン・インフラファンド投資法人,66700.0,1028,6860.0,公益事業,ex:2025-05-29|pay:2025-08:2000.0
9301,三菱倉庫,1584.5,278,44.0,資本財,"ex:2025-09-29|pay:2025-12:18.0, ex:2026-03-30|pay:2026-06:20.0"
9302,三井倉庫ホールディングス,3367.0,149,50.0,資本財,"ex:2025-09-29|pay:2025-12:24.5, ex:2026-03-30|pay:2026-06:24.5"
9303,住友倉庫,4200.0,245,103.0,資本財,"ex:2025-09-29|pay:2025-12:51.5, ex:2026-03-30|pay:2026-06:51.5"
9304,澁澤倉庫,2259.0,354,80.0,資本財,"ex:2025-09-29|pay:2025-12:24.0, ex:2026-03-30|pay:2026-06:32.0"
9305,ヤマタネ,2126.0,400,85.0,資本財,"ex:2025-09-29|pay:2025-12:35.0, ex:2026-03-30|pay:2026-06:40.0"
9306,東陽倉庫,2033.0,394,80.0,資本財,"ex:2025-09-29|pay:2025-12:30.0, ex:2026-03-30|pay:2026-06:40.0"
9307,杉村倉庫,939.0,213,20.0,資本財,"ex:2025-09-29|pay:2025-12:5.0, ex:2026-03-30|pay:2026-06:10.0"
9308,乾汽船,2428.0,188,45.53,資本財,"ex:2025-09-29|pay:2025-12:3.0, ex:2026-03-30|pay:2026-06:6.93"
9310,日本トランスシティ,1462.0,298,43.5,資本財,"ex:2025-09-29|pay:2025-12:18.5, ex:2026-03-30|pay:2026-06:24.5"
9311,アサガミ,7610.0,184,140.0,資本財,ex:2026-03-30|pay:2026-06:140.0
9312,ケイヒン,3050.0,361,110.0,資本財,ex:2026-03-30|pay:2026-06:100.0
9313,丸八倉庫,1060.0,528,56.0,資本財,ex:2025-11-27|pay:2026-02:24.0
9319,中央倉庫,1800.0,233,42.0,資本財,"ex:2025-09-29|pay:2025-12:16.0, ex:2026-03-30|pay:2026-06:22.0"
9322,川西倉庫,2488.0,129,32.0,資本財,"ex:2025-09-29|pay:2025-12:15.0, ex:2026-03-30|pay:2026-06:115.0"
9324,安田倉庫,2798.0,264,74.0,資本財,"ex:2025-09-29|pay:2025-12:29.0, ex:2026-03-30|pay:2026-06:41.0"
9325,ファイズホールディングス,1071.0,355,38.0,資本財,"ex:2025-09-29|pay:2025-12:15.0, ex:2026-03-30|pay:2026-06:15.0"
9326,関通,478.0,209,10.0,資本財,ex:2026-02-26|pay:2026-05:10.0
9327,イー・ロジット,191.0,0,0.0,資本財,
9330,揚羽,907.0,0,0.0,コミュニケーション・サービス,
9331,キャスター,708.0,0,0.0,資本財,
9332,ＮＩＳＳＯホールディングス,684.0,365,25.0,資本財,ex:2026-03-30|pay:2026-06:25.0
9334,アイビスホールディングス,1300.0,0,0.0,,
9335,テクノクリエイティブ,1406.0,14,2.0,,ex:2025-09-29|pay:2025-12:2.0
9336,大栄環境,3750.0,147,55.0,資本財,"ex:2025-09-29|pay:2025-12:24.5, ex:2026-03-30|pay:2026-06:28.5"
9337,トリドリ,1448.0,0,0.0,情報技術,
9338,ＩＮＦＯＲＩＣＨ,4530.0,0,0.0,資本財,
9339,コーチ・エィ,1429.0,140,20.0,生活必需品,ex:2025-12-29|pay:2026-03:20.0
9340,アソインターナショナル,825.0,339,28.0,ヘルスケア,"ex:2025-12-29|pay:2026-03:13.0, ex:2026-06-29|pay:2026-09:13.0"
9341,ＧＥＮＯＶＡ,620.0,484,30.0,ヘルスケア,ex:2026-03-30|pay:2026-06:30.0
9342,スマサポ,971.0,0,0.0,不動産,
9343,アイビス,791.0,152,12.0,情報技術,ex:2025-12-29|pay:2026-03:10.0
9344,アクシスコンサルティング,1354.0,303,41.0,資本財,ex:2026-06-29|pay:2026-09:35.0
9345,ビズメイツ,592.0,253,15.0,生活必需品,ex:2025-12-29|pay:2026-03:15.0
9346,ココルポート,1880.0,457,86.0,資本財,ex:2026-06-29|pay:2026-09:64.0
9347,日本管財ホールディングス,2947.0,204,60.0,不動産,"ex:2025-09-29|pay:2025-12:27.0, ex:2026-03-30|pay:2026-06:30.0"
9348,ｉｓｐａｃｅ,414.0,0,0.0,情報技術,
9351,東洋埠頭,1949.0,410,80.0,資本財,"ex:2025-09-29|pay:2025-12:30.0, ex:2026-03-30|pay:2026-06:50.0"
9353,櫻島埠頭,2996.0,180,54.0,資本財,ex:2026-03-30|pay:2026-06:54.0
9355,リンコーコーポレーション,2258.0,177,40.0,資本財,ex:2026-03-30|pay:2026-06:60.0
9360,鈴与シンワート,2753.0,436,120.0,情報技術,ex:2026-03-30|pay:2026-06:110.0
9361,伏木海陸運送,2015.0,298,60.0,資本財,"ex:2025-12-29|pay:2026-03:20.0, ex:2026-06-29|pay:2026-09:40.0"
9362,兵機海運,3705.0,297,110.0,資本財,ex:2026-03-30|pay:2026-06:110.0
9363,大運,504.0,317,16.0,資本財,ex:2026-03-30|pay:2026-06:15.0
9364,上組,4916.0,427,210.0,資本財,"ex:2025-09-29|pay:2025-12:90.0, ex:2026-03-30|pay:2026-06:115.0"
9365,トレーディア,1668.0,300,50.0,資本財,ex:2026-03-30|pay:2026-06:50.0
9366,サンリツ,1320.0,288,38.0,資本財,ex:2026-03-30|pay:2026-06:36.0
9367,大東港運,2001.0,160,32.0,資本財,"ex:2025-09-29|pay:2025-12:12.0, ex:2026-03-30|pay:2026-06:19.0"
9368,キムラユニティー,963.0,395,38.0,資本財,"ex:2025-09-29|pay:2025-12:17.0, ex:2026-03-30|pay:2026-06:17.0"
9369,キユーソー流通システム,2994.0,80,24.0,資本財,"ex:2025-11-27|pay:2026-02:14.0, ex:2026-05-28|pay:2026-08:12.0"
9376,ユーラシア旅行社,850.0,588,50.0,一般消費財,"ex:2025-09-29|pay:2025-12:24.0, ex:2026-03-30|pay:2026-06:25.0"
9380,東海運,449.0,200,9.0,資本財,"ex:2025-09-29|pay:2025-12:3.0, ex:2026-03-30|pay:2026-06:5.0"
9381,エーアイテイー,2370.0,464,110.0,資本財,"ex:2026-02-26|pay:2026-05:55.0, ex:2026-08-28|pay:2026-11:55.0"
9385,ショーエイコーポレーション,750.0,467,35.0,コミュニケーション・サービス,ex:2026-03-30|pay:2026-06:35.0
9399,ビート・ホールディングス・リミテッド,14.0,0,0.0,情報技術,
9401,ＴＢＳホールディングス,5828.0,172,100.0,コミュニケーション・サービス,"ex:2025-09-29|pay:2025-12:35.0, ex:2026-03-30|pay:2026-06:49.0"
9404,日本テレビホールディングス,2937.5,153,45.0,コミュニケーション・サービス,"ex:2025-09-29|pay:2025-12:10.0, ex:2026-03-30|pay:2026-06:35.0"
9405,朝日放送グループホールディングス,864.0,278,24.0,コミュニケーション・サービス,"ex:2025-09-29|pay:2025-12:8.0, ex:2026-03-30|pay:2026-06:25.0"
9408,ＢＳＮメディアホールディングス,2798.0,64,18.0,情報技術,"ex:2025-09-29|pay:2025-12:8.0, ex:2026-03-30|pay:2026-06:8.0"
9409,テレビ朝日ホールディングス,3110.0,322,100.0,コミュニケーション・サービス,"ex:2025-09-29|pay:2025-12:30.0, ex:2026-03-30|pay:2026-06:40.0"
9412,スカパーＪＳＡＴホールディングス,2077.0,231,48.0,コミュニケーション・サービス,"ex:2025-09-29|pay:2025-12:19.0, ex:2026-03-30|pay:2026-06:23.0"
9413,テレビ東京ホールディングス,3435.0,291,100.0,コミュニケーション・サービス,"ex:2025-09-29|pay:2025-12:15.0, ex:2026-03-30|pay:2026-06:85.0"
9414,日本ＢＳ放送,966.0,311,30.0,コミュニケーション・サービス,ex:2026-08-28|pay:2026-11:30.0
9416,ビジョン,1079.0,538,58.0,コミュニケーション・サービス,"ex:2025-12-29|pay:2026-03:30.0, ex:2026-06-29|pay:2026-09:22.0"
9417,スマートバリュー,329.0,304,10.0,情報技術,
9418,Ｕ－ＮＥＸＴ　ＨＯＬＤＩＮＧＳ,1798.0,95,17.0,資本財,"ex:2026-02-26|pay:2026-05:8.5, ex:2026-08-28|pay:2026-11:8.5"
9419,ワイヤレスゲート,298.0,0,0.0,コミュニケーション・サービス,
9421,エヌジェイホールディングス,530.0,0,0.0,コミュニケーション・サービス,
9423,フォーバル・リアルストレート,106.0,283,3.0,不動産,ex:2026-03-30|pay:2026-06:2.8
9424,日本通信,118.0,0,0.0,コミュニケーション・サービス,
9425,ＲｅＹｕｕ　Ｊａｐａｎ,225.0,0,0.0,情報技術,
9428,クロップス,1473.0,217,32.0,コミュニケーション・サービス,ex:2026-03-30|pay:2026-06:29.0
9432,ＮＴＴ,176.1,307,5.4,コミュニケーション・サービス,"ex:2025-09-29|pay:2025-12:2.65, ex:2026-03-30|pay:2026-06:2.65"
9433,ＫＤＤＩ,3039.0,276,84.0,コミュニケーション・サービス,"ex:2025-09-29|pay:2025-12:40.0, ex:2026-03-30|pay:2026-06:40.0"
9434,ソフトバンク,245.9,358,8.8,コミュニケーション・サービス,"ex:2025-09-29|pay:2025-12:4.3, ex:2026-03-30|pay:2026-06:4.3"
94345,ベルーナ,3809.0,263,100.0,コミュニケーション・サービス,"ex:2025-09-29|pay:2025-12:50.0, ex:2026-03-30|pay:2026-06:50.0"
94346,ベルーナ,7570.0,338,256.0,コミュニケーション・サービス,"ex:2025-09-29|pay:2025-12:128.0, ex:2026-03-30|pay:2026-06:128.0"
9435,光通信,37990.0,211,800.0,資本財,"ex:2025-09-29|pay:2025-12:185.0, ex:2025-12-29|pay:2026-03:190.0, ex:2026-03-30|pay:2026-06:195.0, ex:2026-06-29|pay:2026-09:200.0"
9436,沖縄セルラー電話,4385.0,160,70.0,コミュニケーション・サービス,"ex:2025-09-29|pay:2025-12:32.0, ex:2026-03-30|pay:2026-06:35.0"
9438,エムティーアイ,608.0,329,20.0,ヘルスケア,"ex:2025-09-29|pay:2025-12:10.0, ex:2026-03-30|pay:2026-06:10.0"
9439,エム・エイチ・グループ,218.0,23,0.5,一般消費財,
9441,ベルパーク,3090.0,602,186.0,一般消費財,"ex:2025-12-29|pay:2026-03:65.0, ex:2026-06-29|pay:2026-09:51.0"
9444,トーシンホールディングス,258.0,0,0.0,一般消費財,
9445,フォーバルテレコム,542.0,517,28.0,コミュニケーション・サービス,"ex:2025-09-29|pay:2025-12:10.0, ex:2026-03-30|pay:2026-06:13.0"
9446,サカイホールディングス,697.0,516,36.0,コミュニケーション・サービス,"ex:2025-09-29|pay:2025-12:16.0, ex:2026-03-30|pay:2026-06:17.0"
9449,ＧＭＯインターネットグループ,3992.0,178,71.2,コミュニケーション・サービス,"ex:2025-09-29|pay:2025-12:9.5, ex:2025-12-29|pay:2026-03:8.1, ex:2026-03-30|pay:2026-06:21.2, ex:2026-06-29|pay:2026-09:17.8"
9450,ファイバーゲート,791.0,341,27.0,コミュニケーション・サービス,"ex:2025-12-29|pay:2026-03:13.5, ex:2026-06-29|pay:2026-09:13.5"
9466,アイドママーケティングコミュニケーション,247.0,405,10.0,コミュニケーション・サービス,"ex:2025-09-29|pay:2025-12:5.0, ex:2026-03-30|pay:2026-06:5.0"
9467,アルファポリス,1087.0,248,27.0,コミュニケーション・サービス,ex:2026-03-30|pay:2026-06:24.0
9468,ＫＡＤＯＫＡＷＡ,3665.0,82,30.0,コミュニケーション・サービス,ex:2026-03-30|pay:2026-06:30.0
9470,学研ホールディングス,1087.0,267,29.0,生活必需品,"ex:2025-09-29|pay:2025-12:13.0, ex:2026-03-30|pay:2026-06:14.5"
9474,ゼンリン,932.0,451,42.0,コミュニケーション・サービス,"ex:2025-09-29|pay:2025-12:21.0, ex:2026-03-30|pay:2026-06:21.0"
9475,昭文社ホールディングス,543.0,184,10.0,コミュニケーション・サービス,ex:2026-03-30|pay:2026-06:5.0
9476,中央経済社ホールディングス,1032.0,126,13.0,コミュニケーション・サービス,ex:2025-09-29|pay:2025-12:13.0
9478,ＳＥホールディングス・アンド・インキュベーションズ,509.0,79,4.0,コミュニケーション・サービス,ex:2026-03-30|pay:2026-06:4.0
9501,東京電力ホールディングス,522.1,0,0.0,公益事業,
9502,中部電力,2839.0,247,70.0,公益事業,"ex:2025-09-29|pay:2025-12:35.0, ex:2026-03-30|pay:2026-06:35.0"
9503,関西電力,2760.0,290,80.0,公益事業,"ex:2025-09-29|pay:2025-12:30.0, ex:2026-03-30|pay:2026-06:45.0"
9504,中国電力,1050.5,286,30.0,公益事業,"ex:2025-09-29|pay:2025-12:10.0, ex:2026-03-30|pay:2026-06:17.0"
9505,北陸電力,1133.0,221,25.0,公益事業,"ex:2025-09-29|pay:2025-12:10.0, ex:2026-03-30|pay:2026-06:15.0"
9506,東北電力,1329.5,301,40.0,公益事業,"ex:2025-09-29|pay:2025-12:20.0, ex:2026-03-30|pay:2026-06:20.0"
9507,四国電力,2117.0,260,55.0,公益事業,"ex:2025-09-29|pay:2025-12:25.0, ex:2026-03-30|pay:2026-06:25.0"
9508,九州電力,2061.5,243,50.0,公益事業,"ex:2025-09-29|pay:2025-12:25.0, ex:2026-03-30|pay:2026-06:25.0"
9509,北海道電力,1115.5,296,33.0,公益事業,"ex:2025-09-29|pay:2025-12:15.0, ex:2026-03-30|pay:2026-06:17.0"
9511,沖縄電力,1214.0,412,50.0,公益事業,"ex:2025-09-29|pay:2025-12:15.0, ex:2026-03-30|pay:2026-06:15.0"
9513,電源開発,4109.0,268,110.0,公益事業,"ex:2025-09-29|pay:2025-12:50.0, ex:2026-03-30|pay:2026-06:50.0"
9514,エフオン,347.0,231,8.0,公益事業,ex:2026-06-29|pay:2026-09:8.0
9517,イーレックス,837.0,263,22.0,公益事業,ex:2026-03-30|pay:2026-06:22.0
9519,レノバ,852.0,0,0.0,公益事業,
9531,東京瓦斯,6226.0,193,120.0,公益事業,"ex:2025-09-29|pay:2025-12:50.0, ex:2026-03-30|pay:2026-06:60.0"
9532,大阪瓦斯,5863.0,222,130.0,公益事業,"ex:2025-09-29|pay:2025-12:60.0, ex:2026-03-30|pay:2026-06:60.0"
9533,東邦瓦斯,1263.0,178,22.5,公益事業,"ex:2025-09-29|pay:2025-12:11.25, ex:2026-03-30|pay:2026-06:11.25"
9534,北海道瓦斯,932.0,290,27.0,公益事業,"ex:2025-09-29|pay:2025-12:11.5, ex:2026-03-30|pay:2026-06:13.0"
9535,広島ガス,444.0,270,12.0,エネルギー,"ex:2025-09-29|pay:2025-12:6.0, ex:2026-03-30|pay:2026-06:6.0"
9536,西部ガスホールディングス,2664.0,263,70.0,公益事業,"ex:2025-09-29|pay:2025-12:35.0, ex:2026-03-30|pay:2026-06:35.0"
9537,北陸瓦斯,4305.0,186,80.0,公益事業,ex:2026-03-30|pay:2026-06:80.0
9539,京葉瓦斯,1364.0,191,26.0,公益事業,"ex:2025-12-29|pay:2026-03:13.0, ex:2026-06-29|pay:2026-09:13.0"
9543,静岡ガス,1370.0,336,46.0,公益事業,"ex:2025-12-29|pay:2026-03:22.5, ex:2026-06-29|pay:2026-09:22.0"
9551,メタウォーター,3135.0,255,80.0,資本財,"ex:2025-09-29|pay:2025-12:35.0, ex:2026-03-30|pay:2026-06:35.0"
9552,クオンツ総研ホールディングス,1025.0,49,5.0,金融,ex:2025-09-29|pay:2025-12:5.0
9553,マイクロアド,652.0,0,0.0,情報技術,
9554,ＡＶｉＣ,1800.0,0,0.0,コミュニケーション・サービス,
9556,ＩＮＴＬＯＯＰ,2357.0,0,0.0,資本財,
9557,エアークローゼット,250.0,0,0.0,一般消費財,
9558,ジャパニアス,1967.0,519,102.0,情報技術,"ex:2025-11-27|pay:2026-02:50.0, ex:2026-05-28|pay:2026-08:50.0"
9560,プログリット,898.0,245,22.0,生活必需品,"ex:2026-02-26|pay:2026-05:11.0, ex:2026-08-28|pay:2026-11:11.0"
9561,グラッドキューブ,436.0,0,0.0,情報技術,
9562,ビジネスコーチ,711.0,239,17.0,生活必需品,ex:2025-09-29|pay:2025-12:16.6667
9563,Ａｔｌａｓ　Ｔｅｃｈｎｏｌｏｇｉｅｓ,345.0,406,14.0,情報技術,
9564,ＦＣＥ,558.0,179,10.0,資本財,ex:2025-09-29|pay:2025-12:7.5
9565,ＧＬＯＥ,650.0,0,0.0,コミュニケーション・サービス,
9601,松竹,10880.0,28,30.0,コミュニケーション・サービス,ex:2026-02-26|pay:2026-05:40.0
9602,東宝,1580.0,139,22.0,コミュニケーション・サービス,"ex:2026-02-26|pay:2026-05:13.5, ex:2026-08-28|pay:2026-11:11.0"
9603,エイチ・アイ・エス,1121.0,223,25.0,一般消費財,ex:2025-10-30|pay:2026-01:10.0
9605,東映,6000.0,20,12.0,コミュニケーション・サービス,"ex:2025-09-29|pay:2025-12:6.0, ex:2026-03-30|pay:2026-06:30.0"
9610,ウィルソン・ラーニング　ワールドワイド,109.0,0,0.0,資本財,
9612,ラックランド,1257.0,318,40.0,資本財,"ex:2025-12-29|pay:2026-03:20.0, ex:2026-06-29|pay:2026-09:20.0"
9616,共立メンテナンス,3258.0,141,46.0,一般消費財,"ex:2025-09-29|pay:2025-12:23.0, ex:2026-03-30|pay:2026-06:23.0"
9619,イチネンホールディングス,2762.0,326,90.0,資本財,"ex:2025-09-29|pay:2025-12:38.0, ex:2026-03-30|pay:2026-06:42.0"
9621,建設技術研究所,3295.0,668,220.0,資本財,ex:2025-12-29|pay:2026-03:75.0
9622,スペース,1452.0,496,72.0,資本財,"ex:2025-12-29|pay:2026-03:51.0, ex:2026-06-29|pay:2026-09:36.0"
9625,セレスポ,928.0,539,50.0,コミュニケーション・サービス,ex:2026-03-30|pay:2026-06:40.0
9627,アインホールディングス,5463.0,183,100.0,ヘルスケア,ex:2026-04-28|pay:2026-07:80.0
9628,燦ホールディングス,1365.0,418,57.0,一般消費財,"ex:2025-12-29|pay:2026-03:28.5, ex:2026-08-28|pay:2026-11:28.5"
9629,ピー・シー・エー,1594.0,251,40.0,情報技術,ex:2026-03-30|pay:2026-06:95.0
9632,スバル興業,3505.0,228,80.0,資本財,"ex:2026-01-29|pay:2026-04:40.0, ex:2026-07-30|pay:2026-10:40.0"
9633,東京テアトル,1915.0,104,20.0,資本財,ex:2026-03-30|pay:2026-06:20.0
9635,武蔵野興業,2565.0,0,0.0,不動産,
9636,きんえい,4205.0,24,10.0,コミュニケーション・サービス,ex:2026-01-29|pay:2026-04:10.0
9639,三協フロンテア,2403.0,416,100.0,不動産,"ex:2025-09-29|pay:2025-12:40.0, ex:2026-03-30|pay:2026-06:45.0"
9640,セゾンテクノロジー,1947.0,462,90.0,情報技術,"ex:2025-09-29|pay:2025-12:45.0, ex:2026-03-30|pay:2026-06:45.0"
9644,タナベコンサルティンググループ,759.0,422,32.0,資本財,"ex:2025-09-29|pay:2025-12:12.0, ex:2026-03-30|pay:2026-06:15.0"
9647,協和コンサルタンツ,6740.0,45,30.0,資本財,ex:2025-11-27|pay:2026-02:30.0
9651,日本プロセス,1965.0,427,84.0,情報技術,"ex:2025-11-27|pay:2026-02:33.0, ex:2026-05-28|pay:2026-08:43.0"
9656,グリーンランドリゾート,600.0,250,15.0,一般消費財,"ex:2025-12-29|pay:2026-03:10.0, ex:2026-06-29|pay:2026-09:5.0"
9658,ビジネスブレイン太田昭和,1144.0,411,47.0,情報技術,"ex:2025-09-29|pay:2025-12:22.1667, ex:2026-03-30|pay:2026-06:22.8333"
9661,歌舞伎座,4170.0,12,5.0,不動産,ex:2026-02-26|pay:2026-05:5.0
9663,ナガワ,4900.0,122,60.0,資本財,ex:2026-03-30|pay:2026-06:100.0
9672,東京都競馬,4900.0,298,146.0,一般消費財,"ex:2025-12-29|pay:2026-03:73.0, ex:2026-06-29|pay:2026-09:60.0"
9678,カナモト,5500.0,200,110.0,資本財,"ex:2025-10-30|pay:2026-01:50.0, ex:2026-04-28|pay:2026-07:55.0"
9679,ホウライ,2290.0,105,24.0,金融,ex:2025-09-29|pay:2025-12:24.0
9682,ＤＴＳ,1152.0,330,38.0,情報技術,"ex:2025-09-29|pay:2025-12:15.0, ex:2026-03-30|pay:2026-06:22.0"
9684,スクウェア・エニックス・ホールディングス,2958.0,145,43.0,コミュニケーション・サービス,"ex:2025-09-29|pay:2025-12:18.0, ex:2026-03-30|pay:2026-06:25.0"
9685,ＫＹＣＯＭホールディングス,567.0,176,10.0,情報技術,ex:2026-03-30|pay:2026-06:10.0
9686,東洋テック,1734.0,415,72.0,資本財,"ex:2025-09-29|pay:2025-12:32.0, ex:2026-03-30|pay:2026-06:39.0"
9687,ＫＳＫ,4625.0,411,190.0,情報技術,ex:2026-03-30|pay:2026-06:181.0
9691,両毛システムズ,5160.0,85,44.0,情報技術,"ex:2025-09-29|pay:2025-12:22.0, ex:2026-03-30|pay:2026-06:22.0"
9692,シーイーシー,2231.0,381,85.0,情報技術,"ex:2026-01-29|pay:2026-04:40.0, ex:2026-07-30|pay:2026-10:40.0"
9697,カプコン,4415.0,104,46.0,コミュニケーション・サービス,"ex:2025-09-29|pay:2025-12:20.0, ex:2026-03-30|pay:2026-06:25.0"
9698,クレオ,1276.0,439,56.0,情報技術,ex:2026-03-30|pay:2026-06:55.0
9699,ニシオホールディングス,4685.0,282,132.0,資本財,ex:2025-09-29|pay:2025-12:131.0
9701,東京會舘,4465.0,112,50.0,一般消費財,ex:2026-03-30|pay:2026-06:45.0
9702,アイ・エス・ビー,2447.0,286,70.0,情報技術,ex:2025-12-29|pay:2026-03:55.0
9704,アゴーラ　ホスピタリティー　グループ,27.0,0,0.0,一般消費財,
9706,日本空港ビルデング,5545.0,171,95.0,資本財,"ex:2025-09-29|pay:2025-12:45.0, ex:2026-03-30|pay:2026-06:50.0"
9708,帝国ホテル,955.0,84,8.0,一般消費財,"ex:2025-09-29|pay:2025-12:2.0, ex:2026-03-30|pay:2026-06:5.0"
9709,ＮＣＳ＆Ａ,1274.0,455,58.0,情報技術,"ex:2025-09-29|pay:2025-12:25.0, ex:2026-03-30|pay:2026-06:33.0"
9713,ロイヤルホテル,927.0,65,6.0,一般消費財,ex:2026-03-30|pay:2026-06:6.0
9715,トランス・コスモス,3580.0,405,145.0,情報技術,ex:2026-03-30|pay:2026-06:140.0
9716,乃村工藝社,1237.0,356,44.0,資本財,"ex:2026-02-26|pay:2026-05:42.0, ex:2026-08-28|pay:2026-11:22.0"
9719,ＳＣＳＫ,0.0,0,0.0,情報技術,
9720,ホテル、ニューグランド,6300.0,40,25.0,一般消費財,ex:2025-11-27|pay:2026-02:25.0
9722,藤田観光,2734.0,73,20.0,一般消費財,ex:2025-12-29|pay:2026-03:14.0
9723,京都ホテル,633.0,47,3.0,一般消費財,ex:2026-03-30|pay:2026-06:5.0
9726,ＫＮＴ－ＣＴホールディングス,2020.0,50,10.0,一般消費財,ex:2026-03-30|pay:2026-06:10.0
9729,トーカイ,2575.0,311,80.0,資本財,"ex:2025-09-29|pay:2025-12:34.0, ex:2026-03-30|pay:2026-06:34.0"
9731,白洋舎,3400.0,294,100.0,一般消費財,"ex:2025-12-29|pay:2026-03:50.0, ex:2026-06-29|pay:2026-09:50.0"
9733,ナガセ,2323.0,517,120.0,生活必需品,ex:2026-03-30|pay:2026-06:150.0
9735,セコム,6392.0,188,120.0,資本財,"ex:2025-09-29|pay:2025-12:50.0, ex:2026-03-30|pay:2026-06:50.0"
9739,ＮＳＷ,2691.0,465,125.0,情報技術,"ex:2025-09-29|pay:2025-12:40.0, ex:2026-03-30|pay:2026-06:85.0"
9740,セントラル警備保障,2684.0,306,82.0,資本財,"ex:2026-02-26|pay:2026-05:30.0, ex:2026-08-28|pay:2026-11:40.0"
9742,アイネス,2297.0,218,50.0,情報技術,"ex:2025-09-29|pay:2025-12:25.0, ex:2026-03-30|pay:2026-06:25.0"
9743,丹青社,1445.0,498,72.0,資本財,"ex:2026-01-29|pay:2026-04:37.0, ex:2026-07-30|pay:2026-10:36.0"
9744,メイテックグループホールディングス,3503.0,517,181.0,資本財,"ex:2025-09-29|pay:2025-12:90.0, ex:2026-03-30|pay:2026-06:106.0"
9746,ＴＫＣ,4120.0,267,110.0,情報技術,"ex:2025-09-29|pay:2025-12:60.0, ex:2026-03-30|pay:2026-06:55.0"
9753,アイエックス・ナレッジ,1435.0,348,50.0,情報技術,ex:2026-03-30|pay:2026-06:50.0
9755,応用地質,2863.0,384,110.0,資本財,"ex:2025-12-29|pay:2026-03:67.0, ex:2026-06-29|pay:2026-09:55.0"
9757,船井総研ホールディングス,1191.0,403,48.0,資本財,"ex:2025-12-29|pay:2026-03:21.5, ex:2026-06-29|pay:2026-09:24.0"
9759,ＮＳＤ,2936.5,330,97.0,情報技術,ex:2026-03-30|pay:2026-06:96.0
9760,進学会ホールディングス,116.0,216,2.5,資本財,
9761,東海リース,2491.0,482,120.0,不動産,"ex:2025-09-29|pay:2025-12:60.0, ex:2026-03-30|pay:2026-06:60.0"
9763,丸建リース,1289.0,419,54.0,資本財,"ex:2025-09-29|pay:2025-12:24.3333, ex:2026-03-30|pay:2026-06:28.9997"
9765,オオバ,1207.0,365,44.0,資本財,"ex:2025-11-27|pay:2026-02:21.0, ex:2026-05-28|pay:2026-08:23.0"
9766,コナミグループ,21270.0,105,224.0,コミュニケーション・サービス,"ex:2025-09-29|pay:2025-12:83.0, ex:2026-03-30|pay:2026-06:138.5"
9767,日建工学,1787.0,168,30.0,資本財,ex:2026-03-30|pay:2026-06:30.0
9768,いであ,3740.0,316,118.0,資本財,ex:2025-12-29|pay:2026-03:118.0
9769,学究社,2619.0,496,130.0,生活必需品,"ex:2025-09-29|pay:2025-12:50.0, ex:2026-03-30|pay:2026-06:53.0"
9778,昴,5570.0,215,120.0,生活必需品,ex:2026-02-26|pay:2026-05:120.0
9780,ハリマビステム,1152.0,312,36.0,資本財,"ex:2025-09-29|pay:2025-12:15.0, ex:2026-03-30|pay:2026-06:17.0"
9782,ディーエムエス,3465.0,670,232.0,コミュニケーション・サービス,"ex:2025-09-29|pay:2025-12:110.0, ex:2026-03-30|pay:2026-06:124.0"
9788,ナック,520.0,654,34.0,資本財,"ex:2025-09-29|pay:2025-12:5.0, ex:2026-03-30|pay:2026-06:17.0"
9790,福井コンピュータホールディングス,3060.0,252,77.0,情報技術,ex:2026-03-30|pay:2026-06:73.0
9791,ビケンテクノ,1184.0,304,36.0,資本財,"ex:2025-09-29|pay:2025-12:18.0, ex:2026-03-30|pay:2026-06:18.0"
9793,ダイセキ,3675.0,234,86.0,資本財,"ex:2026-02-26|pay:2026-05:40.0, ex:2026-08-28|pay:2026-11:43.0"
9795,ステップ,2283.0,385,88.0,生活必需品,"ex:2025-09-29|pay:2025-12:45.0, ex:2026-03-30|pay:2026-06:44.0"
9799,旭情報サービス,964.0,353,34.0,情報技術,"ex:2025-09-29|pay:2025-12:16.0, ex:2026-03-30|pay:2026-06:18.0"
9812,テーオーホールディングス,234.0,21,0.5,素材,
9816,ストライダーズ,255.0,196,5.0,不動産,ex:2026-03-30|pay:2026-06:5.0
9818,大丸エナウィン,1576.0,190,30.0,公益事業,"ex:2025-09-29|pay:2025-12:14.0, ex:2026-03-30|pay:2026-06:15.0"
9820,エムティジェネックス,3775.0,106,40.0,資本財,ex:2026-03-30|pay:2026-06:40.0
9823,マミーマートホールディングス,1015.0,221,22.4,生活必需品,"ex:2025-09-29|pay:2025-12:12.6, ex:2026-03-30|pay:2026-06:10.0"
9824,泉州電業,7930.0,227,180.0,情報技術,"ex:2025-10-30|pay:2026-01:75.0, ex:2026-04-28|pay:2026-07:80.0"
9827,リリカラ,631.0,571,36.0,一般消費財,ex:2025-12-29|pay:2026-03:36.0
9828,Ｇｅｎｋｉ　Ｇｌｏｂａｌ　Ｄｉｎｉｎｇ　Ｃｏｎｃｅｐｔｓ,3350.0,209,70.0,一般消費財,"ex:2025-09-29|pay:2025-12:35.0, ex:2026-03-30|pay:2026-06:35.0"
9830,トラスコ中山,2448.0,249,61.0,資本財,"ex:2025-12-29|pay:2026-03:29.5, ex:2026-06-29|pay:2026-09:32.5"
9831,ヤマダホールディングス,719.5,236,17.0,一般消費財,ex:2026-03-30|pay:2026-06:17.0
9832,オートバックスセブン,1620.0,370,60.0,一般消費財,"ex:2025-09-29|pay:2025-12:30.0, ex:2026-03-30|pay:2026-06:30.0"
9835,ジュンテンドー,513.0,195,10.0,一般消費財,ex:2026-02-26|pay:2026-05:10.0
9837,モリト,1836.0,392,72.0,一般消費財,"ex:2025-11-27|pay:2026-02:37.0, ex:2026-05-28|pay:2026-08:36.0"
9842,アークランズ,1896.0,211,40.0,一般消費財,"ex:2026-02-26|pay:2026-05:20.0, ex:2026-08-28|pay:2026-11:20.0"
9843,ニトリホールディングス,3075.0,104,32.0,一般消費財,"ex:2025-09-29|pay:2025-12:15.4, ex:2026-03-30|pay:2026-06:15.4"
9845,パーカーコーポレーション,1363.0,389,53.0,資本財,"ex:2025-09-29|pay:2025-12:16.5, ex:2026-03-30|pay:2026-06:36.5"
9846,天満屋ストア,984.0,203,20.0,生活必需品,"ex:2026-02-26|pay:2026-05:8.5, ex:2026-08-28|pay:2026-11:10.0"
9849,共同紙販ホールディングス,4540.0,110,50.0,資本財,ex:2026-03-30|pay:2026-06:50.0
9850,グルメ杵屋,988.0,71,7.0,一般消費財,ex:2026-03-30|pay:2026-06:7.0
9853,銀座ルノアール,909.0,55,5.0,一般消費財,ex:2026-03-30|pay:2026-06:5.0
9854,愛眼,273.0,0,0.0,一般消費財,
9856,ケーユーホールディングス,1240.0,468,58.0,一般消費財,"ex:2025-09-29|pay:2025-12:20.0, ex:2026-03-30|pay:2026-06:38.0"
9857,英和,2648.0,363,96.0,資本財,"ex:2025-09-29|pay:2025-12:40.0, ex:2026-03-30|pay:2026-06:56.0"
9861,吉野家ホールディングス,3585.0,61,22.0,一般消費財,"ex:2026-02-26|pay:2026-05:11.0, ex:2026-08-28|pay:2026-11:11.0"
9867,ソレキア,10550.0,66,70.0,情報技術,ex:2026-03-30|pay:2026-06:70.0
9869,加藤産業,6850.0,234,160.0,生活必需品,"ex:2025-09-29|pay:2025-12:70.0, ex:2026-03-30|pay:2026-06:80.0"
9872,北恵,960.0,292,28.0,資本財,ex:2025-11-19|pay:2026-02:28.0
9876,コックス,221.0,0,0.0,一般消費財,
9878,セキド,387.0,0,0.0,一般消費財,
9880,イノテック,3565.0,224,80.0,情報技術,"ex:2025-09-29|pay:2025-12:35.0, ex:2026-03-30|pay:2026-06:90.0"
9882,イエローハット,1745.0,390,68.0,一般消費財,"ex:2025-09-29|pay:2025-12:29.0, ex:2026-03-30|pay:2026-06:33.0"
9885,シャルレ,333.0,240,8.0,一般消費財,ex:2026-03-30|pay:2026-06:8.0
9887,松屋フーズホールディングス,5130.0,47,24.0,一般消費財,"ex:2025-09-29|pay:2025-12:12.0, ex:2026-03-30|pay:2026-06:12.0"
9888,ＵＥＸ,1277.0,290,37.0,素材,"ex:2025-09-29|pay:2025-12:15.0, ex:2026-03-30|pay:2026-06:7.0"
9889,ＪＢＣＣホールディングス,1690.0,355,60.0,情報技術,"ex:2025-09-29|pay:2025-12:17.0, ex:2026-03-30|pay:2026-06:25.0"
9890,マキヤ,1481.0,257,38.0,生活必需品,"ex:2025-09-29|pay:2025-12:15.0, ex:2026-03-30|pay:2026-06:15.0"
9895,コンセック,1291.0,209,27.0,資本財,ex:2026-03-30|pay:2026-06:27.0
9896,ＪＫホールディングス,1433.0,419,60.0,資本財,"ex:2025-09-29|pay:2025-12:25.0, ex:2026-03-30|pay:2026-06:30.0"
9900,サガミホールディングス,1108.0,54,6.0,一般消費財,ex:2026-03-30|pay:2026-06:3.0
9902,日伝,3265.0,368,120.0,資本財,"ex:2025-09-29|pay:2025-12:35.0, ex:2026-03-30|pay:2026-06:35.0"
9903,カンセキ,905.0,221,20.0,一般消費財,ex:2026-02-26|pay:2026-05:20.0
9904,ベリテ,243.0,247,6.0,一般消費財,"ex:2025-12-29|pay:2026-03:10.49, ex:2026-06-29|pay:2026-09:3.0"
9906,藤井産業,4265.0,469,200.0,資本財,"ex:2025-09-29|pay:2025-12:50.0, ex:2026-03-30|pay:2026-06:110.0"
9908,日本電計,2959.0,372,110.0,資本財,"ex:2025-09-29|pay:2025-12:43.0, ex:2026-03-30|pay:2026-06:54.0"
9913,日邦産業,3685.0,214,79.0,情報技術,ex:2026-03-30|pay:2026-06:154.0
9914,植松商会,736.0,442,32.5,資本財,
9927,ワットマン,963.0,208,20.0,一般消費財,
9928,ミロク情報サービス,2086.0,312,65.0,情報技術,ex:2026-03-30|pay:2026-06:60.0
9929,平和紙業,472.0,254,12.0,素材,"ex:2025-09-29|pay:2025-12:6.0, ex:2026-03-30|pay:2026-06:6.0"
9930,北沢産業,392.0,255,10.0,資本財,ex:2026-03-30|pay:2026-06:10.0
9932,杉本商事,1334.0,405,54.0,資本財,"ex:2025-09-29|pay:2025-12:27.0, ex:2026-03-30|pay:2026-06:27.0"
9934,因幡電機産業,3138.0,271,85.0,資本財,"ex:2025-09-29|pay:2025-12:35.0, ex:2026-03-30|pay:2026-06:50.0"
9936,王将フードサービス,2926.0,191,56.0,一般消費財,"ex:2025-09-29|pay:2025-12:28.0, ex:2026-03-30|pay:2026-06:28.0"
9941,太洋物産,1079.0,0,0.0,生活必需品,
9946,ミニストップ,1787.0,112,20.0,生活必需品,"ex:2026-02-26|pay:2026-05:10.0, ex:2026-08-28|pay:2026-11:10.0"
9948,アークス,3735.0,220,82.0,一般消費財,"ex:2026-02-26|pay:2026-05:45.0, ex:2026-08-28|pay:2026-11:41.0"
9950,ハチバン,3345.0,60,20.0,一般消費財,"ex:2026-03-18|pay:2026-06:10.0, ex:2026-09-17|pay:2026-12:10.0"
9955,ヨンキュウ,2817.0,60,17.0,生活必需品,ex:2026-03-30|pay:2026-06:25.0
9956,バローホールディングス,3370.0,119,40.0,一般消費財,"ex:2025-09-29|pay:2025-12:35.0, ex:2026-03-30|pay:2026-06:39.0"
9959,アシードホールディングス,942.0,255,24.0,生活必需品,"ex:2025-09-29|pay:2025-12:10.0, ex:2026-03-30|pay:2026-06:12.0"
9960,東テク,4400.0,391,172.0,情報技術,"ex:2025-09-29|pay:2025-12:35.0, ex:2026-03-30|pay:2026-06:93.0"
9962,ミスミグループ本社,3919.0,146,57.06,資本財,"ex:2025-09-29|pay:2025-12:18.02, ex:2026-03-30|pay:2026-06:34.96"
9969,ショクブン,238.0,105,2.5,一般消費財,ex:2026-03-30|pay:2026-06:2.5
9972,アルテック,277.0,253,7.0,資本財,ex:2025-11-27|pay:2026-02:7.0
9973,ＫＯＺＯホールディングス,19.0,0,0.0,一般消費財,
9974,ベルク,6840.0,193,132.0,生活必需品,"ex:2026-02-26|pay:2026-05:62.0, ex:2026-08-28|pay:2026-11:66.0"
9976,セキチュー,1200.0,250,30.0,一般消費財,ex:2026-02-19|pay:2026-05:30.0
9978,文教堂グループホールディングス,44.0,0,0.0,一般消費財,
9979,大庄,1027.0,136,14.0,一般消費財,"ex:2026-02-26|pay:2026-05:6.0, ex:2026-08-28|pay:2026-11:8.0"
9980,ＭＲＫホールディングス,94.0,106,1.0,一般消費財,ex:2026-03-30|pay:2026-06:1.0
9982,タキヒヨー,2650.0,189,50.0,一般消費財,"ex:2026-02-26|pay:2026-05:25.0, ex:2026-08-28|pay:2026-11:25.0"
9983,ファーストリテイリング,68620.0,93,640.0,一般消費財,"ex:2026-02-26|pay:2026-05:320.0, ex:2026-08-28|pay:2026-11:320.0"
9984,ソフトバンクグループ,6150.0,18,11.0,コミュニケーション・サービス,"ex:2025-09-29|pay:2025-12:5.5, ex:2026-03-30|pay:2026-06:5.5"
9986,蔵王産業,2505.0,399,100.0,資本財,"ex:2025-09-29|pay:2025-12:50.0, ex:2026-03-30|pay:2026-06:55.0"
9987,スズケン,5386.0,111,60.0,ヘルスケア,"ex:2025-09-29|pay:2025-12:50.0, ex:2026-03-30|pay:2026-06:50.0"
9989,サンドラッグ,3668.0,360,132.0,ヘルスケア,"ex:2025-09-29|pay:2025-12:65.0, ex:2026-03-30|pay:2026-06:66.0"
9990,サックスバー　ホールディングス,767.0,456,35.0,一般消費財,ex:2026-03-30|pay:2026-06:35.0
9991,ジェコス,1830.0,377,69.0,資本財,"ex:2025-09-29|pay:2025-12:25.0, ex:2026-03-30|pay:2026-06:44.0"
9993,ヤマザワ,1160.0,233,27.0,生活必需品,"ex:2026-02-26|pay:2026-05:13.5, ex:2026-08-28|pay:2026-11:13.5"
9994,やまや,2031.0,355,72.0,生活必需品,"ex:2025-09-29|pay:2025-12:37.0, ex:2026-03-30|pay:2026-06:38.0"
9996,サトー商会,2022.0,237,48.0,生活必需品,"ex:2025-09-29|pay:2025-12:23.0, ex:2026-03-30|pay:2026-06:23.0"
9997,ベルーナ,1103.0,354,39.0,一般消費財,"ex:2025-09-29|pay:2025-12:15.0, ex:2026-03-30|pay:2026-06:23.0"
